[Licensing::Module] Trying to connect to existing licensing client channel...
[Licensing::IpcConnector] Successfully connected to: "LicenseClient-zieli" at "2026-04-21T22:49:16.0480569Z"
Built from '6000.3/staging' branch; Version is '6000.3.13f1 (8c4f11e4fb20) revision 9195281'; Using compiler version '194234433'; Build Type 'Release'
OS: 'Windows 11  (10.0.26200) Core' Language: 'en' Physical Memory: 32347 MB
BatchMode: 1, IsHumanControllingUs: 0, StartBugReporterOnCrash: 0, Is64bit: 1
System  architecture: x64
Process architecture: x64
Date: 2026-04-21T22:49:16Z

COMMAND LINE ARGUMENTS:
C:\Program Files\Unity\Hub\Editor\6000.3.13f1\Editor\Unity.exe
-adb2
-batchMode
-noUpm
-name
AssetImportWorker31
-projectPath
C:/Game Development/DisasterDiner
-logFile
Logs/AssetImportWorker31.log
-srvPort
60058
-licensingIpc
LicenseClient-zieli
-job-worker-count
7
-background-job-worker-count
8
-gc-helper-count
1
-name
AssetImport
Successfully changed project path to: C:/Game Development/DisasterDiner
C:/Game Development/DisasterDiner
[UnityMemory] Configuration Parameters - Can be set up in boot.config
    "memorysetup-temp-allocator-size-nav-mesh-worker=65536"
    "memorysetup-temp-allocator-size-audio-worker=65536"
    "memorysetup-temp-allocator-size-gfx=262144"
    "memorysetup-allocator-temp-initial-block-size-main=262144"
    "memorysetup-allocator-temp-initial-block-size-worker=262144"
    "memorysetup-temp-allocator-size-background-worker=32768"
    "memorysetup-temp-allocator-size-job-worker=262144"
    "memorysetup-temp-allocator-size-preload-manager=33554432"
    "memorysetup-temp-allocator-size-gi-baking-worker=262144"
    "memorysetup-temp-allocator-size-gi-baking-worker=262144"
    "memorysetup-temp-allocator-size-gi-baking-worker=262144"
    "memorysetup-temp-allocator-size-gi-baking-worker=262144"
    "memorysetup-temp-allocator-size-gi-baking-worker=262144"
    "memorysetup-bucket-allocator-granularity=16"
    "memorysetup-bucket-allocator-bucket-count=8"
    "memorysetup-bucket-allocator-block-size=33554432"
    "memorysetup-bucket-allocator-block-count=8"
    "memorysetup-main-allocator-block-size=16777216"
    "memorysetup-thread-allocator-block-size=16777216"
    "memorysetup-gfx-main-allocator-block-size=16777216"
    "memorysetup-gfx-thread-allocator-block-size=16777216"
    "memorysetup-cache-allocator-block-size=4194304"
    "memorysetup-typetree-allocator-block-size=2097152"
    "memorysetup-profiler-bucket-allocator-granularity=16"
    "memorysetup-profiler-bucket-allocator-bucket-count=8"
    "memorysetup-profiler-bucket-allocator-block-size=33554432"
    "memorysetup-profiler-bucket-allocator-block-count=8"
    "memorysetup-profiler-allocator-block-size=16777216"
    "memorysetup-profiler-editor-allocator-block-size=1048576"
    "memorysetup-temp-allocator-size-main=16777216"
    "memorysetup-job-temp-allocator-block-size=2097152"
    "memorysetup-job-temp-allocator-block-size-background=1048576"
    "memorysetup-job-temp-allocator-reduction-small-platforms=262144"
    "memorysetup-temp-allocator-size-cloud-worker=32768"
Player connection [35504]  Target information:

Player connection [35504]  * "[IP] 192.168.86.22 [Port] 0 [Flags] 2 [Guid] 4066451646 [EditorId] 4066451646 [Version] 1048832 [Id] WindowsEditor(7,Johns_PC) [Debug] 1 [PackageName] WindowsEditor [ProjectName] Editor" 

Player connection [35504] Host joined multi-casting on [225.0.0.222:54997]...
Player connection [35504] Host joined alternative multi-casting on [225.0.0.222:34997]...
JobSystem: Creating JobQueue using job-worker-count value 7
Input System module state changed to: Initialized.
[Physics::Module] Initialized fallback backend.
[Physics::Module] Id: 0xdecafbad
Library Redirect Path: Library/
[Physics::Module] Selected backend.
[Physics::Module] Name: PhysX
[Physics::Module] Id: 0xf2b8ea05
[Physics::Module] SDK Version: 4.1.2
[Physics::Module] Integration Version: 1.0.0
[Physics::Module] Threading Mode: Multi-Threaded
Refreshing native plugins compatible for Editor in 3.23 ms, found 4 plugins.
Preloading 0 native plugins for Editor in 0.00 ms.
Initialize engine version: 6000.3.13f1 (8c4f11e4fb20)
[Subsystems] Discovering subsystems at path C:/Program Files/Unity/Hub/Editor/6000.3.13f1/Editor/Data/Resources/UnitySubsystems
[Subsystems] Discovering subsystems at path C:/Game Development/DisasterDiner/Assets
GfxDevice: creating device client; kGfxThreadingModeNonThreaded
Direct3D:
    Version:  Direct3D 11.0 [level 11.1]
    Renderer: NVIDIA GeForce RTX 4070 SUPER (ID=0x2783)
    Vendor:   NVIDIA
    VRAM:     11999 MB
    Driver:   32.0.15.8157
Initialize mono
Mono path[0] = 'C:/Program Files/Unity/Hub/Editor/6000.3.13f1/Editor/Data/Managed'
Mono path[1] = 'C:/Program Files/Unity/Hub/Editor/6000.3.13f1/Editor/Data/MonoBleedingEdge/lib/mono/unityjit-win32'
Mono config path = 'C:/Program Files/Unity/Hub/Editor/6000.3.13f1/Editor/Data/MonoBleedingEdge/etc'
Using monoOptions --debugger-agent=transport=dt_socket,embedding=1,server=y,suspend=n,address=127.0.0.1:56820
Begin MonoManager ReloadAssembly
Registering precompiled unity dll's ...
Register platform support module: C:/Program Files/Unity/Hub/Editor/6000.3.13f1/Editor/Data/PlaybackEngines/WindowsStandaloneSupport/UnityEditor.WindowsStandalone.Extensions.dll
Registered in 0.001520 seconds.
- Loaded All Assemblies, in  0.336 seconds
[Licensing::Client] Error: HandshakeResponse reported an error:
	ResponseCode: 505
	ResponseStatus: Unsupported protocol version '1.18.1'.
[Licensing::Module] Error: Failed to handshake to channel: "LicenseClient-zieli"
[Licensing::IpcConnector] LicenseClient-zieli channel disconnected successfully.
[Licensing::IpcConnector] Successfully connected to: "LicenseClient-zieli-6000.3.13" at "2026-04-21T22:49:17.0105932Z"
Native extension for WindowsStandalone target not found
Package Manager log level set to [2]
[Package Manager] Failed to launch server process. Reason: Unity was launched with the -noUpm command-line argument
[Package Manager] Unable to send message (not connected to server process).
[Package Manager] Cannot connect to Unity Package Manager local server
ScheduleIndexationOnStartup MainProcess:False IndexOnStartup:True
Mono: successfully reloaded assembly
- Finished resetting the current domain, in  0.328 seconds
Domain Reload Profiling: 662ms
	BeginReloadAssembly (113ms)
		ExecutionOrderSort (0ms)
		DisableScriptedObjects (0ms)
		BackupInstance (0ms)
		ReleaseScriptingObjects (0ms)
		CreateAndSetChildDomain (1ms)
	RebuildCommonClasses (29ms)
	RebuildNativeTypeToScriptingClass (10ms)
	initialDomainReloadingComplete (40ms)
	LoadAllAssembliesAndSetupDomain (142ms)
		LoadAssemblies (109ms)
		RebuildTransferFunctionScriptingTraits (0ms)
		AnalyzeDomain (139ms)
			TypeCache.Refresh (138ms)
				TypeCache.ScanAssembly (126ms)
			BuildScriptInfoCaches (0ms)
			ResolveRequiredComponents (0ms)
	FinalizeReload (329ms)
		ReleaseScriptCaches (0ms)
		RebuildScriptCaches (0ms)
		SetupLoadedEditorAssemblies (285ms)
			LogAssemblyErrors (0ms)
			InitializePlatformSupportModulesInManaged (42ms)
			SetLoadedEditorAssemblies (3ms)
			BeforeProcessingInitializeOnLoad (65ms)
			ProcessInitializeOnLoadAttributes (110ms)
			ProcessInitializeOnLoadMethodAttributes (65ms)
			AfterProcessingInitializeOnLoad (0ms)
			EditorAssembliesLoaded (0ms)
		ExecutionOrderSort2 (0ms)
		AwakeInstancesAfterBackupRestoration (0ms)
========================================================================
Worker process is ready to serve import requests
Import Worker Mode flag is 0x00
Begin MonoManager ReloadAssembly
[Licensing::Module] Licensing is not yet initialized.
[Licensing::Client] Handshaking with LicensingClient:
  Version:                 1.18.1+9fbee8e
  Session Id:              8a5c4dd25a004f5abfb2ee49b13ee452
  Correlation Id:          2b999b7551c4f1abd27547e4a7907d59
  External correlation Id: 8271470364611857191
  Machine Id:              a0OP954qVZmt5azPS5PrvPW5hTY=
[Licensing::Module] Successfully connected to LicensingClient on channel: "LicenseClient-zieli-6000.3.13" (connect: 0.00s, validation: 0.00s, handshake: 0.81s)
[Licensing::IpcConnector] Successfully connected to: "LicenseClient-zieli-6000.3.13-notifications" at "2026-04-21T22:49:17.8184041Z"
[Licensing::Module] Licensing Background thread has ended after 1.77s
[Licensing::Module] Licensing is initialized (took 0.30s).
[Licensing::Client] Successfully resolved entitlement details
[Licensing::Module] License group:
  Id: 2475483376267-UnityPersXXXX
  Product: Unity Personal
  Type: Assigned
  Expiration: Unlimited
- Loaded All Assemblies, in  0.912 seconds
Refreshing native plugins compatible for Editor in 1.74 ms, found 4 plugins.
Native extension for WindowsStandalone target not found
[Package Manager] Failed to launch server process. Reason: Unity was launched with the -noUpm command-line argument
[Package Manager] Unable to send message (not connected to server process).
[Package Manager] Cannot connect to Unity Package Manager local server
Refreshing native plugins compatible for Editor in 2.22 ms, found 4 plugins.
[Package Manager] Failed to launch server process. Reason: Unity was launched with the -noUpm command-line argument
[Package Manager] Unable to send message (not connected to server process).
[Package Manager] Cannot connect to Unity Package Manager local server
ScheduleIndexationOnStartup MainProcess:False IndexOnStartup:True
Mono: successfully reloaded assembly
- Finished resetting the current domain, in  0.591 seconds
Domain Reload Profiling: 1498ms
	BeginReloadAssembly (435ms)
		ExecutionOrderSort (0ms)
		DisableScriptedObjects (4ms)
		BackupInstance (0ms)
		ReleaseScriptingObjects (0ms)
		CreateAndSetChildDomain (24ms)
	RebuildCommonClasses (27ms)
	RebuildNativeTypeToScriptingClass (10ms)
	initialDomainReloadingComplete (30ms)
	LoadAllAssembliesAndSetupDomain (405ms)
		LoadAssemblies (275ms)
		RebuildTransferFunctionScriptingTraits (0ms)
		AnalyzeDomain (202ms)
			TypeCache.Refresh (147ms)
				TypeCache.ScanAssembly (134ms)
			BuildScriptInfoCaches (44ms)
			ResolveRequiredComponents (7ms)
	FinalizeReload (591ms)
		ReleaseScriptCaches (0ms)
		RebuildScriptCaches (0ms)
		SetupLoadedEditorAssemblies (417ms)
			LogAssemblyErrors (0ms)
			InitializePlatformSupportModulesInManaged (1ms)
			SetLoadedEditorAssemblies (2ms)
			BeforeProcessingInitializeOnLoad (103ms)
			ProcessInitializeOnLoadAttributes (258ms)
			ProcessInitializeOnLoadMethodAttributes (47ms)
			AfterProcessingInitializeOnLoad (5ms)
			EditorAssembliesLoaded (0ms)
		ExecutionOrderSort2 (0ms)
		AwakeInstancesAfterBackupRestoration (6ms)
Launched and connected shader compiler UnityShaderCompiler.exe after 0.01 seconds
Refreshing native plugins compatible for Editor in 1.25 ms, found 4 plugins.
Preloading 0 native plugins for Editor in 0.00 ms.
Unloading 16 Unused Serialized files (Serialized files now loaded: 0)
Unloading 6447 unused Assets / (4.9 MB). Loaded Objects now: 7244.
Memory consumption went from 156.7 MB to 151.9 MB.
Total: 7.808300 ms (FindLiveObjects: 0.679900 ms CreateObjectMapping: 0.457200 ms MarkObjects: 4.414800 ms  DeleteObjects: 2.255000 ms)

========================================================================
Received Import Request.
  Time since last request: 4752.364788 seconds.
  path: Assets/Synty/PolygonApocalypse/Materials/FX/FX_Default_01.mat
  artifactKey: Guid(1b0a83c105524f0fa8dc7cc8bbdd5271) Importer(815301076,1909f56bfc062723c751e8b465ee728b)
Start importing Assets/Synty/PolygonApocalypse/Materials/FX/FX_Default_01.mat using Guid(1b0a83c105524f0fa8dc7cc8bbdd5271) Importer(815301076,1909f56bfc062723c751e8b465ee728b) (PreviewImporter) -> (artifact id: '7c8d7188007905c8c269009dc84c332d') in 0.3806658 seconds
Number of updated asset objects reloaded before import = 0Number of asset objects unloaded after import = 1

========================================================================
Received Import Request.
  Time since last request: 32.854858 seconds.
  path: Assets/Synty/PolygonApocalypse/Prefabs/Item/SM_Item_Alcohol_03.prefab
  artifactKey: Guid(5ecd7ef4327b4dd40800a95e990697ef) Importer(815301076,1909f56bfc062723c751e8b465ee728b)
Start importing Assets/Synty/PolygonApocalypse/Prefabs/Item/SM_Item_Alcohol_03.prefab using Guid(5ecd7ef4327b4dd40800a95e990697ef) Importer(815301076,1909f56bfc062723c751e8b465ee728b) (PreviewImporter) -> (artifact id: 'e4fca87af3d1a45438fa9035866be4da') in 0.0813204 seconds
Number of updated asset objects reloaded before import = 0Number of asset objects unloaded after import = 18

========================================================================
Received Import Request.
  Time since last request: 0.000033 seconds.
  path: Assets/Synty/PolygonApocalypse/Prefabs/Item/SM_Item_Ammo_12G_Open_01.prefab
  artifactKey: Guid(b14a3ba2b9ee51b438a2687b64a0578a) Importer(815301076,1909f56bfc062723c751e8b465ee728b)
Start importing Assets/Synty/PolygonApocalypse/Prefabs/Item/SM_Item_Ammo_12G_Open_01.prefab using Guid(b14a3ba2b9ee51b438a2687b64a0578a) Importer(815301076,1909f56bfc062723c751e8b465ee728b) (PreviewImporter) -> (artifact id: '211584e04663b2a9395dbd98563bdbaa') in 0.0515275 seconds
Number of updated asset objects reloaded before import = 0Number of asset objects unloaded after import = 18

========================================================================
Received Import Request.
  Time since last request: 0.000036 seconds.
  path: Assets/Synty/PolygonApocalypse/Prefabs/Item/SM_Item_Ammo_Crate_04.prefab
  artifactKey: Guid(8778a742b666cae4b8af6820f6de6aac) Importer(815301076,1909f56bfc062723c751e8b465ee728b)
Start importing Assets/Synty/PolygonApocalypse/Prefabs/Item/SM_Item_Ammo_Crate_04.prefab using Guid(8778a742b666cae4b8af6820f6de6aac) Importer(815301076,1909f56bfc062723c751e8b465ee728b) (PreviewImporter) -> (artifact id: 'c1dbc857faab18c573c3860ae9bb9f3a') in 0.0408514 seconds
Number of updated asset objects reloaded before import = 0Number of asset objects unloaded after import = 23

========================================================================
Received Import Request.
  Time since last request: 0.000030 seconds.
  path: Assets/Synty/PolygonApocalypse/Prefabs/Item/SM_Item_Book_Open_01.prefab
  artifactKey: Guid(2d39db34524c5e243b197578b75165d8) Importer(815301076,1909f56bfc062723c751e8b465ee728b)
Start importing Assets/Synty/PolygonApocalypse/Prefabs/Item/SM_Item_Book_Open_01.prefab using Guid(2d39db34524c5e243b197578b75165d8) Importer(815301076,1909f56bfc062723c751e8b465ee728b) (PreviewImporter) -> (artifact id: '3046bb793e889e7b21f31352aafcd91b') in 0.0448039 seconds
Number of updated asset objects reloaded before import = 0Number of asset objects unloaded after import = 18

========================================================================
Received Import Request.
  Time since last request: 0.000143 seconds.
  path: Assets/Synty/PolygonApocalypse/Prefabs/Item/SM_Item_Bullet_Shotgun_01.prefab
  artifactKey: Guid(c943f29a94dea64479cda2fd9c1ce107) Importer(815301076,1909f56bfc062723c751e8b465ee728b)
Start importing Assets/Synty/PolygonApocalypse/Prefabs/Item/SM_Item_Bullet_Shotgun_01.prefab using Guid(c943f29a94dea64479cda2fd9c1ce107) Importer(815301076,1909f56bfc062723c751e8b465ee728b) (PreviewImporter) -> (artifact id: '987d99ab8b28de09f8d40c774af925b9') in 0.0413608 seconds
Number of updated asset objects reloaded before import = 0Number of asset objects unloaded after import = 18

========================================================================
Received Import Request.
  Time since last request: 0.000047 seconds.
  path: Assets/Synty/PolygonApocalypse/Prefabs/Item/SM_Item_Ammo_556_Open_01.prefab
  artifactKey: Guid(1f7ce2f8fb1bad345a338ecd334b3ace) Importer(815301076,1909f56bfc062723c751e8b465ee728b)
Start importing Assets/Synty/PolygonApocalypse/Prefabs/Item/SM_Item_Ammo_556_Open_01.prefab using Guid(1f7ce2f8fb1bad345a338ecd334b3ace) Importer(815301076,1909f56bfc062723c751e8b465ee728b) (PreviewImporter) -> (artifact id: '0003ee63ef284cb5827f1dd6b96f2a48') in 0.0428766 seconds
Number of updated asset objects reloaded before import = 0Number of asset objects unloaded after import = 18

========================================================================
Received Import Request.
  Time since last request: 0.000035 seconds.
  path: Assets/Synty/PolygonApocalypse/Prefabs/Item/SM_Item_Alcohol_07.prefab
  artifactKey: Guid(d48ad9c1809a65e47b786f1ef3f8c26f) Importer(815301076,1909f56bfc062723c751e8b465ee728b)
Start importing Assets/Synty/PolygonApocalypse/Prefabs/Item/SM_Item_Alcohol_07.prefab using Guid(d48ad9c1809a65e47b786f1ef3f8c26f) Importer(815301076,1909f56bfc062723c751e8b465ee728b) (PreviewImporter) -> (artifact id: '6dd77803a5878ef854ffa4f32cda199f') in 0.0417409 seconds
Number of updated asset objects reloaded before import = 0Number of asset objects unloaded after import = 18

========================================================================
Received Import Request.
  Time since last request: 0.000031 seconds.
  path: Assets/Synty/PolygonApocalypse/Prefabs/Item/SM_Item_Ammo_Paper_01.prefab
  artifactKey: Guid(f46ee175b2f70634eb2f34cfd2c8ff00) Importer(815301076,1909f56bfc062723c751e8b465ee728b)
Start importing Assets/Synty/PolygonApocalypse/Prefabs/Item/SM_Item_Ammo_Paper_01.prefab using Guid(f46ee175b2f70634eb2f34cfd2c8ff00) Importer(815301076,1909f56bfc062723c751e8b465ee728b) (PreviewImporter) -> (artifact id: '2c4220e9de69459c2981bbe7cebc5737') in 0.0417244 seconds
Number of updated asset objects reloaded before import = 0Number of asset objects unloaded after import = 18

========================================================================
Received Import Request.
  Time since last request: 0.000029 seconds.
  path: Assets/Synty/PolygonApocalypse/Prefabs/Item/SM_Item_Ammo_45_Open_01.prefab
  artifactKey: Guid(354be3aa209144b43970a2b3e387c64d) Importer(815301076,1909f56bfc062723c751e8b465ee728b)
Start importing Assets/Synty/PolygonApocalypse/Prefabs/Item/SM_Item_Ammo_45_Open_01.prefab using Guid(354be3aa209144b43970a2b3e387c64d) Importer(815301076,1909f56bfc062723c751e8b465ee728b) (PreviewImporter) -> (artifact id: '0ee19de0aa1c75fbb0e66ff3b1347293') in 0.0363162 seconds
Number of updated asset objects reloaded before import = 0Number of asset objects unloaded after import = 18

========================================================================
Received Import Request.
  Time since last request: 0.000025 seconds.
  path: Assets/Synty/PolygonApocalypse/Prefabs/Item/SM_Item_Alcohol_Broken_02.prefab
  artifactKey: Guid(d0fc44066f110ef4ba9c88a218bdfad3) Importer(815301076,1909f56bfc062723c751e8b465ee728b)
Start importing Assets/Synty/PolygonApocalypse/Prefabs/Item/SM_Item_Alcohol_Broken_02.prefab using Guid(d0fc44066f110ef4ba9c88a218bdfad3) Importer(815301076,1909f56bfc062723c751e8b465ee728b) (PreviewImporter) -> (artifact id: '02249178be399d0e3396e5633047e1a3') in 0.036001 seconds
Number of updated asset objects reloaded before import = 0Number of asset objects unloaded after import = 18

========================================================================
Received Import Request.
  Time since last request: 0.000041 seconds.
  path: Assets/Synty/PolygonApocalypse/Prefabs/Item/SM_Item_Battery_01.prefab
  artifactKey: Guid(e4cf0824496bede4bb19ba9967e020f6) Importer(815301076,1909f56bfc062723c751e8b465ee728b)
Start importing Assets/Synty/PolygonApocalypse/Prefabs/Item/SM_Item_Battery_01.prefab using Guid(e4cf0824496bede4bb19ba9967e020f6) Importer(815301076,1909f56bfc062723c751e8b465ee728b) (PreviewImporter) -> (artifact id: 'dcc32d07471df15399bdd82bd088b50a') in 0.0374365 seconds
Number of updated asset objects reloaded before import = 0Number of asset objects unloaded after import = 18

========================================================================
Received Import Request.
  Time since last request: 0.963411 seconds.
  path: Assets/Synty/PolygonApocalypse/Prefabs/Generic/SM_Generic_Grass_Patch_01.prefab
  artifactKey: Guid(50e3f0e9aeb683542bcfe0fe1dab3ae1) Importer(815301076,1909f56bfc062723c751e8b465ee728b)
Start importing Assets/Synty/PolygonApocalypse/Prefabs/Generic/SM_Generic_Grass_Patch_01.prefab using Guid(50e3f0e9aeb683542bcfe0fe1dab3ae1) Importer(815301076,1909f56bfc062723c751e8b465ee728b) (PreviewImporter) -> (artifact id: 'a5040886e7d89ea058f23742643962bb') in 0.0333552 seconds
Number of updated asset objects reloaded before import = 0Number of asset objects unloaded after import = 16

========================================================================
Received Import Request.
  Time since last request: 0.000036 seconds.
  path: Assets/Synty/PolygonApocalypse/Prefabs/Generic/SM_Generic_Tree_01.prefab
  artifactKey: Guid(823fa5dbf20779e4fb6e204b95a29062) Importer(815301076,1909f56bfc062723c751e8b465ee728b)
Start importing Assets/Synty/PolygonApocalypse/Prefabs/Generic/SM_Generic_Tree_01.prefab using Guid(823fa5dbf20779e4fb6e204b95a29062) Importer(815301076,1909f56bfc062723c751e8b465ee728b) (PreviewImporter) -> (artifact id: 'a1e095a80617c4a2b8817aa9975437a0') in 0.0367146 seconds
Number of updated asset objects reloaded before import = 0Number of asset objects unloaded after import = 18

========================================================================
Received Import Request.
  Time since last request: 0.000039 seconds.
  path: Assets/Synty/PolygonApocalypse/Prefabs/Generic/SM_Generic_TreeDead_01.prefab
  artifactKey: Guid(ddf1dea042d8f3d42a7f813667437cb9) Importer(815301076,1909f56bfc062723c751e8b465ee728b)
Start importing Assets/Synty/PolygonApocalypse/Prefabs/Generic/SM_Generic_TreeDead_01.prefab using Guid(ddf1dea042d8f3d42a7f813667437cb9) Importer(815301076,1909f56bfc062723c751e8b465ee728b) (PreviewImporter) -> (artifact id: '6871522d61be54dd1e98f14bbb06d4ab') in 0.0379762 seconds
Number of updated asset objects reloaded before import = 0Number of asset objects unloaded after import = 18

========================================================================
Received Import Request.
  Time since last request: 1.228098 seconds.
  path: Assets/Synty/PolygonApocalypse/Prefabs/Item/SM_Item_Can_08.prefab
  artifactKey: Guid(eb0cbb6bcee01ad40848859f2fc6535c) Importer(815301076,1909f56bfc062723c751e8b465ee728b)
Start importing Assets/Synty/PolygonApocalypse/Prefabs/Item/SM_Item_Can_08.prefab using Guid(eb0cbb6bcee01ad40848859f2fc6535c) Importer(815301076,1909f56bfc062723c751e8b465ee728b) (PreviewImporter) -> (artifact id: 'f52a900ded04eefe08bfda631c7e3b0f') in 0.0407735 seconds
Number of updated asset objects reloaded before import = 0Number of asset objects unloaded after import = 18

========================================================================
Received Import Request.
  Time since last request: 0.004178 seconds.
  path: Assets/Synty/PolygonApocalypse/Prefabs/Item/SM_Item_Drink_01.prefab
  artifactKey: Guid(907f8303af992f44289b29cb614b45c5) Importer(815301076,1909f56bfc062723c751e8b465ee728b)
Start importing Assets/Synty/PolygonApocalypse/Prefabs/Item/SM_Item_Drink_01.prefab using Guid(907f8303af992f44289b29cb614b45c5) Importer(815301076,1909f56bfc062723c751e8b465ee728b) (PreviewImporter) -> (artifact id: 'abf00b2edb84fa3ba5fd281c2b4736a3') in 0.0390386 seconds
Number of updated asset objects reloaded before import = 0Number of asset objects unloaded after import = 18

========================================================================
Received Import Request.
  Time since last request: 0.210856 seconds.
  path: Assets/Synty/PolygonApocalypse/Prefabs/Item/SM_Item_Duffle_Bag_01.prefab
  artifactKey: Guid(29bbdad2089078346a5cb0efbe9d593e) Importer(815301076,1909f56bfc062723c751e8b465ee728b)
Start importing Assets/Synty/PolygonApocalypse/Prefabs/Item/SM_Item_Duffle_Bag_01.prefab using Guid(29bbdad2089078346a5cb0efbe9d593e) Importer(815301076,1909f56bfc062723c751e8b465ee728b) (PreviewImporter) -> (artifact id: 'c05efb0cbd5d6ca028274d3433d62a83') in 0.0409014 seconds
Number of updated asset objects reloaded before import = 0Number of asset objects unloaded after import = 18

========================================================================
Received Import Request.
  Time since last request: 0.000035 seconds.
  path: Assets/Synty/PolygonApocalypse/Prefabs/Item/SM_Item_Frypan_02.prefab
  artifactKey: Guid(03d5098d00509404aa5d44447a56a381) Importer(815301076,1909f56bfc062723c751e8b465ee728b)
Start importing Assets/Synty/PolygonApocalypse/Prefabs/Item/SM_Item_Frypan_02.prefab using Guid(03d5098d00509404aa5d44447a56a381) Importer(815301076,1909f56bfc062723c751e8b465ee728b) (PreviewImporter) -> (artifact id: '3016700b70533c576fdd9b58cc60ee2e') in 0.0392685 seconds
Number of updated asset objects reloaded before import = 0Number of asset objects unloaded after import = 18

========================================================================
Received Import Request.
  Time since last request: 0.000040 seconds.
  path: Assets/Synty/PolygonApocalypse/Prefabs/Item/SM_Item_Log_04.prefab
  artifactKey: Guid(b365b833ab258da41bc7f258dea7992d) Importer(815301076,1909f56bfc062723c751e8b465ee728b)
Start importing Assets/Synty/PolygonApocalypse/Prefabs/Item/SM_Item_Log_04.prefab using Guid(b365b833ab258da41bc7f258dea7992d) Importer(815301076,1909f56bfc062723c751e8b465ee728b) (PreviewImporter) -> (artifact id: '0dc0c81154904c481e24233acb9289d1') in 0.0406525 seconds
Number of updated asset objects reloaded before import = 0Number of asset objects unloaded after import = 18

========================================================================
Received Import Request.
  Time since last request: 0.000026 seconds.
  path: Assets/Synty/PolygonApocalypse/Prefabs/Item/SM_Item_Log_01.prefab
  artifactKey: Guid(76268956b264f0146950f405edf04c42) Importer(815301076,1909f56bfc062723c751e8b465ee728b)
Start importing Assets/Synty/PolygonApocalypse/Prefabs/Item/SM_Item_Log_01.prefab using Guid(76268956b264f0146950f405edf04c42) Importer(815301076,1909f56bfc062723c751e8b465ee728b) (PreviewImporter) -> (artifact id: 'bda58c461565ba2e5168a45424fb61a6') in 0.039301 seconds
Number of updated asset objects reloaded before import = 0Number of asset objects unloaded after import = 18

========================================================================
Received Import Request.
  Time since last request: 0.098816 seconds.
  path: Assets/Synty/PolygonApocalypse/Prefabs/Item/SM_Item_Mushroom_01.prefab
  artifactKey: Guid(dd5b1361103cd5645bbabbef12b1a8f7) Importer(815301076,1909f56bfc062723c751e8b465ee728b)
Start importing Assets/Synty/PolygonApocalypse/Prefabs/Item/SM_Item_Mushroom_01.prefab using Guid(dd5b1361103cd5645bbabbef12b1a8f7) Importer(815301076,1909f56bfc062723c751e8b465ee728b) (PreviewImporter) -> (artifact id: '7734f9c1153623c35cfd32e681858646') in 0.038442 seconds
Number of updated asset objects reloaded before import = 0Number of asset objects unloaded after import = 18

========================================================================
Received Import Request.
  Time since last request: 0.000045 seconds.
  path: Assets/Synty/PolygonApocalypse/Prefabs/Item/SM_Item_Phone_01.prefab
  artifactKey: Guid(ff326a8950a52c04f9899c4f86fde8e9) Importer(815301076,1909f56bfc062723c751e8b465ee728b)
Start importing Assets/Synty/PolygonApocalypse/Prefabs/Item/SM_Item_Phone_01.prefab using Guid(ff326a8950a52c04f9899c4f86fde8e9) Importer(815301076,1909f56bfc062723c751e8b465ee728b) (PreviewImporter) -> (artifact id: 'cd3f7c6665feb8005965954eed4cb16e') in 0.039647 seconds
Number of updated asset objects reloaded before import = 0Number of asset objects unloaded after import = 18

========================================================================
Received Import Request.
  Time since last request: 0.000040 seconds.
  path: Assets/Synty/PolygonApocalypse/Prefabs/Item/SM_Item_Rice_01.prefab
  artifactKey: Guid(b5b5e3c130d2d904f8a6aa523deb2dc9) Importer(815301076,1909f56bfc062723c751e8b465ee728b)
Start importing Assets/Synty/PolygonApocalypse/Prefabs/Item/SM_Item_Rice_01.prefab using Guid(b5b5e3c130d2d904f8a6aa523deb2dc9) Importer(815301076,1909f56bfc062723c751e8b465ee728b) (PreviewImporter) -> (artifact id: '5b5f28004399e95f3df735619d99188b') in 0.0425808 seconds
Number of updated asset objects reloaded before import = 0Number of asset objects unloaded after import = 18

========================================================================
Received Import Request.
  Time since last request: 0.130716 seconds.
  path: Assets/Synty/PolygonApocalypse/Prefabs/Item/SM_Item_Shop_Goods_04.prefab
  artifactKey: Guid(1eff7a30ad68b0b47b7a1271b4a791c6) Importer(815301076,1909f56bfc062723c751e8b465ee728b)
Start importing Assets/Synty/PolygonApocalypse/Prefabs/Item/SM_Item_Shop_Goods_04.prefab using Guid(1eff7a30ad68b0b47b7a1271b4a791c6) Importer(815301076,1909f56bfc062723c751e8b465ee728b) (PreviewImporter) -> (artifact id: '494d403e894904eb626ffb252c43bcdf') in 0.0375023 seconds
Number of updated asset objects reloaded before import = 0Number of asset objects unloaded after import = 18

========================================================================
Received Import Request.
  Time since last request: 0.000041 seconds.
  path: Assets/Synty/PolygonApocalypse/Prefabs/Item/SM_Item_Stick_01.prefab
  artifactKey: Guid(6cf91da3d004a0b4096c83c7a865dfec) Importer(815301076,1909f56bfc062723c751e8b465ee728b)
Start importing Assets/Synty/PolygonApocalypse/Prefabs/Item/SM_Item_Stick_01.prefab using Guid(6cf91da3d004a0b4096c83c7a865dfec) Importer(815301076,1909f56bfc062723c751e8b465ee728b) (PreviewImporter) -> (artifact id: 'e53f6645941d83182c58dcd046427c9a') in 0.0373924 seconds
Number of updated asset objects reloaded before import = 0Number of asset objects unloaded after import = 18

========================================================================
Received Import Request.
  Time since last request: 0.000077 seconds.
  path: Assets/Synty/PolygonApocalypse/Prefabs/Item/SM_Item_Stick_02.prefab
  artifactKey: Guid(7135daec5c9f4834bb09e3b1683b9746) Importer(815301076,1909f56bfc062723c751e8b465ee728b)
Start importing Assets/Synty/PolygonApocalypse/Prefabs/Item/SM_Item_Stick_02.prefab using Guid(7135daec5c9f4834bb09e3b1683b9746) Importer(815301076,1909f56bfc062723c751e8b465ee728b) (PreviewImporter) -> (artifact id: '1d3177a3891cfa65638eb4bdb6341dff') in 0.0371364 seconds
Number of updated asset objects reloaded before import = 0Number of asset objects unloaded after import = 18

========================================================================
Received Import Request.
  Time since last request: 48.741412 seconds.
  path: Assets/Synty/PolygonApocalypse/Prefabs/Weapons/Guns/SM_Wep_HuntingRifle_01.prefab
  artifactKey: Guid(f8ee5a952b0a300448ad8d17e2ab2584) Importer(815301076,1909f56bfc062723c751e8b465ee728b)
Start importing Assets/Synty/PolygonApocalypse/Prefabs/Weapons/Guns/SM_Wep_HuntingRifle_01.prefab using Guid(f8ee5a952b0a300448ad8d17e2ab2584) Importer(815301076,1909f56bfc062723c751e8b465ee728b) (PreviewImporter) -> (artifact id: 'f401e0884da8841d9c5e605137670a51') in 0.0419218 seconds
Number of updated asset objects reloaded before import = 0Number of asset objects unloaded after import = 33

========================================================================
Received Import Request.
  Time since last request: 0.000053 seconds.
  path: Assets/Synty/PolygonApocalypse/Prefabs/Weapons/Guns/SM_Wep_Minigun_01.prefab
  artifactKey: Guid(a807abad9d573264b96019ffcfcae869) Importer(815301076,1909f56bfc062723c751e8b465ee728b)
Start importing Assets/Synty/PolygonApocalypse/Prefabs/Weapons/Guns/SM_Wep_Minigun_01.prefab using Guid(a807abad9d573264b96019ffcfcae869) Importer(815301076,1909f56bfc062723c751e8b465ee728b) (PreviewImporter) -> (artifact id: 'ee1da5910754f2a43544d400d2667f98') in 0.0486296 seconds
Number of updated asset objects reloaded before import = 0Number of asset objects unloaded after import = 40

========================================================================
Received Import Request.
  Time since last request: 0.000083 seconds.
  path: Assets/Synty/PolygonApocalypse/Prefabs/Weapons/Guns/SM_Wep_SniperRifle_Pneumatic_01.prefab
  artifactKey: Guid(dd5e78229ec4a3f4eb3b2ace8c44e70e) Importer(815301076,1909f56bfc062723c751e8b465ee728b)
Start importing Assets/Synty/PolygonApocalypse/Prefabs/Weapons/Guns/SM_Wep_SniperRifle_Pneumatic_01.prefab using Guid(dd5e78229ec4a3f4eb3b2ace8c44e70e) Importer(815301076,1909f56bfc062723c751e8b465ee728b) (PreviewImporter) -> (artifact id: '1940098c1b82475293e7539fb09efe07') in 0.0358642 seconds
Number of updated asset objects reloaded before import = 0Number of asset objects unloaded after import = 38

========================================================================
Received Import Request.
  Time since last request: 0.000095 seconds.
  path: Assets/Synty/PolygonApocalypse/Prefabs/Weapons/Guns/SM_Wep_Nailgun_Clean_01.prefab
  artifactKey: Guid(2673249e51517794ba8e07feee2a1d39) Importer(815301076,1909f56bfc062723c751e8b465ee728b)
Start importing Assets/Synty/PolygonApocalypse/Prefabs/Weapons/Guns/SM_Wep_Nailgun_Clean_01.prefab using Guid(2673249e51517794ba8e07feee2a1d39) Importer(815301076,1909f56bfc062723c751e8b465ee728b) (PreviewImporter) -> (artifact id: 'ab0e09bed5d9ccb38db1d0ef04bf0ba2') in 0.0344857 seconds
Number of updated asset objects reloaded before import = 0Number of asset objects unloaded after import = 23

========================================================================
Received Import Request.
  Time since last request: 0.000049 seconds.
  path: Assets/Synty/PolygonApocalypse/Prefabs/Weapons/Guns/SM_Wep_SniperRifle_02.prefab
  artifactKey: Guid(3027fd935d242c541a7114d06d974130) Importer(815301076,1909f56bfc062723c751e8b465ee728b)
Start importing Assets/Synty/PolygonApocalypse/Prefabs/Weapons/Guns/SM_Wep_SniperRifle_02.prefab using Guid(3027fd935d242c541a7114d06d974130) Importer(815301076,1909f56bfc062723c751e8b465ee728b) (PreviewImporter) -> (artifact id: '3e6789c7ab0186a987e52c560b621be2') in 0.0348773 seconds
Number of updated asset objects reloaded before import = 0Number of asset objects unloaded after import = 43

========================================================================
Received Import Request.
  Time since last request: 0.000029 seconds.
  path: Assets/Synty/PolygonApocalypse/Prefabs/Weapons/Guns/SM_Wep_Revolver_01.prefab
  artifactKey: Guid(151fe3144103e1440900697f4b29c68e) Importer(815301076,1909f56bfc062723c751e8b465ee728b)
Start importing Assets/Synty/PolygonApocalypse/Prefabs/Weapons/Guns/SM_Wep_Revolver_01.prefab using Guid(151fe3144103e1440900697f4b29c68e) Importer(815301076,1909f56bfc062723c751e8b465ee728b) (PreviewImporter) -> (artifact id: 'a9e648cd8c1e8c35ef9caae4e302f367') in 0.0341024 seconds
Number of updated asset objects reloaded before import = 0Number of asset objects unloaded after import = 68

========================================================================
Received Import Request.
  Time since last request: 0.000037 seconds.
  path: Assets/Synty/PolygonApocalypse/Prefabs/Weapons/Guns/SM_Wep_Nailgun_01.prefab
  artifactKey: Guid(f5c3bc26a8c162c4a9d22dbbcc59f479) Importer(815301076,1909f56bfc062723c751e8b465ee728b)
Start importing Assets/Synty/PolygonApocalypse/Prefabs/Weapons/Guns/SM_Wep_Nailgun_01.prefab using Guid(f5c3bc26a8c162c4a9d22dbbcc59f479) Importer(815301076,1909f56bfc062723c751e8b465ee728b) (PreviewImporter) -> (artifact id: '84135d0549462816a8bdab489bbfad14') in 0.0385612 seconds
Number of updated asset objects reloaded before import = 0Number of asset objects unloaded after import = 33

========================================================================
Received Import Request.
  Time since last request: 5.670312 seconds.
  path: Assets/Synty/PolygonApocalypse/Prefabs/Weapons/Melee/SM_Wep_Baton_02.prefab
  artifactKey: Guid(f7c206e9c665b9b4688e1963a3643a0c) Importer(815301076,1909f56bfc062723c751e8b465ee728b)
Start importing Assets/Synty/PolygonApocalypse/Prefabs/Weapons/Melee/SM_Wep_Baton_02.prefab using Guid(f7c206e9c665b9b4688e1963a3643a0c) Importer(815301076,1909f56bfc062723c751e8b465ee728b) (PreviewImporter) -> (artifact id: '8d664794d6a3c8b4c59b7285fb7e049c') in 0.0372912 seconds
Number of updated asset objects reloaded before import = 0Number of asset objects unloaded after import = 18

========================================================================
Received Import Request.
  Time since last request: 0.000032 seconds.
  path: Assets/Synty/PolygonApocalypse/Prefabs/Weapons/Melee/SM_Wep_Hammer_01.prefab
  artifactKey: Guid(3cc39ba111da66a40812e82215b69d7f) Importer(815301076,1909f56bfc062723c751e8b465ee728b)
Start importing Assets/Synty/PolygonApocalypse/Prefabs/Weapons/Melee/SM_Wep_Hammer_01.prefab using Guid(3cc39ba111da66a40812e82215b69d7f) Importer(815301076,1909f56bfc062723c751e8b465ee728b) (PreviewImporter) -> (artifact id: '18f1d362afe17f4f0b20e39973c4d339') in 0.0382145 seconds
Number of updated asset objects reloaded before import = 0Number of asset objects unloaded after import = 18

========================================================================
Received Import Request.
  Time since last request: 0.000060 seconds.
  path: Assets/Synty/PolygonApocalypse/Prefabs/Weapons/Melee/SM_Wep_Katana_01.prefab
  artifactKey: Guid(c93dc5e6b62380f499e6ec8328bc0160) Importer(815301076,1909f56bfc062723c751e8b465ee728b)
Start importing Assets/Synty/PolygonApocalypse/Prefabs/Weapons/Melee/SM_Wep_Katana_01.prefab using Guid(c93dc5e6b62380f499e6ec8328bc0160) Importer(815301076,1909f56bfc062723c751e8b465ee728b) (PreviewImporter) -> (artifact id: 'bfe6a61ccf4d09d1f765e5711323ddc8') in 0.038145 seconds
Number of updated asset objects reloaded before import = 0Number of asset objects unloaded after import = 18

========================================================================
Received Import Request.
  Time since last request: 0.000033 seconds.
  path: Assets/Synty/PolygonApocalypse/Prefabs/Weapons/Melee/SM_Wep_RebarClub_01.prefab
  artifactKey: Guid(c6cc2d6819c0e0747bb86f4244ba73b2) Importer(815301076,1909f56bfc062723c751e8b465ee728b)
Start importing Assets/Synty/PolygonApocalypse/Prefabs/Weapons/Melee/SM_Wep_RebarClub_01.prefab using Guid(c6cc2d6819c0e0747bb86f4244ba73b2) Importer(815301076,1909f56bfc062723c751e8b465ee728b) (PreviewImporter) -> (artifact id: '867c180aaa87e376cb78321cbabbf34f') in 0.0370814 seconds
Number of updated asset objects reloaded before import = 0Number of asset objects unloaded after import = 18

========================================================================
Received Import Request.
  Time since last request: 0.000098 seconds.
  path: Assets/Synty/PolygonApocalypse/Prefabs/Weapons/Melee/SM_Wep_Crowbar_01.prefab
  artifactKey: Guid(8775c006a5395ff488d9315934a2a901) Importer(815301076,1909f56bfc062723c751e8b465ee728b)
Start importing Assets/Synty/PolygonApocalypse/Prefabs/Weapons/Melee/SM_Wep_Crowbar_01.prefab using Guid(8775c006a5395ff488d9315934a2a901) Importer(815301076,1909f56bfc062723c751e8b465ee728b) (PreviewImporter) -> (artifact id: '51e9186775d65c8484e0513b8d195700') in 0.0384212 seconds
Number of updated asset objects reloaded before import = 0Number of asset objects unloaded after import = 18

========================================================================
Received Import Request.
  Time since last request: 0.986478 seconds.
  path: Assets/Synty/PolygonApocalypse/Prefabs/Weapons/Misc/SM_Wep_CrossBow_01.prefab
  artifactKey: Guid(ccd191fcb9ab4364c8eac9e2dc2b3bf1) Importer(815301076,1909f56bfc062723c751e8b465ee728b)
Start importing Assets/Synty/PolygonApocalypse/Prefabs/Weapons/Misc/SM_Wep_CrossBow_01.prefab using Guid(ccd191fcb9ab4364c8eac9e2dc2b3bf1) Importer(815301076,1909f56bfc062723c751e8b465ee728b) (PreviewImporter) -> (artifact id: '7d8fdd01141df80e201aafdd290b4044') in 0.0365324 seconds
Number of updated asset objects reloaded before import = 0Number of asset objects unloaded after import = 58

========================================================================
Received Import Request.
  Time since last request: 0.000058 seconds.
  path: Assets/Synty/PolygonApocalypse/Prefabs/Weapons/Misc/SM_Wep_Flashbang_01.prefab
  artifactKey: Guid(68a54b2c9404fc044b701767629202a3) Importer(815301076,1909f56bfc062723c751e8b465ee728b)
Start importing Assets/Synty/PolygonApocalypse/Prefabs/Weapons/Misc/SM_Wep_Flashbang_01.prefab using Guid(68a54b2c9404fc044b701767629202a3) Importer(815301076,1909f56bfc062723c751e8b465ee728b) (PreviewImporter) -> (artifact id: 'f0064f99182df1fb82edd17a091f460c') in 0.0416579 seconds
Number of updated asset objects reloaded before import = 0Number of asset objects unloaded after import = 28

========================================================================
Received Import Request.
  Time since last request: 0.000028 seconds.
  path: Assets/Synty/PolygonApocalypse/Prefabs/Weapons/Misc/SM_Wep_Rocket_IED_01.prefab
  artifactKey: Guid(2285a94a29c957144a98ae83652108f4) Importer(815301076,1909f56bfc062723c751e8b465ee728b)
Start importing Assets/Synty/PolygonApocalypse/Prefabs/Weapons/Misc/SM_Wep_Rocket_IED_01.prefab using Guid(2285a94a29c957144a98ae83652108f4) Importer(815301076,1909f56bfc062723c751e8b465ee728b) (PreviewImporter) -> (artifact id: '9bfea074a99fa634935c66b5aa2a34fe') in 0.0391439 seconds
Number of updated asset objects reloaded before import = 0Number of asset objects unloaded after import = 18

========================================================================
Received Import Request.
  Time since last request: 0.000046 seconds.
  path: Assets/Synty/PolygonApocalypse/Prefabs/Weapons/Misc/SM_Wep_Trimmer_01.prefab
  artifactKey: Guid(34edba7399d23fa44b95ae2b29a3e871) Importer(815301076,1909f56bfc062723c751e8b465ee728b)
Start importing Assets/Synty/PolygonApocalypse/Prefabs/Weapons/Misc/SM_Wep_Trimmer_01.prefab using Guid(34edba7399d23fa44b95ae2b29a3e871) Importer(815301076,1909f56bfc062723c751e8b465ee728b) (PreviewImporter) -> (artifact id: '5b7b8c610e88904856e778b2be75d914') in 0.0394388 seconds
Number of updated asset objects reloaded before import = 0Number of asset objects unloaded after import = 23

========================================================================
Received Import Request.
  Time since last request: 34.996217 seconds.
  path: Assets/Synty/PolygonApocalypse/Prefabs/Weapons/Weapons/SM_Wep_Veh_Harpoon_Ammo_01.prefab
  artifactKey: Guid(282b375e856674345a54de35161540b5) Importer(815301076,1909f56bfc062723c751e8b465ee728b)
Start importing Assets/Synty/PolygonApocalypse/Prefabs/Weapons/Weapons/SM_Wep_Veh_Harpoon_Ammo_01.prefab using Guid(282b375e856674345a54de35161540b5) Importer(815301076,1909f56bfc062723c751e8b465ee728b) (PreviewImporter) -> (artifact id: 'dd820f4889e0b0332455eaab5f611604') in 0.0347182 seconds
Number of updated asset objects reloaded before import = 0Number of asset objects unloaded after import = 18

========================================================================
Received Import Request.
  Time since last request: 0.000025 seconds.
  path: Assets/Synty/PolygonApocalypse/Prefabs/Weapons/Weapons/SM_Wep_Veh_Rocket_01.prefab
  artifactKey: Guid(6d8ee38b030a3cd46b9032cf210b28b2) Importer(815301076,1909f56bfc062723c751e8b465ee728b)
Start importing Assets/Synty/PolygonApocalypse/Prefabs/Weapons/Weapons/SM_Wep_Veh_Rocket_01.prefab using Guid(6d8ee38b030a3cd46b9032cf210b28b2) Importer(815301076,1909f56bfc062723c751e8b465ee728b) (PreviewImporter) -> (artifact id: '66433f88dc5a0da8edd51b8189857b93') in 0.0409633 seconds
Number of updated asset objects reloaded before import = 0Number of asset objects unloaded after import = 18

========================================================================
Received Import Request.
  Time since last request: 0.000047 seconds.
  path: Assets/Synty/PolygonApocalypse/Prefabs/Weapons/Weapons/SM_Wep_Veh_Harpoon_Ammo_04.prefab
  artifactKey: Guid(11bdb897607d75f4395405fb55e8db6b) Importer(815301076,1909f56bfc062723c751e8b465ee728b)
Start importing Assets/Synty/PolygonApocalypse/Prefabs/Weapons/Weapons/SM_Wep_Veh_Harpoon_Ammo_04.prefab using Guid(11bdb897607d75f4395405fb55e8db6b) Importer(815301076,1909f56bfc062723c751e8b465ee728b) (PreviewImporter) -> (artifact id: '0fee3c314b9fa2fd60b7f2bd385d3e6a') in 0.0414448 seconds
Number of updated asset objects reloaded before import = 0Number of asset objects unloaded after import = 18

========================================================================
Received Import Request.
  Time since last request: 28.058299 seconds.
  path: Assets/Synty/PolygonApocalypse/Prefabs/Props/SM_Prop_Barrier_Concrete_Bare_01.prefab
  artifactKey: Guid(0cf92dc42cc3c1241bb2fb28055ba976) Importer(815301076,1909f56bfc062723c751e8b465ee728b)
Start importing Assets/Synty/PolygonApocalypse/Prefabs/Props/SM_Prop_Barrier_Concrete_Bare_01.prefab using Guid(0cf92dc42cc3c1241bb2fb28055ba976) Importer(815301076,1909f56bfc062723c751e8b465ee728b) (PreviewImporter) -> (artifact id: '27672b92bcff36f912dab019e48ed205') in 0.0430224 seconds
Number of updated asset objects reloaded before import = 0Number of asset objects unloaded after import = 18

========================================================================
Received Import Request.
  Time since last request: 0.777066 seconds.
  path: Assets/Synty/PolygonApocalypse/Prefabs/Props/SM_Prop_Barrier_Concrete_Broken_01.prefab
  artifactKey: Guid(c5a40ef86ab695345bd5b16cad928d19) Importer(815301076,1909f56bfc062723c751e8b465ee728b)
Start importing Assets/Synty/PolygonApocalypse/Prefabs/Props/SM_Prop_Barrier_Concrete_Broken_01.prefab using Guid(c5a40ef86ab695345bd5b16cad928d19) Importer(815301076,1909f56bfc062723c751e8b465ee728b) (PreviewImporter) -> (artifact id: '011de5dcbdc169d1c702456177424fb5') in 0.0391746 seconds
Number of updated asset objects reloaded before import = 0Number of asset objects unloaded after import = 18

========================================================================
Received Import Request.
  Time since last request: 0.000034 seconds.
  path: Assets/Synty/PolygonApocalypse/Prefabs/Props/SM_Prop_Barrier_Long_01.prefab
  artifactKey: Guid(aba887719f07fd5479fa6418efa4fd7e) Importer(815301076,1909f56bfc062723c751e8b465ee728b)
Start importing Assets/Synty/PolygonApocalypse/Prefabs/Props/SM_Prop_Barrier_Long_01.prefab using Guid(aba887719f07fd5479fa6418efa4fd7e) Importer(815301076,1909f56bfc062723c751e8b465ee728b) (PreviewImporter) -> (artifact id: '68cfbc9a65647c682a53f3b1a844bf2d') in 0.0461841 seconds
Number of updated asset objects reloaded before import = 0Number of asset objects unloaded after import = 18

========================================================================
Received Import Request.
  Time since last request: 436.145757 seconds.
  path: Assets/Synty/PolygonApocalypse/Models/SM_Prop_Barrel_Nuke_01.fbx
  artifactKey: Guid(241610e08b02e144e910dea891469100) Importer(815301076,1909f56bfc062723c751e8b465ee728b)
Start importing Assets/Synty/PolygonApocalypse/Models/SM_Prop_Barrel_Nuke_01.fbx using Guid(241610e08b02e144e910dea891469100) Importer(815301076,1909f56bfc062723c751e8b465ee728b) (PreviewImporter) -> (artifact id: '6c5196948bca28c58e70977c86900a42') in 0.0292419 seconds
Number of updated asset objects reloaded before import = 0Number of asset objects unloaded after import = 7

========================================================================
Received Import Request.
  Time since last request: 0.000028 seconds.
  path: Assets/Synty/PolygonApocalypse/Models/SM_Prop_Barrel_Nuke_02.fbx
  artifactKey: Guid(5f97e3b289c020f44a0c81d9ba0dc8b2) Importer(815301076,1909f56bfc062723c751e8b465ee728b)
Start importing Assets/Synty/PolygonApocalypse/Models/SM_Prop_Barrel_Nuke_02.fbx using Guid(5f97e3b289c020f44a0c81d9ba0dc8b2) Importer(815301076,1909f56bfc062723c751e8b465ee728b) (PreviewImporter) -> (artifact id: 'b3cc4769f919578eca4a46bfa407bafc') in 0.0187633 seconds
Number of updated asset objects reloaded before import = 0Number of asset objects unloaded after import = 7

========================================================================
Received Import Request.
  Time since last request: 0.212443 seconds.
  path: Assets/Synty/PolygonApocalypse/Models/SM_Prop_Barrel_Nuke_Pool_01.fbx
  artifactKey: Guid(821da03cec3e5ec44a3136872f9e13f7) Importer(815301076,1909f56bfc062723c751e8b465ee728b)
Start importing Assets/Synty/PolygonApocalypse/Models/SM_Prop_Barrel_Nuke_Pool_01.fbx using Guid(821da03cec3e5ec44a3136872f9e13f7) Importer(815301076,1909f56bfc062723c751e8b465ee728b) (PreviewImporter) -> (artifact id: '250a4b7ab497ecddb9f979424a57bdeb') in 0.0134164 seconds
Number of updated asset objects reloaded before import = 0Number of asset objects unloaded after import = 7

========================================================================
Received Import Request.
  Time since last request: 0.000023 seconds.
  path: Assets/Synty/PolygonApocalypse/Models/SM_Prop_Barrel_Old_01.fbx
  artifactKey: Guid(86fd2e3beacd5da46a740ce3fa1f11f0) Importer(815301076,1909f56bfc062723c751e8b465ee728b)
Start importing Assets/Synty/PolygonApocalypse/Models/SM_Prop_Barrel_Old_01.fbx using Guid(86fd2e3beacd5da46a740ce3fa1f11f0) Importer(815301076,1909f56bfc062723c751e8b465ee728b) (PreviewImporter) -> (artifact id: 'bac9749118f170a3328582bb3bee13dc') in 0.0170072 seconds
Number of updated asset objects reloaded before import = 0Number of asset objects unloaded after import = 7

========================================================================
Received Import Request.
  Time since last request: 0.000032 seconds.
  path: Assets/Synty/PolygonApocalypse/Models/Convex/SM_Prop_Barrel_Old_01_Convex.asset
  artifactKey: Guid(bfc9faa2e37a34d4db6d983b30a9fc1d) Importer(815301076,1909f56bfc062723c751e8b465ee728b)
Start importing Assets/Synty/PolygonApocalypse/Models/Convex/SM_Prop_Barrel_Old_01_Convex.asset using Guid(bfc9faa2e37a34d4db6d983b30a9fc1d) Importer(815301076,1909f56bfc062723c751e8b465ee728b) (PreviewImporter) -> (artifact id: 'da1116953304bc26e9584566f3f81eb1') in 0.0148104 seconds
Number of updated asset objects reloaded before import = 0Number of asset objects unloaded after import = 2

========================================================================
Received Import Request.
  Time since last request: 0.364918 seconds.
  path: Assets/Synty/PolygonApocalypse/Models/SM_Prop_Barrel_Stand_01.fbx
  artifactKey: Guid(441ca4edb52359146808a85d7234f47d) Importer(815301076,1909f56bfc062723c751e8b465ee728b)
Start importing Assets/Synty/PolygonApocalypse/Models/SM_Prop_Barrel_Stand_01.fbx using Guid(441ca4edb52359146808a85d7234f47d) Importer(815301076,1909f56bfc062723c751e8b465ee728b) (PreviewImporter) -> (artifact id: '3b90138b27b6b16e568fea593ffcc0e1') in 0.016064 seconds
Number of updated asset objects reloaded before import = 0Number of asset objects unloaded after import = 7

========================================================================
Received Import Request.
  Time since last request: 0.000018 seconds.
  path: Assets/Synty/PolygonApocalypse/Models/Convex/SM_Prop_Barrel_Stand_01_Convex.asset
  artifactKey: Guid(a50c2cd9efa30374a929a9c278495af1) Importer(815301076,1909f56bfc062723c751e8b465ee728b)
Start importing Assets/Synty/PolygonApocalypse/Models/Convex/SM_Prop_Barrel_Stand_01_Convex.asset using Guid(a50c2cd9efa30374a929a9c278495af1) Importer(815301076,1909f56bfc062723c751e8b465ee728b) (PreviewImporter) -> (artifact id: '65558df4da673ac964fd9c6abdc6968d') in 0.0151087 seconds
Number of updated asset objects reloaded before import = 0Number of asset objects unloaded after import = 2

========================================================================
Received Import Request.
  Time since last request: 0.000046 seconds.
  path: Assets/Synty/PolygonApocalypse/Models/Convex/SM_Prop_Barrel_Warning_01_Convex.asset
  artifactKey: Guid(ea577aeeb6d18ae4796b030548a9bfa8) Importer(815301076,1909f56bfc062723c751e8b465ee728b)
Start importing Assets/Synty/PolygonApocalypse/Models/Convex/SM_Prop_Barrel_Warning_01_Convex.asset using Guid(ea577aeeb6d18ae4796b030548a9bfa8) Importer(815301076,1909f56bfc062723c751e8b465ee728b) (PreviewImporter) -> (artifact id: '8563aa898091307133cfe3bede21ec51') in 0.0145726 seconds
Number of updated asset objects reloaded before import = 0Number of asset objects unloaded after import = 2

========================================================================
Received Import Request.
  Time since last request: 0.304557 seconds.
  path: Assets/Synty/PolygonApocalypse/Models/SM_Prop_Barrel_Water_Open_01.fbx
  artifactKey: Guid(9e477d843e180fd40a7b1a32587b365f) Importer(815301076,1909f56bfc062723c751e8b465ee728b)
Start importing Assets/Synty/PolygonApocalypse/Models/SM_Prop_Barrel_Water_Open_01.fbx using Guid(9e477d843e180fd40a7b1a32587b365f) Importer(815301076,1909f56bfc062723c751e8b465ee728b) (PreviewImporter) -> (artifact id: '89cf5f2282695dd0b580e62633e534d6') in 0.0309476 seconds
Number of updated asset objects reloaded before import = 0Number of asset objects unloaded after import = 7

========================================================================
Received Import Request.
  Time since last request: 0.000025 seconds.
  path: Assets/Synty/PolygonApocalypse/Models/SM_Prop_BarrelStack_01.fbx
  artifactKey: Guid(260b3a6641633f4448f9dfe057d9615f) Importer(815301076,1909f56bfc062723c751e8b465ee728b)
Start importing Assets/Synty/PolygonApocalypse/Models/SM_Prop_BarrelStack_01.fbx using Guid(260b3a6641633f4448f9dfe057d9615f) Importer(815301076,1909f56bfc062723c751e8b465ee728b) (PreviewImporter) -> (artifact id: '8948dc10c4857daaeeed09fd10f8cd4a') in 0.0141061 seconds
Number of updated asset objects reloaded before import = 0Number of asset objects unloaded after import = 7

========================================================================
Received Import Request.
  Time since last request: 0.000032 seconds.
  path: Assets/Synty/PolygonApocalypse/Models/SM_Prop_BarrelStack_01_Tarp.fbx
  artifactKey: Guid(ea17f0ff78a93204886f15f75b17fc9b) Importer(815301076,1909f56bfc062723c751e8b465ee728b)
Start importing Assets/Synty/PolygonApocalypse/Models/SM_Prop_BarrelStack_01_Tarp.fbx using Guid(ea17f0ff78a93204886f15f75b17fc9b) Importer(815301076,1909f56bfc062723c751e8b465ee728b) (PreviewImporter) -> (artifact id: '7fd1541cc735ebb332ec424b3baff7e7') in 0.0155186 seconds
Number of updated asset objects reloaded before import = 0Number of asset objects unloaded after import = 9

========================================================================
Received Import Request.
  Time since last request: 0.000017 seconds.
  path: Assets/Synty/PolygonApocalypse/Models/SM_Prop_BarrelStack_02.fbx
  artifactKey: Guid(305f96200b754974a8638835ff8aa4d2) Importer(815301076,1909f56bfc062723c751e8b465ee728b)
Start importing Assets/Synty/PolygonApocalypse/Models/SM_Prop_BarrelStack_02.fbx using Guid(305f96200b754974a8638835ff8aa4d2) Importer(815301076,1909f56bfc062723c751e8b465ee728b) (PreviewImporter) -> (artifact id: '13b6fecdf919812ce33bab9ab4ecc072') in 0.0126646 seconds
Number of updated asset objects reloaded before import = 0Number of asset objects unloaded after import = 7

========================================================================
Received Import Request.
  Time since last request: 0.399536 seconds.
  path: Assets/Synty/PolygonApocalypse/Models/SM_Prop_Barricade_01.fbx
  artifactKey: Guid(22d7a2b70a699be45b7964bce5c28603) Importer(815301076,1909f56bfc062723c751e8b465ee728b)
Start importing Assets/Synty/PolygonApocalypse/Models/SM_Prop_Barricade_01.fbx using Guid(22d7a2b70a699be45b7964bce5c28603) Importer(815301076,1909f56bfc062723c751e8b465ee728b) (PreviewImporter) -> (artifact id: '08c8bc21035c60652458bdb0392683b8') in 0.0127787 seconds
Number of updated asset objects reloaded before import = 0Number of asset objects unloaded after import = 7

========================================================================
Received Import Request.
  Time since last request: 0.000018 seconds.
  path: Assets/Synty/PolygonApocalypse/Models/Convex/SM_Prop_Barricade_01_Convex.asset
  artifactKey: Guid(08fd5f16b79c44d4a875696d1eca4f1a) Importer(815301076,1909f56bfc062723c751e8b465ee728b)
Start importing Assets/Synty/PolygonApocalypse/Models/Convex/SM_Prop_Barricade_01_Convex.asset using Guid(08fd5f16b79c44d4a875696d1eca4f1a) Importer(815301076,1909f56bfc062723c751e8b465ee728b) (PreviewImporter) -> (artifact id: 'd28f34e22324efe10ea4ae586cd7261b') in 0.0164229 seconds
Number of updated asset objects reloaded before import = 0Number of asset objects unloaded after import = 2

========================================================================
Received Import Request.
  Time since last request: 0.000020 seconds.
  path: Assets/Synty/PolygonApocalypse/Models/SM_Prop_Barricade_03.fbx
  artifactKey: Guid(ffff336c7605d6f43ab7b2bf3050355d) Importer(815301076,1909f56bfc062723c751e8b465ee728b)
Start importing Assets/Synty/PolygonApocalypse/Models/SM_Prop_Barricade_03.fbx using Guid(ffff336c7605d6f43ab7b2bf3050355d) Importer(815301076,1909f56bfc062723c751e8b465ee728b) (PreviewImporter) -> (artifact id: '0187d5a0b6e93aa345d9761b54b51ed8') in 0.0146023 seconds
Number of updated asset objects reloaded before import = 0Number of asset objects unloaded after import = 7

========================================================================
Received Import Request.
  Time since last request: 0.728191 seconds.
  path: Assets/Synty/PolygonApocalypse/Models/Convex/SM_Prop_Barricade_04_Convex.asset
  artifactKey: Guid(f1d9ec5ab24e62949b05bdc3d5f44e66) Importer(815301076,1909f56bfc062723c751e8b465ee728b)
Start importing Assets/Synty/PolygonApocalypse/Models/Convex/SM_Prop_Barricade_04_Convex.asset using Guid(f1d9ec5ab24e62949b05bdc3d5f44e66) Importer(815301076,1909f56bfc062723c751e8b465ee728b) (PreviewImporter) -> (artifact id: 'ac413e269ed99a48f411d7385d17ddb2') in 0.0149562 seconds
Number of updated asset objects reloaded before import = 0Number of asset objects unloaded after import = 2

========================================================================
Received Import Request.
  Time since last request: 0.385572 seconds.
  path: Assets/Synty/PolygonApocalypse/Models/Convex/SM_Prop_Barricade_06_Convex.asset
  artifactKey: Guid(b8c096b08945ba643b33fe4a6d43cf39) Importer(815301076,1909f56bfc062723c751e8b465ee728b)
Start importing Assets/Synty/PolygonApocalypse/Models/Convex/SM_Prop_Barricade_06_Convex.asset using Guid(b8c096b08945ba643b33fe4a6d43cf39) Importer(815301076,1909f56bfc062723c751e8b465ee728b) (PreviewImporter) -> (artifact id: 'f2710314d49d8cfc1f1e738d59f1eb52') in 0.0143752 seconds
Number of updated asset objects reloaded before import = 0Number of asset objects unloaded after import = 2

========================================================================
Received Import Request.
  Time since last request: 0.000020 seconds.
  path: Assets/Synty/PolygonApocalypse/Models/Convex/SM_Prop_Barricade_07_Convex.asset
  artifactKey: Guid(4330875c16bc3fe41a427a70aa81f020) Importer(815301076,1909f56bfc062723c751e8b465ee728b)
Start importing Assets/Synty/PolygonApocalypse/Models/Convex/SM_Prop_Barricade_07_Convex.asset using Guid(4330875c16bc3fe41a427a70aa81f020) Importer(815301076,1909f56bfc062723c751e8b465ee728b) (PreviewImporter) -> (artifact id: '1a073c421367ccc435920c610e8bb778') in 0.015705 seconds
Number of updated asset objects reloaded before import = 0Number of asset objects unloaded after import = 2

========================================================================
Received Import Request.
  Time since last request: 0.000023 seconds.
  path: Assets/Synty/PolygonApocalypse/Models/SM_Prop_Barricade_08.fbx
  artifactKey: Guid(9125b4bce99afb0448e17be9cf7cc2e8) Importer(815301076,1909f56bfc062723c751e8b465ee728b)
Start importing Assets/Synty/PolygonApocalypse/Models/SM_Prop_Barricade_08.fbx using Guid(9125b4bce99afb0448e17be9cf7cc2e8) Importer(815301076,1909f56bfc062723c751e8b465ee728b) (PreviewImporter) -> (artifact id: '1fcbd414a00b447eeea5339df0d1e1f3') in 0.0120261 seconds
Number of updated asset objects reloaded before import = 0Number of asset objects unloaded after import = 7

========================================================================
Received Import Request.
  Time since last request: 0.258930 seconds.
  path: Assets/Synty/PolygonApocalypse/Models/SM_Prop_Barricade_09.fbx
  artifactKey: Guid(654d4c48078593e4885cb477fd37c086) Importer(815301076,1909f56bfc062723c751e8b465ee728b)
Start importing Assets/Synty/PolygonApocalypse/Models/SM_Prop_Barricade_09.fbx using Guid(654d4c48078593e4885cb477fd37c086) Importer(815301076,1909f56bfc062723c751e8b465ee728b) (PreviewImporter) -> (artifact id: 'bd63382e78459f1632f7ce265aa30dc9') in 0.0182506 seconds
Number of updated asset objects reloaded before import = 0Number of asset objects unloaded after import = 7

========================================================================
Received Import Request.
  Time since last request: 0.000020 seconds.
  path: Assets/Synty/PolygonApocalypse/Models/Convex/SM_Prop_Barricade_10_Convex.asset
  artifactKey: Guid(1f44903845c4905428806fb1b0f933b6) Importer(815301076,1909f56bfc062723c751e8b465ee728b)
Start importing Assets/Synty/PolygonApocalypse/Models/Convex/SM_Prop_Barricade_10_Convex.asset using Guid(1f44903845c4905428806fb1b0f933b6) Importer(815301076,1909f56bfc062723c751e8b465ee728b) (PreviewImporter) -> (artifact id: '94967a8e45315783bd2f558eb09f825a') in 0.0174201 seconds
Number of updated asset objects reloaded before import = 0Number of asset objects unloaded after import = 2

========================================================================
Received Import Request.
  Time since last request: 0.000022 seconds.
  path: Assets/Synty/PolygonApocalypse/Models/SM_Prop_Barricade_11.fbx
  artifactKey: Guid(1adf12f0da878514d851897c713a5a1b) Importer(815301076,1909f56bfc062723c751e8b465ee728b)
Start importing Assets/Synty/PolygonApocalypse/Models/SM_Prop_Barricade_11.fbx using Guid(1adf12f0da878514d851897c713a5a1b) Importer(815301076,1909f56bfc062723c751e8b465ee728b) (PreviewImporter) -> (artifact id: 'cfb8659df88512cc46bf184b26252ce2') in 0.0179329 seconds
Number of updated asset objects reloaded before import = 0Number of asset objects unloaded after import = 7

========================================================================
Received Import Request.
  Time since last request: 0.000022 seconds.
  path: Assets/Synty/PolygonApocalypse/Models/Convex/SM_Prop_Barricade_11_Convex.asset
  artifactKey: Guid(8a3daeb0f32c6af46b5c46cc98af0fe1) Importer(815301076,1909f56bfc062723c751e8b465ee728b)
Start importing Assets/Synty/PolygonApocalypse/Models/Convex/SM_Prop_Barricade_11_Convex.asset using Guid(8a3daeb0f32c6af46b5c46cc98af0fe1) Importer(815301076,1909f56bfc062723c751e8b465ee728b) (PreviewImporter) -> (artifact id: '1051580bb3be8eae9460d6ce03d73ef1') in 0.0169653 seconds
Number of updated asset objects reloaded before import = 0Number of asset objects unloaded after import = 2

========================================================================
Received Import Request.
  Time since last request: 0.191975 seconds.
  path: Assets/Synty/PolygonApocalypse/Models/SM_Prop_Barricade_13.fbx
  artifactKey: Guid(90ca48b5ddafbf0448d39fcd9ab486e0) Importer(815301076,1909f56bfc062723c751e8b465ee728b)
Start importing Assets/Synty/PolygonApocalypse/Models/SM_Prop_Barricade_13.fbx using Guid(90ca48b5ddafbf0448d39fcd9ab486e0) Importer(815301076,1909f56bfc062723c751e8b465ee728b) (PreviewImporter) -> (artifact id: '41313678c96439217fceca3f859210d0') in 0.016318 seconds
Number of updated asset objects reloaded before import = 0Number of asset objects unloaded after import = 7

========================================================================
Received Import Request.
  Time since last request: 0.000020 seconds.
  path: Assets/Synty/PolygonApocalypse/Models/SM_Prop_Barricade_Concrete_01.fbx
  artifactKey: Guid(1cf7ad2af603b3143b3f9463593255cc) Importer(815301076,1909f56bfc062723c751e8b465ee728b)
Start importing Assets/Synty/PolygonApocalypse/Models/SM_Prop_Barricade_Concrete_01.fbx using Guid(1cf7ad2af603b3143b3f9463593255cc) Importer(815301076,1909f56bfc062723c751e8b465ee728b) (PreviewImporter) -> (artifact id: 'd977fa6145b42b51d2656fc002e24b8f') in 0.0136822 seconds
Number of updated asset objects reloaded before import = 0Number of asset objects unloaded after import = 7

========================================================================
Received Import Request.
  Time since last request: 0.000029 seconds.
  path: Assets/Synty/PolygonApocalypse/Models/SM_Prop_Barricade_Corrugated_01.fbx
  artifactKey: Guid(3f7b6909992d5434b9a9ae99b66cc037) Importer(815301076,1909f56bfc062723c751e8b465ee728b)
Start importing Assets/Synty/PolygonApocalypse/Models/SM_Prop_Barricade_Corrugated_01.fbx using Guid(3f7b6909992d5434b9a9ae99b66cc037) Importer(815301076,1909f56bfc062723c751e8b465ee728b) (PreviewImporter) -> (artifact id: '7cf1636517b3d0fb1548af52043b9d09') in 0.0211248 seconds
Number of updated asset objects reloaded before import = 0Number of asset objects unloaded after import = 7

========================================================================
Received Import Request.
  Time since last request: 0.000018 seconds.
  path: Assets/Synty/PolygonApocalypse/Models/Convex/SM_Prop_Barricade_Corrugated_01_Convex.asset
  artifactKey: Guid(c0340aef861a26d448ffa208dd1db6e7) Importer(815301076,1909f56bfc062723c751e8b465ee728b)
Start importing Assets/Synty/PolygonApocalypse/Models/Convex/SM_Prop_Barricade_Corrugated_01_Convex.asset using Guid(c0340aef861a26d448ffa208dd1db6e7) Importer(815301076,1909f56bfc062723c751e8b465ee728b) (PreviewImporter) -> (artifact id: '6f22503d8b35323707debad78da35825') in 0.0170501 seconds
Number of updated asset objects reloaded before import = 0Number of asset objects unloaded after import = 2

========================================================================
Received Import Request.
  Time since last request: 0.221725 seconds.
  path: Assets/Synty/PolygonApocalypse/Models/Convex/SM_Prop_Barricade_Pallet_01_Convex.asset
  artifactKey: Guid(8989005818536f74e8106dcc7d4780e3) Importer(815301076,1909f56bfc062723c751e8b465ee728b)
Start importing Assets/Synty/PolygonApocalypse/Models/Convex/SM_Prop_Barricade_Pallet_01_Convex.asset using Guid(8989005818536f74e8106dcc7d4780e3) Importer(815301076,1909f56bfc062723c751e8b465ee728b) (PreviewImporter) -> (artifact id: 'f768bbb3747c03a60a86cde9ef78ab37') in 0.0188366 seconds
Number of updated asset objects reloaded before import = 0Number of asset objects unloaded after import = 2

========================================================================
Received Import Request.
  Time since last request: 0.000019 seconds.
  path: Assets/Synty/PolygonApocalypse/Models/Convex/SM_Prop_Barricade_Wired_01_Convex.asset
  artifactKey: Guid(717f0834bb0db4c4f8c6fbe332a449ff) Importer(815301076,1909f56bfc062723c751e8b465ee728b)
Start importing Assets/Synty/PolygonApocalypse/Models/Convex/SM_Prop_Barricade_Wired_01_Convex.asset using Guid(717f0834bb0db4c4f8c6fbe332a449ff) Importer(815301076,1909f56bfc062723c751e8b465ee728b) (PreviewImporter) -> (artifact id: '0a558036f915946db1f06be57d062045') in 0.0157934 seconds
Number of updated asset objects reloaded before import = 0Number of asset objects unloaded after import = 2

========================================================================
Received Import Request.
  Time since last request: 0.261797 seconds.
  path: Assets/Synty/PolygonApocalypse/Models/Convex/SM_Prop_Barricade_Wired_02_Convex.asset
  artifactKey: Guid(2b308771d989e9a4ab741ad067bca479) Importer(815301076,1909f56bfc062723c751e8b465ee728b)
Start importing Assets/Synty/PolygonApocalypse/Models/Convex/SM_Prop_Barricade_Wired_02_Convex.asset using Guid(2b308771d989e9a4ab741ad067bca479) Importer(815301076,1909f56bfc062723c751e8b465ee728b) (PreviewImporter) -> (artifact id: '5d67a6eda51a08396233569afe50763c') in 0.0195489 seconds
Number of updated asset objects reloaded before import = 0Number of asset objects unloaded after import = 2

========================================================================
Received Import Request.
  Time since last request: 0.000026 seconds.
  path: Assets/Synty/PolygonApocalypse/Models/Convex/SM_Prop_Barrier_Concrete_01_Convex.asset
  artifactKey: Guid(e06dcb9de3c93a54baec28fe29974513) Importer(815301076,1909f56bfc062723c751e8b465ee728b)
Start importing Assets/Synty/PolygonApocalypse/Models/Convex/SM_Prop_Barrier_Concrete_01_Convex.asset using Guid(e06dcb9de3c93a54baec28fe29974513) Importer(815301076,1909f56bfc062723c751e8b465ee728b) (PreviewImporter) -> (artifact id: '9fc4b83ac001614b3c60800f0afbbcaa') in 0.0163499 seconds
Number of updated asset objects reloaded before import = 0Number of asset objects unloaded after import = 2

========================================================================
Received Import Request.
  Time since last request: 0.000029 seconds.
  path: Assets/Synty/PolygonApocalypse/Models/SM_Prop_Barrier_Concrete_02.fbx
  artifactKey: Guid(69cb1f8f863a1dc4fbbb688b7239bf7d) Importer(815301076,1909f56bfc062723c751e8b465ee728b)
Start importing Assets/Synty/PolygonApocalypse/Models/SM_Prop_Barrier_Concrete_02.fbx using Guid(69cb1f8f863a1dc4fbbb688b7239bf7d) Importer(815301076,1909f56bfc062723c751e8b465ee728b) (PreviewImporter) -> (artifact id: 'b15dbd3ec0d48f4d33997f209115638e') in 0.0153583 seconds
Number of updated asset objects reloaded before import = 0Number of asset objects unloaded after import = 7

========================================================================
Received Import Request.
  Time since last request: 0.361551 seconds.
  path: Assets/Synty/PolygonApocalypse/Models/Convex/SM_Prop_Barrier_Concrete_Bare_01_Convex.asset
  artifactKey: Guid(e42675e56b7da344e8a60d452981bb55) Importer(815301076,1909f56bfc062723c751e8b465ee728b)
Start importing Assets/Synty/PolygonApocalypse/Models/Convex/SM_Prop_Barrier_Concrete_Bare_01_Convex.asset using Guid(e42675e56b7da344e8a60d452981bb55) Importer(815301076,1909f56bfc062723c751e8b465ee728b) (PreviewImporter) -> (artifact id: '7ff9ea3c38ae88e9e9ea3daff6e55b75') in 0.0182323 seconds
Number of updated asset objects reloaded before import = 0Number of asset objects unloaded after import = 2

========================================================================
Received Import Request.
  Time since last request: 0.000024 seconds.
  path: Assets/Synty/PolygonApocalypse/Models/SM_Prop_Barrier_Concrete_Bare_Broken_01.fbx
  artifactKey: Guid(ec6a989fd4fd3d54cae184d69b02f8ca) Importer(815301076,1909f56bfc062723c751e8b465ee728b)
Start importing Assets/Synty/PolygonApocalypse/Models/SM_Prop_Barrier_Concrete_Bare_Broken_01.fbx using Guid(ec6a989fd4fd3d54cae184d69b02f8ca) Importer(815301076,1909f56bfc062723c751e8b465ee728b) (PreviewImporter) -> (artifact id: 'e0f6ab3e0f03d29ba0d85affba371462') in 0.0158476 seconds
Number of updated asset objects reloaded before import = 0Number of asset objects unloaded after import = 7

========================================================================
Received Import Request.
  Time since last request: 0.000026 seconds.
  path: Assets/Synty/PolygonApocalypse/Models/SM_Prop_Barrier_Concrete_Bare_Broken_02.fbx
  artifactKey: Guid(2ecc92d3bb801a44dbeda51770933eab) Importer(815301076,1909f56bfc062723c751e8b465ee728b)
Start importing Assets/Synty/PolygonApocalypse/Models/SM_Prop_Barrier_Concrete_Bare_Broken_02.fbx using Guid(2ecc92d3bb801a44dbeda51770933eab) Importer(815301076,1909f56bfc062723c751e8b465ee728b) (PreviewImporter) -> (artifact id: '20bdba135f37989166a5238189b123ff') in 0.0135654 seconds
Number of updated asset objects reloaded before import = 0Number of asset objects unloaded after import = 7

========================================================================
Received Import Request.
  Time since last request: 0.373866 seconds.
  path: Assets/Synty/PolygonApocalypse/Models/SM_Prop_Barrier_Concrete_Broken_01.fbx
  artifactKey: Guid(dfcea32d2346df34ab781f372285a250) Importer(815301076,1909f56bfc062723c751e8b465ee728b)
Start importing Assets/Synty/PolygonApocalypse/Models/SM_Prop_Barrier_Concrete_Broken_01.fbx using Guid(dfcea32d2346df34ab781f372285a250) Importer(815301076,1909f56bfc062723c751e8b465ee728b) (PreviewImporter) -> (artifact id: '0a886179dd54973dabdbd0520b5b7bf2') in 0.0136588 seconds
Number of updated asset objects reloaded before import = 0Number of asset objects unloaded after import = 7

========================================================================
Received Import Request.
  Time since last request: 0.025516 seconds.
  path: Assets/Synty/PolygonApocalypse/Models/SM_Prop_Barrier_Concrete_Half_01.fbx
  artifactKey: Guid(5bd70ef93adde9c41ba7913be1b5d8a5) Importer(815301076,1909f56bfc062723c751e8b465ee728b)
Start importing Assets/Synty/PolygonApocalypse/Models/SM_Prop_Barrier_Concrete_Half_01.fbx using Guid(5bd70ef93adde9c41ba7913be1b5d8a5) Importer(815301076,1909f56bfc062723c751e8b465ee728b) (PreviewImporter) -> (artifact id: '444d67b58f6039c037a8f83f530e58d7') in 0.0134889 seconds
Number of updated asset objects reloaded before import = 0Number of asset objects unloaded after import = 7

========================================================================
Received Import Request.
  Time since last request: 0.000021 seconds.
  path: Assets/Synty/PolygonApocalypse/Models/SM_Prop_Barrier_Concrete_Half_Bare_01.fbx
  artifactKey: Guid(7f8395221d9d94741b74dc9f0078f81f) Importer(815301076,1909f56bfc062723c751e8b465ee728b)
Start importing Assets/Synty/PolygonApocalypse/Models/SM_Prop_Barrier_Concrete_Half_Bare_01.fbx using Guid(7f8395221d9d94741b74dc9f0078f81f) Importer(815301076,1909f56bfc062723c751e8b465ee728b) (PreviewImporter) -> (artifact id: '4c27a4f0dd87c07b9fc8d103fb75546c') in 0.0155138 seconds
Number of updated asset objects reloaded before import = 0Number of asset objects unloaded after import = 7

========================================================================
Received Import Request.
  Time since last request: 0.938300 seconds.
  path: Assets/Synty/PolygonApocalypse/Models/Convex/SM_Prop_Barrier_Long_01_Convex.asset
  artifactKey: Guid(ad7c12b7158eb6b47bcaf9e45c28984d) Importer(815301076,1909f56bfc062723c751e8b465ee728b)
Start importing Assets/Synty/PolygonApocalypse/Models/Convex/SM_Prop_Barrier_Long_01_Convex.asset using Guid(ad7c12b7158eb6b47bcaf9e45c28984d) Importer(815301076,1909f56bfc062723c751e8b465ee728b) (PreviewImporter) -> (artifact id: '68aec16c860325ffe1a638e660c45758') in 0.0177855 seconds
Number of updated asset objects reloaded before import = 0Number of asset objects unloaded after import = 2

========================================================================
Received Import Request.
  Time since last request: 0.426764 seconds.
  path: Assets/Synty/PolygonApocalypse/Models/Convex/SM_Prop_Barrier_Long_Bare_01_Convex.asset
  artifactKey: Guid(e6f9c6eea7fec694b983bd0e573cf76b) Importer(815301076,1909f56bfc062723c751e8b465ee728b)
Start importing Assets/Synty/PolygonApocalypse/Models/Convex/SM_Prop_Barrier_Long_Bare_01_Convex.asset using Guid(e6f9c6eea7fec694b983bd0e573cf76b) Importer(815301076,1909f56bfc062723c751e8b465ee728b) (PreviewImporter) -> (artifact id: 'e01a164e31b4de853a054ab63ba5c61a') in 0.01784 seconds
Number of updated asset objects reloaded before import = 0Number of asset objects unloaded after import = 2

========================================================================
Received Import Request.
  Time since last request: 0.010703 seconds.
  path: Assets/Synty/PolygonApocalypse/Models/SM_Prop_Barrier_Plastic_01.fbx
  artifactKey: Guid(23641c2e860a6f94eb6461624040e1f3) Importer(815301076,1909f56bfc062723c751e8b465ee728b)
Start importing Assets/Synty/PolygonApocalypse/Models/SM_Prop_Barrier_Plastic_01.fbx using Guid(23641c2e860a6f94eb6461624040e1f3) Importer(815301076,1909f56bfc062723c751e8b465ee728b) (PreviewImporter) -> (artifact id: '28a4640ff6b291ef1192cd8bf7a087b9') in 0.0194012 seconds
Number of updated asset objects reloaded before import = 0Number of asset objects unloaded after import = 7

========================================================================
Received Import Request.
  Time since last request: 0.000037 seconds.
  path: Assets/Synty/PolygonApocalypse/Models/Convex/SM_Prop_Barrier_Plastic_01_Convex.asset
  artifactKey: Guid(5843c196530bde34cabbb84f908b278b) Importer(815301076,1909f56bfc062723c751e8b465ee728b)
Start importing Assets/Synty/PolygonApocalypse/Models/Convex/SM_Prop_Barrier_Plastic_01_Convex.asset using Guid(5843c196530bde34cabbb84f908b278b) Importer(815301076,1909f56bfc062723c751e8b465ee728b) (PreviewImporter) -> (artifact id: 'f307fe22a7966b1da8825ddc5f700d60') in 0.0164791 seconds
Number of updated asset objects reloaded before import = 0Number of asset objects unloaded after import = 2

========================================================================
Received Import Request.
  Time since last request: 0.471487 seconds.
  path: Assets/Synty/PolygonApocalypse/Models/Convex/SM_Prop_Barrier_Plastic_02_Convex.asset
  artifactKey: Guid(331d0a701e8f8304aaf1033a48f33610) Importer(815301076,1909f56bfc062723c751e8b465ee728b)
Start importing Assets/Synty/PolygonApocalypse/Models/Convex/SM_Prop_Barrier_Plastic_02_Convex.asset using Guid(331d0a701e8f8304aaf1033a48f33610) Importer(815301076,1909f56bfc062723c751e8b465ee728b) (PreviewImporter) -> (artifact id: 'ba8f31ae248fe0a1177ffa31300511ce') in 0.0164328 seconds
Number of updated asset objects reloaded before import = 0Number of asset objects unloaded after import = 2

========================================================================
Received Import Request.
  Time since last request: 0.000021 seconds.
  path: Assets/Synty/PolygonApocalypse/Prefabs/Props/SM_Prop_Barrier_Rubble_01.prefab
  artifactKey: Guid(45f500393eaa7ee41886707c274b46c7) Importer(815301076,1909f56bfc062723c751e8b465ee728b)
Start importing Assets/Synty/PolygonApocalypse/Prefabs/Props/SM_Prop_Barrier_Rubble_01.prefab using Guid(45f500393eaa7ee41886707c274b46c7) Importer(815301076,1909f56bfc062723c751e8b465ee728b) (PreviewImporter) -> (artifact id: '7eb8991d46330c772a773815c1347777') in 0.0264059 seconds
Number of updated asset objects reloaded before import = 0Number of asset objects unloaded after import = 18

========================================================================
Received Import Request.
  Time since last request: 0.888427 seconds.
  path: Assets/Synty/PolygonApocalypse/Models/Convex/SM_Prop_Wall_Quarantine_BarbedWire_01_Convex.asset
  artifactKey: Guid(8d01d12378ba8b64b826a874162a4ab1) Importer(815301076,1909f56bfc062723c751e8b465ee728b)
Start importing Assets/Synty/PolygonApocalypse/Models/Convex/SM_Prop_Wall_Quarantine_BarbedWire_01_Convex.asset using Guid(8d01d12378ba8b64b826a874162a4ab1) Importer(815301076,1909f56bfc062723c751e8b465ee728b) (PreviewImporter) -> (artifact id: 'b6ba5cd9c8331277ec597e1fd30893e9') in 0.0164511 seconds
Number of updated asset objects reloaded before import = 0Number of asset objects unloaded after import = 2

========================================================================
Received Import Request.
  Time since last request: 0.000030 seconds.
  path: Assets/Synty/PolygonApocalypse/Prefabs/Props/SM_Prop_Wall_Quarantine_BarbedWire_02.prefab
  artifactKey: Guid(36ec1c0df8c3b5d4b818fe0270dc0c68) Importer(815301076,1909f56bfc062723c751e8b465ee728b)
Start importing Assets/Synty/PolygonApocalypse/Prefabs/Props/SM_Prop_Wall_Quarantine_BarbedWire_02.prefab using Guid(36ec1c0df8c3b5d4b818fe0270dc0c68) Importer(815301076,1909f56bfc062723c751e8b465ee728b) (PreviewImporter) -> (artifact id: '15e90ed436c0b41d2a17a9e622eb9bca') in 0.0470531 seconds
Number of updated asset objects reloaded before import = 0Number of asset objects unloaded after import = 18

========================================================================
Received Import Request.
  Time since last request: 0.000024 seconds.
  path: Assets/Synty/PolygonApocalypse/Models/Convex/SM_Prop_Wheelbarrow_01_Convex.asset
  artifactKey: Guid(93da465b1b9c69048ad45945093d4fbc) Importer(815301076,1909f56bfc062723c751e8b465ee728b)
Start importing Assets/Synty/PolygonApocalypse/Models/Convex/SM_Prop_Wheelbarrow_01_Convex.asset using Guid(93da465b1b9c69048ad45945093d4fbc) Importer(815301076,1909f56bfc062723c751e8b465ee728b) (PreviewImporter) -> (artifact id: '31dea527ed9c97376d9fd4d93b1c0469') in 0.0164787 seconds
Number of updated asset objects reloaded before import = 0Number of asset objects unloaded after import = 2

========================================================================
Received Import Request.
  Time since last request: 0.000029 seconds.
  path: Assets/Synty/PolygonApocalypse/Models/SM_Prop_Wheelbarrow_Damaged_01.fbx
  artifactKey: Guid(d98a494e390ebf645b533360aec61383) Importer(815301076,1909f56bfc062723c751e8b465ee728b)
Start importing Assets/Synty/PolygonApocalypse/Models/SM_Prop_Wheelbarrow_Damaged_01.fbx using Guid(d98a494e390ebf645b533360aec61383) Importer(815301076,1909f56bfc062723c751e8b465ee728b) (PreviewImporter) -> (artifact id: '83f3089da43e4424a7f53a23b91277da') in 0.0170796 seconds
Number of updated asset objects reloaded before import = 0Number of asset objects unloaded after import = 7

========================================================================
Received Import Request.
  Time since last request: 0.305646 seconds.
  path: Assets/Synty/PolygonApocalypse/Models/SM_Veh_Motorbike_01.fbx
  artifactKey: Guid(7e7302f7f5015d24890eb414b16f8afc) Importer(815301076,1909f56bfc062723c751e8b465ee728b)
Start importing Assets/Synty/PolygonApocalypse/Models/SM_Veh_Motorbike_01.fbx using Guid(7e7302f7f5015d24890eb414b16f8afc) Importer(815301076,1909f56bfc062723c751e8b465ee728b) (PreviewImporter) -> (artifact id: '07ab8e311317f0d21ecdc806cbb4d202') in 0.0439655 seconds
Number of updated asset objects reloaded before import = 0Number of asset objects unloaded after import = 32

========================================================================
Received Import Request.
  Time since last request: 0.000019 seconds.
  path: Assets/Synty/PolygonApocalypse/Models/Convex/SM_Wep_Crowbar_01_Convex.asset
  artifactKey: Guid(4f1235fa98501384d8b2142ebae9a7ee) Importer(815301076,1909f56bfc062723c751e8b465ee728b)
Start importing Assets/Synty/PolygonApocalypse/Models/Convex/SM_Wep_Crowbar_01_Convex.asset using Guid(4f1235fa98501384d8b2142ebae9a7ee) Importer(815301076,1909f56bfc062723c751e8b465ee728b) (PreviewImporter) -> (artifact id: '83a00d68f7354e6bcc4fd61691101335') in 0.0199701 seconds
Number of updated asset objects reloaded before import = 0Number of asset objects unloaded after import = 2

========================================================================
Received Import Request.
  Time since last request: 0.000024 seconds.
  path: Assets/Synty/PolygonApocalypse/Models/SM_Wep_Minigun_01.fbx
  artifactKey: Guid(ce3f3f29eedd870409ab7a7655b4da74) Importer(815301076,1909f56bfc062723c751e8b465ee728b)
Start importing Assets/Synty/PolygonApocalypse/Models/SM_Wep_Minigun_01.fbx using Guid(ce3f3f29eedd870409ab7a7655b4da74) Importer(815301076,1909f56bfc062723c751e8b465ee728b) (PreviewImporter) -> (artifact id: 'adbf8c7b59c95a62cdcb60e0483a2c21') in 0.0437125 seconds
Number of updated asset objects reloaded before import = 0Number of asset objects unloaded after import = 27

========================================================================
Received Import Request.
  Time since last request: 0.488354 seconds.
  path: Assets/Synty/PolygonApocalypse/Prefabs/Weapons/Modular/SM_Wep_Mod_Barrel_02.prefab
  artifactKey: Guid(c7a4ffd0d409b4a4bb786347e8912e06) Importer(815301076,1909f56bfc062723c751e8b465ee728b)
Start importing Assets/Synty/PolygonApocalypse/Prefabs/Weapons/Modular/SM_Wep_Mod_Barrel_02.prefab using Guid(c7a4ffd0d409b4a4bb786347e8912e06) Importer(815301076,1909f56bfc062723c751e8b465ee728b) (PreviewImporter) -> (artifact id: 'b1a6b203615621135755d99f2afd5a4b') in 0.0403395 seconds
Number of updated asset objects reloaded before import = 0Number of asset objects unloaded after import = 16

========================================================================
Received Import Request.
  Time since last request: 0.302485 seconds.
  path: Assets/Synty/PolygonApocalypse/Prefabs/Weapons/Modular/SM_Wep_Mod_Barrel_04.prefab
  artifactKey: Guid(9ef33d59e2049ef41befbaab4e110200) Importer(815301076,1909f56bfc062723c751e8b465ee728b)
Start importing Assets/Synty/PolygonApocalypse/Prefabs/Weapons/Modular/SM_Wep_Mod_Barrel_04.prefab using Guid(9ef33d59e2049ef41befbaab4e110200) Importer(815301076,1909f56bfc062723c751e8b465ee728b) (PreviewImporter) -> (artifact id: 'd9265b690e40528feaf03bc077bf6ab0') in 0.0309874 seconds
Number of updated asset objects reloaded before import = 0Number of asset objects unloaded after import = 16

========================================================================
Received Import Request.
  Time since last request: 2.367111 seconds.
  path: Assets/Synty/PolygonApocalypse/Models/SM_Wep_Mod_Barrel_06.fbx
  artifactKey: Guid(a9fede463c85ec54f9e197379e9c3348) Importer(815301076,1909f56bfc062723c751e8b465ee728b)
Start importing Assets/Synty/PolygonApocalypse/Models/SM_Wep_Mod_Barrel_06.fbx using Guid(a9fede463c85ec54f9e197379e9c3348) Importer(815301076,1909f56bfc062723c751e8b465ee728b) (PreviewImporter) -> (artifact id: 'b4a42222b5ad142fcc4c8ac9012673ea') in 0.0135079 seconds
Number of updated asset objects reloaded before import = 0Number of asset objects unloaded after import = 7

========================================================================
Received Import Request.
  Time since last request: 0.000024 seconds.
  path: Assets/Synty/PolygonApocalypse/Models/SM_Wep_Mod_Barrel_08.fbx
  artifactKey: Guid(6d291799717a27543bb2bcfbcc512885) Importer(815301076,1909f56bfc062723c751e8b465ee728b)
Start importing Assets/Synty/PolygonApocalypse/Models/SM_Wep_Mod_Barrel_08.fbx using Guid(6d291799717a27543bb2bcfbcc512885) Importer(815301076,1909f56bfc062723c751e8b465ee728b) (PreviewImporter) -> (artifact id: '155ac1cf90e6e528f22d2791188ec2c4') in 0.0162264 seconds
Number of updated asset objects reloaded before import = 0Number of asset objects unloaded after import = 7

========================================================================
Received Import Request.
  Time since last request: 0.000019 seconds.
  path: Assets/Synty/PolygonApocalypse/Prefabs/Weapons/Modular/SM_Wep_Mod_Barrel_08.prefab
  artifactKey: Guid(7c422a3f875b53f46906e148de47bc6d) Importer(815301076,1909f56bfc062723c751e8b465ee728b)
Start importing Assets/Synty/PolygonApocalypse/Prefabs/Weapons/Modular/SM_Wep_Mod_Barrel_08.prefab using Guid(7c422a3f875b53f46906e148de47bc6d) Importer(815301076,1909f56bfc062723c751e8b465ee728b) (PreviewImporter) -> (artifact id: 'c36017de0c4b6d7f0db77efd3a5df57e') in 0.0289725 seconds
Number of updated asset objects reloaded before import = 0Number of asset objects unloaded after import = 16

========================================================================
Received Import Request.
  Time since last request: 2.727918 seconds.
  path: Assets/Synty/PolygonApocalypse/Models/SM_Wep_Mod_Barrel_16.fbx
  artifactKey: Guid(6d9d9b846a9458a4a9f5429f4f6f616e) Importer(815301076,1909f56bfc062723c751e8b465ee728b)
Start importing Assets/Synty/PolygonApocalypse/Models/SM_Wep_Mod_Barrel_16.fbx using Guid(6d9d9b846a9458a4a9f5429f4f6f616e) Importer(815301076,1909f56bfc062723c751e8b465ee728b) (PreviewImporter) -> (artifact id: '8ab85c552450c281e86ae2c1a8388d02') in 0.0385042 seconds
Number of updated asset objects reloaded before import = 0Number of asset objects unloaded after import = 7

========================================================================
Received Import Request.
  Time since last request: 0.000021 seconds.
  path: Assets/Synty/PolygonApocalypse/Prefabs/Weapons/Modular/SM_Wep_Mod_Barrel_17.prefab
  artifactKey: Guid(71d9baa0c5a02d647a846c096408a50c) Importer(815301076,1909f56bfc062723c751e8b465ee728b)
Start importing Assets/Synty/PolygonApocalypse/Prefabs/Weapons/Modular/SM_Wep_Mod_Barrel_17.prefab using Guid(71d9baa0c5a02d647a846c096408a50c) Importer(815301076,1909f56bfc062723c751e8b465ee728b) (PreviewImporter) -> (artifact id: '01bf8a9ff42877e58187e95f6e526242') in 0.0756793 seconds
Number of updated asset objects reloaded before import = 0Number of asset objects unloaded after import = 16

========================================================================
Received Import Request.
  Time since last request: 0.373524 seconds.
  path: Assets/Synty/PolygonApocalypse/Models/SM_Wep_Mod_Barrel_22.fbx
  artifactKey: Guid(3e9a657d9b6edd04db4cdf5cab0a15b4) Importer(815301076,1909f56bfc062723c751e8b465ee728b)
Start importing Assets/Synty/PolygonApocalypse/Models/SM_Wep_Mod_Barrel_22.fbx using Guid(3e9a657d9b6edd04db4cdf5cab0a15b4) Importer(815301076,1909f56bfc062723c751e8b465ee728b) (PreviewImporter) -> (artifact id: '9fda46ce8efd9412e154b7f1e2e5007f') in 0.0139004 seconds
Number of updated asset objects reloaded before import = 0Number of asset objects unloaded after import = 7

========================================================================
Received Import Request.
  Time since last request: 0.602335 seconds.
  path: Assets/Synty/PolygonApocalypse/Prefabs/Weapons/Modular/SM_Wep_Mod_Barrel_26.prefab
  artifactKey: Guid(d59e92009f9a3394eb901430de4901d7) Importer(815301076,1909f56bfc062723c751e8b465ee728b)
Start importing Assets/Synty/PolygonApocalypse/Prefabs/Weapons/Modular/SM_Wep_Mod_Barrel_26.prefab using Guid(d59e92009f9a3394eb901430de4901d7) Importer(815301076,1909f56bfc062723c751e8b465ee728b) (PreviewImporter) -> (artifact id: '1f3e46c279c0145626574c0310621f93') in 0.0281785 seconds
Number of updated asset objects reloaded before import = 0Number of asset objects unloaded after import = 16

========================================================================
Received Import Request.
  Time since last request: 10.873878 seconds.
  path: Assets/Synty/PolygonGeneric/Prefabs/Base/SM_Bld_Base_Wall_Window_Half_01.prefab
  artifactKey: Guid(f49383fa741b8e041a3db9ae48d07860) Importer(815301076,1909f56bfc062723c751e8b465ee728b)
Start importing Assets/Synty/PolygonGeneric/Prefabs/Base/SM_Bld_Base_Wall_Window_Half_01.prefab using Guid(f49383fa741b8e041a3db9ae48d07860) Importer(815301076,1909f56bfc062723c751e8b465ee728b) (PreviewImporter) -> (artifact id: '4e8ce636b83c86df39a8ee434a3959b0') in 0.0344085 seconds
Number of updated asset objects reloaded before import = 0Number of asset objects unloaded after import = 32

========================================================================
Received Import Request.
  Time since last request: 0.000031 seconds.
  path: Assets/Synty/PolygonApocalypse/Models/SM_Bld_Bunker_Beam_Curved_Concrete_01.fbx
  artifactKey: Guid(c00f7cda0cb4dfa4eb8f0db5fd6ebc55) Importer(815301076,1909f56bfc062723c751e8b465ee728b)
Start importing Assets/Synty/PolygonApocalypse/Models/SM_Bld_Bunker_Beam_Curved_Concrete_01.fbx using Guid(c00f7cda0cb4dfa4eb8f0db5fd6ebc55) Importer(815301076,1909f56bfc062723c751e8b465ee728b) (PreviewImporter) -> (artifact id: '6c59d4dd1e542647d6ff474d4d003d64') in 0.0137133 seconds
Number of updated asset objects reloaded before import = 0Number of asset objects unloaded after import = 7

========================================================================
Received Import Request.
  Time since last request: 0.000021 seconds.
  path: Assets/Synty/PolygonGeneric/Prefabs/Base/SM_Bld_Base_Wall_Window_Half_02.prefab
  artifactKey: Guid(97b5bff341f70544190d9c89f2d8f8ca) Importer(815301076,1909f56bfc062723c751e8b465ee728b)
Start importing Assets/Synty/PolygonGeneric/Prefabs/Base/SM_Bld_Base_Wall_Window_Half_02.prefab using Guid(97b5bff341f70544190d9c89f2d8f8ca) Importer(815301076,1909f56bfc062723c751e8b465ee728b) (PreviewImporter) -> (artifact id: '9c66bb042a0510ffea4543fe6e90db81') in 0.0340672 seconds
Number of updated asset objects reloaded before import = 0Number of asset objects unloaded after import = 43

========================================================================
Received Import Request.
  Time since last request: 0.000044 seconds.
  path: Assets/Synty/PolygonApocalypse/Models/SM_Bld_Bunker_Beam_Curved_Wood_01.fbx
  artifactKey: Guid(9532d25c17911a64bb523059c34b06f7) Importer(815301076,1909f56bfc062723c751e8b465ee728b)
Start importing Assets/Synty/PolygonApocalypse/Models/SM_Bld_Bunker_Beam_Curved_Wood_01.fbx using Guid(9532d25c17911a64bb523059c34b06f7) Importer(815301076,1909f56bfc062723c751e8b465ee728b) (PreviewImporter) -> (artifact id: 'a333f977d724080c81408f3d8a650d16') in 0.0101522 seconds
Number of updated asset objects reloaded before import = 0Number of asset objects unloaded after import = 7

========================================================================
Received Import Request.
  Time since last request: 0.000017 seconds.
  path: Assets/Synty/PolygonApocalypse/Prefabs/Buildings/SM_Bld_Bunker_Beam_End_Curved_Wood_01.prefab
  artifactKey: Guid(3051f3032744ce041a3aa54613bee80e) Importer(815301076,1909f56bfc062723c751e8b465ee728b)
Start importing Assets/Synty/PolygonApocalypse/Prefabs/Buildings/SM_Bld_Bunker_Beam_End_Curved_Wood_01.prefab using Guid(3051f3032744ce041a3aa54613bee80e) Importer(815301076,1909f56bfc062723c751e8b465ee728b) (PreviewImporter) -> (artifact id: 'b1c0f893115180cb001fb72730a48f6a') in 0.0246479 seconds
Number of updated asset objects reloaded before import = 0Number of asset objects unloaded after import = 20

========================================================================
Received Import Request.
  Time since last request: 0.000033 seconds.
  path: Assets/Synty/PolygonApocalypse/Models/SM_Bld_Bunker_Ceiling_Concrete_01.fbx
  artifactKey: Guid(7a453f81f1e565543ba41a1e6cca0721) Importer(815301076,1909f56bfc062723c751e8b465ee728b)
Start importing Assets/Synty/PolygonApocalypse/Models/SM_Bld_Bunker_Ceiling_Concrete_01.fbx using Guid(7a453f81f1e565543ba41a1e6cca0721) Importer(815301076,1909f56bfc062723c751e8b465ee728b) (PreviewImporter) -> (artifact id: '60a0655b2453e4bcb2037cd6da101da7') in 0.0152267 seconds
Number of updated asset objects reloaded before import = 0Number of asset objects unloaded after import = 7

========================================================================
Received Import Request.
  Time since last request: 0.000018 seconds.
  path: Assets/Synty/PolygonApocalypse/Models/SM_Bld_Bunker_Ceiling_Concrete_02.fbx
  artifactKey: Guid(56fc5076e9b6f94479aec7ce70346106) Importer(815301076,1909f56bfc062723c751e8b465ee728b)
Start importing Assets/Synty/PolygonApocalypse/Models/SM_Bld_Bunker_Ceiling_Concrete_02.fbx using Guid(56fc5076e9b6f94479aec7ce70346106) Importer(815301076,1909f56bfc062723c751e8b465ee728b) (PreviewImporter) -> (artifact id: '58036f918dcceb0c47ed509238622971') in 0.0189673 seconds
Number of updated asset objects reloaded before import = 0Number of asset objects unloaded after import = 7

========================================================================
Received Import Request.
  Time since last request: 41.377183 seconds.
  path: Assets/Synty/PolygonApocalypse/Models/Collision/SM_Bld_HighRise_Medium_01_Interior_Base_01_Collision.fbx
  artifactKey: Guid(9f243a9c4bd063b47af72db36c04e373) Importer(815301076,1909f56bfc062723c751e8b465ee728b)
Start importing Assets/Synty/PolygonApocalypse/Models/Collision/SM_Bld_HighRise_Medium_01_Interior_Base_01_Collision.fbx using Guid(9f243a9c4bd063b47af72db36c04e373) Importer(815301076,1909f56bfc062723c751e8b465ee728b) (PreviewImporter) -> (artifact id: '8b7ce93cd33ae6f77ceb8311d48b8550') in 0.0141861 seconds
Number of updated asset objects reloaded before import = 0Number of asset objects unloaded after import = 7

========================================================================
Received Import Request.
  Time since last request: 0.000019 seconds.
  path: Assets/Synty/PolygonApocalypse/Models/Collision/SM_Bld_HighRise_Medium_01_Interior_Roof_01_Collision.fbx
  artifactKey: Guid(c42b0149a83cef04a9dcfda8ee72dc9d) Importer(815301076,1909f56bfc062723c751e8b465ee728b)
Start importing Assets/Synty/PolygonApocalypse/Models/Collision/SM_Bld_HighRise_Medium_01_Interior_Roof_01_Collision.fbx using Guid(c42b0149a83cef04a9dcfda8ee72dc9d) Importer(815301076,1909f56bfc062723c751e8b465ee728b) (PreviewImporter) -> (artifact id: '91d6b7d005278e7b2c9b84e78922bf59') in 0.0166132 seconds
Number of updated asset objects reloaded before import = 0Number of asset objects unloaded after import = 7

========================================================================
Received Import Request.
  Time since last request: 0.000020 seconds.
  path: Assets/Synty/PolygonApocalypse/Models/Collision/SM_Bld_HighRise_Medium_01_Interior_Stack_01_Collision.fbx
  artifactKey: Guid(3dbc42996f241bd4882e7b0209a690f7) Importer(815301076,1909f56bfc062723c751e8b465ee728b)
Start importing Assets/Synty/PolygonApocalypse/Models/Collision/SM_Bld_HighRise_Medium_01_Interior_Stack_01_Collision.fbx using Guid(3dbc42996f241bd4882e7b0209a690f7) Importer(815301076,1909f56bfc062723c751e8b465ee728b) (PreviewImporter) -> (artifact id: '5e530a7294af8488b9a9d90c306190c5') in 0.0153531 seconds
Number of updated asset objects reloaded before import = 0Number of asset objects unloaded after import = 7

========================================================================
Received Import Request.
  Time since last request: 16.873431 seconds.
  path: Assets/Synty/PolygonApocalypse/Textures/Alt/PolygonApocalypse_01_B.png
  artifactKey: Guid(b73c1fc40e28c8743bd474bd53f6c70b) Importer(815301076,1909f56bfc062723c751e8b465ee728b)
Start importing Assets/Synty/PolygonApocalypse/Textures/Alt/PolygonApocalypse_01_B.png using Guid(b73c1fc40e28c8743bd474bd53f6c70b) Importer(815301076,1909f56bfc062723c751e8b465ee728b) (PreviewImporter) -> (artifact id: 'cbbb70866bc3ee68f21bff97e47a60cd') in 0.0204709 seconds
Number of updated asset objects reloaded before import = 0Number of asset objects unloaded after import = 2

========================================================================
Received Import Request.
  Time since last request: 0.000022 seconds.
  path: Assets/Synty/PolygonApocalypse/Materials/Misc/PolygonApocalypse_01_Dirty.mat
  artifactKey: Guid(e53ee67879a38444fa41d9568a485e70) Importer(815301076,1909f56bfc062723c751e8b465ee728b)
Start importing Assets/Synty/PolygonApocalypse/Materials/Misc/PolygonApocalypse_01_Dirty.mat using Guid(e53ee67879a38444fa41d9568a485e70) Importer(815301076,1909f56bfc062723c751e8b465ee728b) (PreviewImporter) -> (artifact id: '4f8efb22198ed6d89e4e44ac5a76717f') in 0.0247217 seconds
Number of updated asset objects reloaded before import = 0Number of asset objects unloaded after import = 9

========================================================================
Received Import Request.
  Time since last request: 0.000025 seconds.
  path: Assets/Synty/PolygonApocalypse/Materials/Alts/PolygonApocalypse_01_Burnt.mat
  artifactKey: Guid(13644001c69de804a96a98ebe2065c41) Importer(815301076,1909f56bfc062723c751e8b465ee728b)
Start importing Assets/Synty/PolygonApocalypse/Materials/Alts/PolygonApocalypse_01_Burnt.mat using Guid(13644001c69de804a96a98ebe2065c41) Importer(815301076,1909f56bfc062723c751e8b465ee728b) (PreviewImporter) -> (artifact id: '1a1e5e3ff481bb5ca60dfc7bc2a1bbf0') in 0.0248604 seconds
Number of updated asset objects reloaded before import = 0Number of asset objects unloaded after import = 8

========================================================================
Received Import Request.
  Time since last request: 0.000027 seconds.
  path: Assets/Synty/PolygonApocalypse/Textures/Misc/PolygonApocalypse_03_Emissive.png
  artifactKey: Guid(93fcbf7115e59d94ca31e613baf190e8) Importer(815301076,1909f56bfc062723c751e8b465ee728b)
Start importing Assets/Synty/PolygonApocalypse/Textures/Misc/PolygonApocalypse_03_Emissive.png using Guid(93fcbf7115e59d94ca31e613baf190e8) Importer(815301076,1909f56bfc062723c751e8b465ee728b) (PreviewImporter) -> (artifact id: '48f054e5f927ed178c2a9dae82134174') in 0.0124892 seconds
Number of updated asset objects reloaded before import = 0Number of asset objects unloaded after import = 2

========================================================================
Received Import Request.
  Time since last request: 0.000022 seconds.
  path: Assets/Synty/PolygonApocalypse/Materials/Alts/PolygonApocalypse_01_B.mat
  artifactKey: Guid(fb119965ca92c404da5456d496233810) Importer(815301076,1909f56bfc062723c751e8b465ee728b)
Start importing Assets/Synty/PolygonApocalypse/Materials/Alts/PolygonApocalypse_01_B.mat using Guid(fb119965ca92c404da5456d496233810) Importer(815301076,1909f56bfc062723c751e8b465ee728b) (PreviewImporter) -> (artifact id: '3a143f332fe74f37a19f44da9db15977') in 0.0224217 seconds
Number of updated asset objects reloaded before import = 0Number of asset objects unloaded after import = 9

========================================================================
Received Import Request.
  Time since last request: 0.000032 seconds.
  path: Assets/Synty/PolygonApocalypse/Materials/Alts/PolygonApocalypse_03_B.mat
  artifactKey: Guid(484e3183d41b9e949800e14032f1a403) Importer(815301076,1909f56bfc062723c751e8b465ee728b)
Start importing Assets/Synty/PolygonApocalypse/Materials/Alts/PolygonApocalypse_03_B.mat using Guid(484e3183d41b9e949800e14032f1a403) Importer(815301076,1909f56bfc062723c751e8b465ee728b) (PreviewImporter) -> (artifact id: '00530d07304e35c53f3456605dee3b31') in 0.0238322 seconds
Number of updated asset objects reloaded before import = 0Number of asset objects unloaded after import = 9

========================================================================
Received Import Request.
  Time since last request: 0.000026 seconds.
  path: Assets/Synty/PolygonApocalypse/Textures/Alt/PolygonApocalypse_04_C.png
  artifactKey: Guid(1eed2016d8551ae4da47ca2e94f54237) Importer(815301076,1909f56bfc062723c751e8b465ee728b)
Start importing Assets/Synty/PolygonApocalypse/Textures/Alt/PolygonApocalypse_04_C.png using Guid(1eed2016d8551ae4da47ca2e94f54237) Importer(815301076,1909f56bfc062723c751e8b465ee728b) (PreviewImporter) -> (artifact id: '198ff4c8bda0b5e92d3d17631a1efc34') in 0.0132171 seconds
Number of updated asset objects reloaded before import = 0Number of asset objects unloaded after import = 2

========================================================================
Received Import Request.
  Time since last request: 0.000034 seconds.
  path: Assets/Synty/PolygonApocalypse/Textures/Alt/PolygonApocalypse_02_C.png
  artifactKey: Guid(5bf74002d18c81d44831b8b75eaf02a1) Importer(815301076,1909f56bfc062723c751e8b465ee728b)
Start importing Assets/Synty/PolygonApocalypse/Textures/Alt/PolygonApocalypse_02_C.png using Guid(5bf74002d18c81d44831b8b75eaf02a1) Importer(815301076,1909f56bfc062723c751e8b465ee728b) (PreviewImporter) -> (artifact id: '2a299109c7ceedcc88c334f0b124b395') in 0.0183153 seconds
Number of updated asset objects reloaded before import = 0Number of asset objects unloaded after import = 2

========================================================================
Received Import Request.
  Time since last request: 0.000024 seconds.
  path: Assets/Synty/PolygonApocalypse/Materials/Character/PolygonApocalypse_Chr_01_C.mat
  artifactKey: Guid(a6041d9bc786922448e4ca3a6053ff65) Importer(815301076,1909f56bfc062723c751e8b465ee728b)
Start importing Assets/Synty/PolygonApocalypse/Materials/Character/PolygonApocalypse_Chr_01_C.mat using Guid(a6041d9bc786922448e4ca3a6053ff65) Importer(815301076,1909f56bfc062723c751e8b465ee728b) (PreviewImporter) -> (artifact id: '92779ed0d9442b6e3ef00faf66ce2f4e') in 0.0214545 seconds
Number of updated asset objects reloaded before import = 0Number of asset objects unloaded after import = 9

========================================================================
Received Import Request.
  Time since last request: 0.000021 seconds.
  path: Assets/Synty/PolygonApocalypse/Textures/Misc/PolygonApocalypse_01_Burnt.png
  artifactKey: Guid(7cf05177d0dec624ea8db303943222cd) Importer(815301076,1909f56bfc062723c751e8b465ee728b)
Start importing Assets/Synty/PolygonApocalypse/Textures/Misc/PolygonApocalypse_01_Burnt.png using Guid(7cf05177d0dec624ea8db303943222cd) Importer(815301076,1909f56bfc062723c751e8b465ee728b) (PreviewImporter) -> (artifact id: '6fdf60b984d293c6fa1dcad34e2b59b7') in 0.0151262 seconds
Number of updated asset objects reloaded before import = 0Number of asset objects unloaded after import = 2

========================================================================
Received Import Request.
  Time since last request: 0.000024 seconds.
  path: Assets/Synty/PolygonApocalypse/Materials/Alts/PolygonApocalypse_02_C.mat
  artifactKey: Guid(2cac6cd3bf32cab4d91d9cb9ce084bdc) Importer(815301076,1909f56bfc062723c751e8b465ee728b)
Start importing Assets/Synty/PolygonApocalypse/Materials/Alts/PolygonApocalypse_02_C.mat using Guid(2cac6cd3bf32cab4d91d9cb9ce084bdc) Importer(815301076,1909f56bfc062723c751e8b465ee728b) (PreviewImporter) -> (artifact id: '4af2d6616e10aa38fc5224e6bc8636a0') in 0.0224872 seconds
Number of updated asset objects reloaded before import = 0Number of asset objects unloaded after import = 9

Editor requested this worker to shutdown with reason: Scaling down because of idle timeout
AssetImportWorker is now disconnected from the server
Process exiting
Exiting without the bug reporter. Application will terminate with return code 0