[Licensing::Module] Trying to connect to existing licensing client channel...
Built from '6000.3/staging' branch; Version is '6000.3.13f1 (8c4f11e4fb20) revision 9195281'; Using compiler version '194234433'; Build Type 'Release'
OS: 'Windows 11  (10.0.26200) Core' Language: 'en' Physical Memory: 32347 MB
[Licensing::IpcConnector] Successfully connected to: "LicenseClient-zieli" at "2026-04-22T14:16:29.7237308Z"
BatchMode: 1, IsHumanControllingUs: 0, StartBugReporterOnCrash: 0, Is64bit: 1
System  architecture: x64
Process architecture: x64
Date: 2026-04-22T14:16:29Z

COMMAND LINE ARGUMENTS:
C:\Program Files\Unity\Hub\Editor\6000.3.13f1\Editor\Unity.exe
-adb2
-batchMode
-noUpm
-name
AssetImportWorker2
-projectPath
C:/Game Development/DisasterDiner
-logFile
Logs/AssetImportWorker2.log
-srvPort
63826
-licensingIpc
LicenseClient-zieli
-job-worker-count
7
-background-job-worker-count
8
-gc-helper-count
1
-name
AssetImport
Successfully changed project path to: C:/Game Development/DisasterDiner
C:/Game Development/DisasterDiner
[UnityMemory] Configuration Parameters - Can be set up in boot.config
    "memorysetup-temp-allocator-size-nav-mesh-worker=65536"
    "memorysetup-temp-allocator-size-audio-worker=65536"
    "memorysetup-temp-allocator-size-gfx=262144"
    "memorysetup-allocator-temp-initial-block-size-main=262144"
    "memorysetup-allocator-temp-initial-block-size-worker=262144"
    "memorysetup-temp-allocator-size-background-worker=32768"
    "memorysetup-temp-allocator-size-job-worker=262144"
    "memorysetup-temp-allocator-size-preload-manager=33554432"
    "memorysetup-temp-allocator-size-gi-baking-worker=262144"
    "memorysetup-temp-allocator-size-gi-baking-worker=262144"
    "memorysetup-temp-allocator-size-gi-baking-worker=262144"
    "memorysetup-temp-allocator-size-gi-baking-worker=262144"
    "memorysetup-temp-allocator-size-gi-baking-worker=262144"
    "memorysetup-bucket-allocator-granularity=16"
    "memorysetup-bucket-allocator-bucket-count=8"
    "memorysetup-bucket-allocator-block-size=33554432"
    "memorysetup-bucket-allocator-block-count=8"
    "memorysetup-main-allocator-block-size=16777216"
    "memorysetup-thread-allocator-block-size=16777216"
    "memorysetup-gfx-main-allocator-block-size=16777216"
    "memorysetup-gfx-thread-allocator-block-size=16777216"
    "memorysetup-cache-allocator-block-size=4194304"
    "memorysetup-typetree-allocator-block-size=2097152"
    "memorysetup-profiler-bucket-allocator-granularity=16"
    "memorysetup-profiler-bucket-allocator-bucket-count=8"
    "memorysetup-profiler-bucket-allocator-block-size=33554432"
    "memorysetup-profiler-bucket-allocator-block-count=8"
    "memorysetup-profiler-allocator-block-size=16777216"
    "memorysetup-profiler-editor-allocator-block-size=1048576"
    "memorysetup-temp-allocator-size-main=16777216"
    "memorysetup-job-temp-allocator-block-size=2097152"
    "memorysetup-job-temp-allocator-block-size-background=1048576"
    "memorysetup-job-temp-allocator-reduction-small-platforms=262144"
    "memorysetup-temp-allocator-size-cloud-worker=32768"
Player connection [53196]  Target information:

Player connection [53196]  * "[IP] 192.168.86.22 [Port] 0 [Flags] 2 [Guid] 1535506813 [EditorId] 1535506813 [Version] 1048832 [Id] WindowsEditor(7,Johns_PC) [Debug] 1 [PackageName] WindowsEditor [ProjectName] Editor" 

Player connection [53196] Host joined multi-casting on [225.0.0.222:54997]...
Player connection [53196] Host joined alternative multi-casting on [225.0.0.222:34997]...
JobSystem: Creating JobQueue using job-worker-count value 7
Input System module state changed to: Initialized.
[Physics::Module] Initialized fallback backend.
[Physics::Module] Id: 0xdecafbad
Library Redirect Path: Library/
[Physics::Module] Selected backend.
[Physics::Module] Name: PhysX
[Physics::Module] Id: 0xf2b8ea05
[Physics::Module] SDK Version: 4.1.2
[Physics::Module] Integration Version: 1.0.0
[Physics::Module] Threading Mode: Multi-Threaded
Refreshing native plugins compatible for Editor in 3.05 ms, found 4 plugins.
Preloading 0 native plugins for Editor in 0.00 ms.
Initialize engine version: 6000.3.13f1 (8c4f11e4fb20)
[Subsystems] Discovering subsystems at path C:/Program Files/Unity/Hub/Editor/6000.3.13f1/Editor/Data/Resources/UnitySubsystems
[Subsystems] Discovering subsystems at path C:/Game Development/DisasterDiner/Assets
GfxDevice: creating device client; kGfxThreadingModeNonThreaded
Direct3D:
    Version:  Direct3D 11.0 [level 11.1]
    Renderer: NVIDIA GeForce RTX 4070 SUPER (ID=0x2783)
    Vendor:   NVIDIA
    VRAM:     11999 MB
    Driver:   32.0.15.8157
Initialize mono
Mono path[0] = 'C:/Program Files/Unity/Hub/Editor/6000.3.13f1/Editor/Data/Managed'
Mono path[1] = 'C:/Program Files/Unity/Hub/Editor/6000.3.13f1/Editor/Data/MonoBleedingEdge/lib/mono/unityjit-win32'
Mono config path = 'C:/Program Files/Unity/Hub/Editor/6000.3.13f1/Editor/Data/MonoBleedingEdge/etc'
Using monoOptions --debugger-agent=transport=dt_socket,embedding=1,server=y,suspend=n,address=127.0.0.1:56708
Begin MonoManager ReloadAssembly
Registering precompiled unity dll's ...
Register platform support module: C:/Program Files/Unity/Hub/Editor/6000.3.13f1/Editor/Data/PlaybackEngines/WindowsStandaloneSupport/UnityEditor.WindowsStandalone.Extensions.dll
Registered in 0.001492 seconds.
- Loaded All Assemblies, in  0.372 seconds
[Licensing::Client] Error: HandshakeResponse reported an error:
	ResponseCode: 505
	ResponseStatus: Unsupported protocol version '1.18.1'.
[Licensing::Module] Error: Failed to handshake to channel: "LicenseClient-zieli"
[Licensing::IpcConnector] LicenseClient-zieli channel disconnected successfully.
[Licensing::IpcConnector] Successfully connected to: "LicenseClient-zieli-6000.3.13" at "2026-04-22T14:16:30.6799621Z"
Native extension for WindowsStandalone target not found
Package Manager log level set to [2]
[Package Manager] Failed to launch server process. Reason: Unity was launched with the -noUpm command-line argument
[Package Manager] Unable to send message (not connected to server process).
[Package Manager] Cannot connect to Unity Package Manager local server
ScheduleIndexationOnStartup MainProcess:False IndexOnStartup:True
Mono: successfully reloaded assembly
- Finished resetting the current domain, in  0.448 seconds
Domain Reload Profiling: 818ms
	BeginReloadAssembly (119ms)
		ExecutionOrderSort (0ms)
		DisableScriptedObjects (0ms)
		BackupInstance (0ms)
		ReleaseScriptingObjects (0ms)
		CreateAndSetChildDomain (0ms)
	RebuildCommonClasses (35ms)
	RebuildNativeTypeToScriptingClass (12ms)
	initialDomainReloadingComplete (39ms)
	LoadAllAssembliesAndSetupDomain (166ms)
		LoadAssemblies (115ms)
		RebuildTransferFunctionScriptingTraits (0ms)
		AnalyzeDomain (163ms)
			TypeCache.Refresh (161ms)
				TypeCache.ScanAssembly (147ms)
			BuildScriptInfoCaches (0ms)
			ResolveRequiredComponents (0ms)
	FinalizeReload (448ms)
		ReleaseScriptCaches (0ms)
		RebuildScriptCaches (0ms)
		SetupLoadedEditorAssemblies (408ms)
			LogAssemblyErrors (0ms)
			InitializePlatformSupportModulesInManaged (61ms)
			SetLoadedEditorAssemblies (5ms)
			BeforeProcessingInitializeOnLoad (114ms)
			ProcessInitializeOnLoadAttributes (150ms)
			ProcessInitializeOnLoadMethodAttributes (78ms)
			AfterProcessingInitializeOnLoad (0ms)
			EditorAssembliesLoaded (0ms)
		ExecutionOrderSort2 (0ms)
		AwakeInstancesAfterBackupRestoration (0ms)
========================================================================
Worker process is ready to serve import requests
Import Worker Mode flag is 0x00
Begin MonoManager ReloadAssembly
[Licensing::Module] Licensing is not yet initialized.
[Licensing::Client] Handshaking with LicensingClient:
  Version:                 1.18.1+9fbee8e
  Session Id:              e3d0c3e4619c41c0ae14ea3850a0f060
  Correlation Id:          0a93e7b546b02e57733dac467a30e5da
  External correlation Id: 3788355539737525446
  Machine Id:              a0OP954qVZmt5azPS5PrvPW5hTY=
[Licensing::Module] Successfully connected to LicensingClient on channel: "LicenseClient-zieli-6000.3.13" (connect: 0.00s, validation: 0.00s, handshake: 1.01s)
[Licensing::IpcConnector] Successfully connected to: "LicenseClient-zieli-6000.3.13-notifications" at "2026-04-22T14:16:31.6893112Z"
[Licensing::Module] Licensing Background thread has ended after 1.97s
[Licensing::Module] Licensing is initialized (took 0.26s).
[Licensing::Client] Successfully resolved entitlement details
[Licensing::Module] License group:
  Id: 2475483376267-UnityPersXXXX
  Product: Unity Personal
  Type: Assigned
  Expiration: Unlimited
- Loaded All Assemblies, in  1.031 seconds
Refreshing native plugins compatible for Editor in 1.65 ms, found 4 plugins.
Native extension for WindowsStandalone target not found
[Package Manager] Failed to launch server process. Reason: Unity was launched with the -noUpm command-line argument
[Package Manager] Unable to send message (not connected to server process).
[Package Manager] Cannot connect to Unity Package Manager local server
Refreshing native plugins compatible for Editor in 1.53 ms, found 4 plugins.
[Package Manager] Failed to launch server process. Reason: Unity was launched with the -noUpm command-line argument
[Package Manager] Unable to send message (not connected to server process).
[Package Manager] Cannot connect to Unity Package Manager local server
ScheduleIndexationOnStartup MainProcess:False IndexOnStartup:True
Mono: successfully reloaded assembly
- Finished resetting the current domain, in  0.666 seconds
Domain Reload Profiling: 1690ms
	BeginReloadAssembly (432ms)
		ExecutionOrderSort (0ms)
		DisableScriptedObjects (5ms)
		BackupInstance (0ms)
		ReleaseScriptingObjects (0ms)
		CreateAndSetChildDomain (29ms)
	RebuildCommonClasses (35ms)
	RebuildNativeTypeToScriptingClass (15ms)
	initialDomainReloadingComplete (41ms)
	LoadAllAssembliesAndSetupDomain (500ms)
		LoadAssemblies (365ms)
		RebuildTransferFunctionScriptingTraits (0ms)
		AnalyzeDomain (232ms)
			TypeCache.Refresh (167ms)
				TypeCache.ScanAssembly (156ms)
			BuildScriptInfoCaches (52ms)
			ResolveRequiredComponents (8ms)
	FinalizeReload (666ms)
		ReleaseScriptCaches (0ms)
		RebuildScriptCaches (0ms)
		SetupLoadedEditorAssemblies (492ms)
			LogAssemblyErrors (0ms)
			InitializePlatformSupportModulesInManaged (2ms)
			SetLoadedEditorAssemblies (3ms)
			BeforeProcessingInitializeOnLoad (108ms)
			ProcessInitializeOnLoadAttributes (319ms)
			ProcessInitializeOnLoadMethodAttributes (57ms)
			AfterProcessingInitializeOnLoad (4ms)
			EditorAssembliesLoaded (0ms)
		ExecutionOrderSort2 (0ms)
		AwakeInstancesAfterBackupRestoration (6ms)
Launched and connected shader compiler UnityShaderCompiler.exe after 0.01 seconds
Refreshing native plugins compatible for Editor in 1.91 ms, found 4 plugins.
Preloading 0 native plugins for Editor in 0.00 ms.
Unloading 16 Unused Serialized files (Serialized files now loaded: 0)
Unloading 6447 unused Assets / (4.3 MB). Loaded Objects now: 7249.
Memory consumption went from 162.6 MB to 158.2 MB.
Total: 7.352600 ms (FindLiveObjects: 0.879200 ms CreateObjectMapping: 0.741300 ms MarkObjects: 4.040700 ms  DeleteObjects: 1.690300 ms)

========================================================================
Received Import Request.
  Time since last request: 60387.689981 seconds.
  path: Assets/Synty/PolygonApocalypse/Prefabs/Buildings/SM_Bld_IndustrialWalkway_Beam_01.prefab
  artifactKey: Guid(c8242726cda8cea44903cacd865dc698) Importer(815301076,1909f56bfc062723c751e8b465ee728b)
Start importing Assets/Synty/PolygonApocalypse/Prefabs/Buildings/SM_Bld_IndustrialWalkway_Beam_01.prefab using Guid(c8242726cda8cea44903cacd865dc698) Importer(815301076,1909f56bfc062723c751e8b465ee728b) (PreviewImporter) -> (artifact id: '6adefcbe21d219912bece9a02254c27d') in 0.4210379 seconds
Number of updated asset objects reloaded before import = 0Number of asset objects unloaded after import = 16

========================================================================
Received Import Request.
  Time since last request: 0.000027 seconds.
  path: Assets/Synty/PolygonApocalypse/Models/SM_Prop_LightPole_01.fbx
  artifactKey: Guid(d39a9291136771742ab5b5282f837546) Importer(815301076,1909f56bfc062723c751e8b465ee728b)
Start importing Assets/Synty/PolygonApocalypse/Models/SM_Prop_LightPole_01.fbx using Guid(d39a9291136771742ab5b5282f837546) Importer(815301076,1909f56bfc062723c751e8b465ee728b) (PreviewImporter) -> (artifact id: '6b97a20e95c957beae5029253d67e9e5') in 0.0435025 seconds
Number of updated asset objects reloaded before import = 0Number of asset objects unloaded after import = 7

========================================================================
Received Import Request.
  Time since last request: 0.000037 seconds.
  path: Assets/Synty/PolygonApocalypse/Prefabs/Props/SM_Prop_LightPole_01.prefab
  artifactKey: Guid(f28960abcb8924a4ab34d6da6525b15f) Importer(815301076,1909f56bfc062723c751e8b465ee728b)
Start importing Assets/Synty/PolygonApocalypse/Prefabs/Props/SM_Prop_LightPole_01.prefab using Guid(f28960abcb8924a4ab34d6da6525b15f) Importer(815301076,1909f56bfc062723c751e8b465ee728b) (PreviewImporter) -> (artifact id: '9d43169bae75f751fd91e6459c3f1b5b') in 0.0324836 seconds
Number of updated asset objects reloaded before import = 0Number of asset objects unloaded after import = 18

========================================================================
Received Import Request.
  Time since last request: 0.000031 seconds.
  path: Assets/Synty/PolygonApocalypse/Models/Convex/SM_Prop_Roof_SkyLight_01_Convex.asset
  artifactKey: Guid(c4b10200617fa4c43aa7b3f6f0423e59) Importer(815301076,1909f56bfc062723c751e8b465ee728b)
Start importing Assets/Synty/PolygonApocalypse/Models/Convex/SM_Prop_Roof_SkyLight_01_Convex.asset using Guid(c4b10200617fa4c43aa7b3f6f0423e59) Importer(815301076,1909f56bfc062723c751e8b465ee728b) (PreviewImporter) -> (artifact id: '9b738500494a72523162d4f1fb964986') in 0.018468 seconds
Number of updated asset objects reloaded before import = 0Number of asset objects unloaded after import = 2

========================================================================
Received Import Request.
  Time since last request: 0.000020 seconds.
  path: Assets/Synty/PolygonApocalypse/Models/Convex/SM_Prop_LightPole_Base_01_Convex 1.asset
  artifactKey: Guid(17fd8872deb034b47a4bc33874ffe4d8) Importer(815301076,1909f56bfc062723c751e8b465ee728b)
Start importing Assets/Synty/PolygonApocalypse/Models/Convex/SM_Prop_LightPole_Base_01_Convex 1.asset using Guid(17fd8872deb034b47a4bc33874ffe4d8) Importer(815301076,1909f56bfc062723c751e8b465ee728b) (PreviewImporter) -> (artifact id: '75800a4f26427218e583c5bdcc58f3e7') in 0.025994 seconds
Number of updated asset objects reloaded before import = 0Number of asset objects unloaded after import = 4

========================================================================
Received Import Request.
  Time since last request: 0.000023 seconds.
  path: Assets/Synty/PolygonShops/Prefabs/Props/SM_Prop_Lighting_Spotlight_01.prefab
  artifactKey: Guid(f15c8847516b48f4ebb947e86caae6cb) Importer(815301076,1909f56bfc062723c751e8b465ee728b)
Start importing Assets/Synty/PolygonShops/Prefabs/Props/SM_Prop_Lighting_Spotlight_01.prefab using Guid(f15c8847516b48f4ebb947e86caae6cb) Importer(815301076,1909f56bfc062723c751e8b465ee728b) (PreviewImporter) -> (artifact id: '44ad34f1cf66dfe03ef4adea924d88b7') in 0.0231796 seconds
Number of updated asset objects reloaded before import = 0Number of asset objects unloaded after import = 32

========================================================================
Received Import Request.
  Time since last request: 0.000030 seconds.
  path: Assets/Synty/PolygonShops/Prefabs/Props/SM_Prop_Lighting_Ceiling_Shaded_04.prefab
  artifactKey: Guid(e75b702e6de2cd14082108dabff6ac84) Importer(815301076,1909f56bfc062723c751e8b465ee728b)
Start importing Assets/Synty/PolygonShops/Prefabs/Props/SM_Prop_Lighting_Ceiling_Shaded_04.prefab using Guid(e75b702e6de2cd14082108dabff6ac84) Importer(815301076,1909f56bfc062723c751e8b465ee728b) (PreviewImporter) -> (artifact id: '63dfa6e37ee70a817d53bece8b12ae75') in 0.0198917 seconds
Number of updated asset objects reloaded before import = 0Number of asset objects unloaded after import = 17

========================================================================
Received Import Request.
  Time since last request: 0.000026 seconds.
  path: Assets/Synty/PolygonShops/Models/Collision/Convex/SM_Prop_Lighting_Ceiling_Shaded_02_Convex.asset
  artifactKey: Guid(51ff0fb507e4d59438c79af7d0e1fc64) Importer(815301076,1909f56bfc062723c751e8b465ee728b)
Start importing Assets/Synty/PolygonShops/Models/Collision/Convex/SM_Prop_Lighting_Ceiling_Shaded_02_Convex.asset using Guid(51ff0fb507e4d59438c79af7d0e1fc64) Importer(815301076,1909f56bfc062723c751e8b465ee728b) (PreviewImporter) -> (artifact id: 'b3abe798aa1ab201e7582a5d3f27c3cf') in 0.0162425 seconds
Number of updated asset objects reloaded before import = 0Number of asset objects unloaded after import = 2

========================================================================
Received Import Request.
  Time since last request: 0.000021 seconds.
  path: Assets/Synty/PolygonShops/Prefabs/Props/SM_Prop_Lighting_Ceiling_Shaded_03.prefab
  artifactKey: Guid(cac8895d9fc956d49a32e5649d467834) Importer(815301076,1909f56bfc062723c751e8b465ee728b)
Start importing Assets/Synty/PolygonShops/Prefabs/Props/SM_Prop_Lighting_Ceiling_Shaded_03.prefab using Guid(cac8895d9fc956d49a32e5649d467834) Importer(815301076,1909f56bfc062723c751e8b465ee728b) (PreviewImporter) -> (artifact id: '64963e1c1f946e0e939e99ce8568bbb5') in 0.0207925 seconds
Number of updated asset objects reloaded before import = 0Number of asset objects unloaded after import = 17

========================================================================
Received Import Request.
  Time since last request: 0.000025 seconds.
  path: Assets/Synty/PolygonApocalypse/Models/Convex/SM_Prop_LightPole_01_Convex.asset
  artifactKey: Guid(c2c0dc9dc282df24db33d8b5b5ab5e41) Importer(815301076,1909f56bfc062723c751e8b465ee728b)
Start importing Assets/Synty/PolygonApocalypse/Models/Convex/SM_Prop_LightPole_01_Convex.asset using Guid(c2c0dc9dc282df24db33d8b5b5ab5e41) Importer(815301076,1909f56bfc062723c751e8b465ee728b) (PreviewImporter) -> (artifact id: '757363def1f4ec1bd580640be5bbb5d5') in 0.01523 seconds
Number of updated asset objects reloaded before import = 0Number of asset objects unloaded after import = 2

========================================================================
Received Import Request.
  Time since last request: 0.000025 seconds.
  path: Assets/Synty/PolygonShops/Models/Collision/Convex/SM_Prop_Lighting_Ceiling_Bulb_02_Convex.asset
  artifactKey: Guid(57c5d3798069a8f4e8f38c5d2022ea64) Importer(815301076,1909f56bfc062723c751e8b465ee728b)
Start importing Assets/Synty/PolygonShops/Models/Collision/Convex/SM_Prop_Lighting_Ceiling_Bulb_02_Convex.asset using Guid(57c5d3798069a8f4e8f38c5d2022ea64) Importer(815301076,1909f56bfc062723c751e8b465ee728b) (PreviewImporter) -> (artifact id: '9b98227938c35e3e84413d9a682a0d0e') in 0.0162721 seconds
Number of updated asset objects reloaded before import = 0Number of asset objects unloaded after import = 2

========================================================================
Received Import Request.
  Time since last request: 0.000029 seconds.
  path: Assets/Synty/PolygonShops/Prefabs/Props/SM_Prop_Lighting_Ceiling_Bar_12.prefab
  artifactKey: Guid(06d1dc3851b5cf249be7bb8738e6c9dd) Importer(815301076,1909f56bfc062723c751e8b465ee728b)
Start importing Assets/Synty/PolygonShops/Prefabs/Props/SM_Prop_Lighting_Ceiling_Bar_12.prefab using Guid(06d1dc3851b5cf249be7bb8738e6c9dd) Importer(815301076,1909f56bfc062723c751e8b465ee728b) (PreviewImporter) -> (artifact id: 'eb742fb50d76bedf0274274bd7013b6f') in 0.0164794 seconds
Number of updated asset objects reloaded before import = 0Number of asset objects unloaded after import = 17

========================================================================
Received Import Request.
  Time since last request: 0.000021 seconds.
  path: Assets/Synty/PolygonShops/Prefabs/Props/SM_Prop_Lighting_Ceiling_Industrial_03.prefab
  artifactKey: Guid(b416838796098444fbaa37d5b3da1aef) Importer(815301076,1909f56bfc062723c751e8b465ee728b)
Start importing Assets/Synty/PolygonShops/Prefabs/Props/SM_Prop_Lighting_Ceiling_Industrial_03.prefab using Guid(b416838796098444fbaa37d5b3da1aef) Importer(815301076,1909f56bfc062723c751e8b465ee728b) (PreviewImporter) -> (artifact id: '02199aa3ea193cbf92f4127ad577b99e') in 0.0265251 seconds
Number of updated asset objects reloaded before import = 0Number of asset objects unloaded after import = 23

========================================================================
Received Import Request.
  Time since last request: 0.000028 seconds.
  path: Assets/Synty/PolygonShops/Prefabs/Props/SM_Prop_Lighting_Ceiling_Bar_07.prefab
  artifactKey: Guid(afbd9b52af9ffa142a9628c3cbacd478) Importer(815301076,1909f56bfc062723c751e8b465ee728b)
Start importing Assets/Synty/PolygonShops/Prefabs/Props/SM_Prop_Lighting_Ceiling_Bar_07.prefab using Guid(afbd9b52af9ffa142a9628c3cbacd478) Importer(815301076,1909f56bfc062723c751e8b465ee728b) (PreviewImporter) -> (artifact id: 'c51863957814f49fb272f454dcbf018b') in 0.0210304 seconds
Number of updated asset objects reloaded before import = 0Number of asset objects unloaded after import = 17

========================================================================
Received Import Request.
  Time since last request: 0.000024 seconds.
  path: Assets/Synty/PolygonShops/Models/Collision/Convex/SM_Prop_Lighting_Ceiling_Industrial_03_Convex.asset
  artifactKey: Guid(2c40b2f1b9b70844d9ec477066bb2954) Importer(815301076,1909f56bfc062723c751e8b465ee728b)
Start importing Assets/Synty/PolygonShops/Models/Collision/Convex/SM_Prop_Lighting_Ceiling_Industrial_03_Convex.asset using Guid(2c40b2f1b9b70844d9ec477066bb2954) Importer(815301076,1909f56bfc062723c751e8b465ee728b) (PreviewImporter) -> (artifact id: 'a13845b13bf1fe4e95f8d6232a7d6457') in 0.0115953 seconds
Number of updated asset objects reloaded before import = 0Number of asset objects unloaded after import = 2

========================================================================
Received Import Request.
  Time since last request: 0.000024 seconds.
  path: Assets/Synty/PolygonShops/Models/Collision/Convex/SM_Prop_Lighting_Ceiling_Bar_03_Convex.asset
  artifactKey: Guid(fdf0674b5c294dc449a41e6e8d7193c3) Importer(815301076,1909f56bfc062723c751e8b465ee728b)
Start importing Assets/Synty/PolygonShops/Models/Collision/Convex/SM_Prop_Lighting_Ceiling_Bar_03_Convex.asset using Guid(fdf0674b5c294dc449a41e6e8d7193c3) Importer(815301076,1909f56bfc062723c751e8b465ee728b) (PreviewImporter) -> (artifact id: 'ff1d69541321f010c3843ffacdf4f21c') in 0.0130906 seconds
Number of updated asset objects reloaded before import = 0Number of asset objects unloaded after import = 2

========================================================================
Received Import Request.
  Time since last request: 0.000030 seconds.
  path: Assets/Synty/PolygonShops/Models/Collision/Convex/SM_Prop_Lighting_Ceiling_Bar_02_Convex.asset
  artifactKey: Guid(fb38174f00df35c4dbc3d4908eaa9e39) Importer(815301076,1909f56bfc062723c751e8b465ee728b)
Start importing Assets/Synty/PolygonShops/Models/Collision/Convex/SM_Prop_Lighting_Ceiling_Bar_02_Convex.asset using Guid(fb38174f00df35c4dbc3d4908eaa9e39) Importer(815301076,1909f56bfc062723c751e8b465ee728b) (PreviewImporter) -> (artifact id: 'a33b933c08c50a59df677f52f3fb923b') in 0.0108485 seconds
Number of updated asset objects reloaded before import = 0Number of asset objects unloaded after import = 2

========================================================================
Received Import Request.
  Time since last request: 0.000026 seconds.
  path: Assets/Synty/PolygonShops/Models/SM_Prop_Lighting_Ceiling_Recessed_02.fbx
  artifactKey: Guid(a8847782a50ca514cb1491b89e20a314) Importer(815301076,1909f56bfc062723c751e8b465ee728b)
Start importing Assets/Synty/PolygonShops/Models/SM_Prop_Lighting_Ceiling_Recessed_02.fbx using Guid(a8847782a50ca514cb1491b89e20a314) Importer(815301076,1909f56bfc062723c751e8b465ee728b) (PreviewImporter) -> (artifact id: 'ba13b1defc05b734dcacb707df234fe0') in 0.0136105 seconds
Number of updated asset objects reloaded before import = 0Number of asset objects unloaded after import = 7

========================================================================
Received Import Request.
  Time since last request: 0.000022 seconds.
  path: Assets/Synty/PolygonShops/Models/Collision/Convex/SM_Prop_Streetlight_02_Convex 1.asset
  artifactKey: Guid(0521c7eaaccac3b45bf3c757fa2ddf6c) Importer(815301076,1909f56bfc062723c751e8b465ee728b)
Start importing Assets/Synty/PolygonShops/Models/Collision/Convex/SM_Prop_Streetlight_02_Convex 1.asset using Guid(0521c7eaaccac3b45bf3c757fa2ddf6c) Importer(815301076,1909f56bfc062723c751e8b465ee728b) (PreviewImporter) -> (artifact id: '76be882916248d6ab64235a84977ea62') in 0.0246614 seconds
Number of updated asset objects reloaded before import = 0Number of asset objects unloaded after import = 4

========================================================================
Received Import Request.
  Time since last request: 0.000039 seconds.
  path: Assets/Synty/PolygonShops/Models/Collision/Convex/SM_Prop_Market_Checkout_Light_03_Convex.asset
  artifactKey: Guid(fbcd12ccc2774f84485aacd3bd826a3d) Importer(815301076,1909f56bfc062723c751e8b465ee728b)
Start importing Assets/Synty/PolygonShops/Models/Collision/Convex/SM_Prop_Market_Checkout_Light_03_Convex.asset using Guid(fbcd12ccc2774f84485aacd3bd826a3d) Importer(815301076,1909f56bfc062723c751e8b465ee728b) (PreviewImporter) -> (artifact id: '1c5961ce827f8307c2377f43e564e30d') in 0.0153236 seconds
Number of updated asset objects reloaded before import = 0Number of asset objects unloaded after import = 2

========================================================================
Received Import Request.
  Time since last request: 0.000035 seconds.
  path: Assets/Synty/PolygonShops/Prefabs/Props/SM_Prop_Lighting_Ceiling_Bar_05.prefab
  artifactKey: Guid(aa79c2260ad24264ca7a9cbc9178dff4) Importer(815301076,1909f56bfc062723c751e8b465ee728b)
Start importing Assets/Synty/PolygonShops/Prefabs/Props/SM_Prop_Lighting_Ceiling_Bar_05.prefab using Guid(aa79c2260ad24264ca7a9cbc9178dff4) Importer(815301076,1909f56bfc062723c751e8b465ee728b) (PreviewImporter) -> (artifact id: '400c1ddd80ca8d36714b39306a10b746') in 0.0406866 seconds
Number of updated asset objects reloaded before import = 0Number of asset objects unloaded after import = 17

========================================================================
Received Import Request.
  Time since last request: 0.000057 seconds.
  path: Assets/Synty/PolygonShops/Models/SM_Prop_Lighting_Wall_03.fbx
  artifactKey: Guid(85f9e061ce34b4745a5e49e39ecd1a38) Importer(815301076,1909f56bfc062723c751e8b465ee728b)
Start importing Assets/Synty/PolygonShops/Models/SM_Prop_Lighting_Wall_03.fbx using Guid(85f9e061ce34b4745a5e49e39ecd1a38) Importer(815301076,1909f56bfc062723c751e8b465ee728b) (PreviewImporter) -> (artifact id: '1e1900b11a03669042deebfc9306c768') in 0.0247781 seconds
Number of updated asset objects reloaded before import = 0Number of asset objects unloaded after import = 12

========================================================================
Received Import Request.
  Time since last request: 0.000023 seconds.
  path: Assets/Synty/PolygonApocalypse/Models/SM_Prop_LightPole_Base_02.fbx
  artifactKey: Guid(cc819e010f527034d993e9249549498d) Importer(815301076,1909f56bfc062723c751e8b465ee728b)
Start importing Assets/Synty/PolygonApocalypse/Models/SM_Prop_LightPole_Base_02.fbx using Guid(cc819e010f527034d993e9249549498d) Importer(815301076,1909f56bfc062723c751e8b465ee728b) (PreviewImporter) -> (artifact id: '3f1451c8672e244bf7842dc93fb325e7') in 0.0173612 seconds
Number of updated asset objects reloaded before import = 0Number of asset objects unloaded after import = 7

========================================================================
Received Import Request.
  Time since last request: 0.000016 seconds.
  path: Assets/Synty/PolygonShops/Models/SM_Prop_Lighting_Ceiling_Bar_04.fbx
  artifactKey: Guid(02aa992e660c9ad44b8271f21662e947) Importer(815301076,1909f56bfc062723c751e8b465ee728b)
Start importing Assets/Synty/PolygonShops/Models/SM_Prop_Lighting_Ceiling_Bar_04.fbx using Guid(02aa992e660c9ad44b8271f21662e947) Importer(815301076,1909f56bfc062723c751e8b465ee728b) (PreviewImporter) -> (artifact id: '5bcc298efc23c41d7fd8632dc8983f52') in 0.015257 seconds
Number of updated asset objects reloaded before import = 0Number of asset objects unloaded after import = 7

========================================================================
Received Import Request.
  Time since last request: 0.000020 seconds.
  path: Assets/Synty/PolygonShops/Prefabs/Props/SM_Prop_Market_Checkout_Light_01.prefab
  artifactKey: Guid(7f666adf70067f646b1315a3613151a1) Importer(815301076,1909f56bfc062723c751e8b465ee728b)
Start importing Assets/Synty/PolygonShops/Prefabs/Props/SM_Prop_Market_Checkout_Light_01.prefab using Guid(7f666adf70067f646b1315a3613151a1) Importer(815301076,1909f56bfc062723c751e8b465ee728b) (PreviewImporter) -> (artifact id: '4c7a9c164eccab22c11ba40ff2445a20') in 0.0521359 seconds
Number of updated asset objects reloaded before import = 0Number of asset objects unloaded after import = 17

========================================================================
Received Import Request.
  Time since last request: 0.000020 seconds.
  path: Assets/Synty/PolygonApocalypse/Prefabs/Props/SM_Prop_Floodlights_02.prefab
  artifactKey: Guid(e16598d720f4afc4e9f32611d5081bae) Importer(815301076,1909f56bfc062723c751e8b465ee728b)
Start importing Assets/Synty/PolygonApocalypse/Prefabs/Props/SM_Prop_Floodlights_02.prefab using Guid(e16598d720f4afc4e9f32611d5081bae) Importer(815301076,1909f56bfc062723c751e8b465ee728b) (PreviewImporter) -> (artifact id: '8c9bb1b2fff7bb7527f8af02b08a654d') in 0.0482583 seconds
Number of updated asset objects reloaded before import = 0Number of asset objects unloaded after import = 28

========================================================================
Received Import Request.
  Time since last request: 0.000041 seconds.
  path: Assets/Synty/PolygonShops/Prefabs/Props/SM_Prop_Lighting_Cable_01.prefab
  artifactKey: Guid(647483ef76c936c49b4bfcb37fb0862c) Importer(815301076,1909f56bfc062723c751e8b465ee728b)
Start importing Assets/Synty/PolygonShops/Prefabs/Props/SM_Prop_Lighting_Cable_01.prefab using Guid(647483ef76c936c49b4bfcb37fb0862c) Importer(815301076,1909f56bfc062723c751e8b465ee728b) (PreviewImporter) -> (artifact id: '558ce51bc2a129d29c3f23e334e14b2f') in 0.0303331 seconds
Number of updated asset objects reloaded before import = 0Number of asset objects unloaded after import = 15

========================================================================
Received Import Request.
  Time since last request: 0.000022 seconds.
  path: Assets/Synty/PolygonApocalypse/Models/Convex/SM_Prop_LightPole_Base_02_Convex 1.asset
  artifactKey: Guid(81ec740064b48884ca537610502eacd0) Importer(815301076,1909f56bfc062723c751e8b465ee728b)
Start importing Assets/Synty/PolygonApocalypse/Models/Convex/SM_Prop_LightPole_Base_02_Convex 1.asset using Guid(81ec740064b48884ca537610502eacd0) Importer(815301076,1909f56bfc062723c751e8b465ee728b) (PreviewImporter) -> (artifact id: '108e13b6ce5ada15723cbfe588bb430a') in 0.0203414 seconds
Number of updated asset objects reloaded before import = 0Number of asset objects unloaded after import = 3

========================================================================
Received Import Request.
  Time since last request: 0.000023 seconds.
  path: Assets/Synty/PolygonShops/Models/SM_Prop_Lighting_Spotlight_01.fbx
  artifactKey: Guid(16933fb4204cdd6438cd48fe9880ba25) Importer(815301076,1909f56bfc062723c751e8b465ee728b)
Start importing Assets/Synty/PolygonShops/Models/SM_Prop_Lighting_Spotlight_01.fbx using Guid(16933fb4204cdd6438cd48fe9880ba25) Importer(815301076,1909f56bfc062723c751e8b465ee728b) (PreviewImporter) -> (artifact id: '9834f74fb11afd4820f9313368851d41') in 0.0380807 seconds
Number of updated asset objects reloaded before import = 0Number of asset objects unloaded after import = 22

========================================================================
Received Import Request.
  Time since last request: 0.000022 seconds.
  path: Assets/Synty/PolygonApocalypse/Prefabs/Props/SM_Prop_Light_Industrial_Ceiling_01.prefab
  artifactKey: Guid(1412236919a9a1c4ca543687a89f839b) Importer(815301076,1909f56bfc062723c751e8b465ee728b)
Start importing Assets/Synty/PolygonApocalypse/Prefabs/Props/SM_Prop_Light_Industrial_Ceiling_01.prefab using Guid(1412236919a9a1c4ca543687a89f839b) Importer(815301076,1909f56bfc062723c751e8b465ee728b) (PreviewImporter) -> (artifact id: '1e2f5c218223c608b0cae6d8354c4631') in 0.0413426 seconds
Number of updated asset objects reloaded before import = 0Number of asset objects unloaded after import = 18

========================================================================
Received Import Request.
  Time since last request: 0.000040 seconds.
  path: Assets/Synty/PolygonShops/Models/Collision/Convex/SM_Prop_Lighting_Ceiling_Industrial_02_Convex.asset
  artifactKey: Guid(d33dd0236945b81439dc96553362fa1f) Importer(815301076,1909f56bfc062723c751e8b465ee728b)
Start importing Assets/Synty/PolygonShops/Models/Collision/Convex/SM_Prop_Lighting_Ceiling_Industrial_02_Convex.asset using Guid(d33dd0236945b81439dc96553362fa1f) Importer(815301076,1909f56bfc062723c751e8b465ee728b) (PreviewImporter) -> (artifact id: '157fcc2117c5657e47b594fd7860e9ae') in 0.0175708 seconds
Number of updated asset objects reloaded before import = 0Number of asset objects unloaded after import = 2

========================================================================
Received Import Request.
  Time since last request: 0.000023 seconds.
  path: Assets/Synty/PolygonShops/Prefabs/Props/SM_Prop_Lighting_Ceiling_Recessed_01.prefab
  artifactKey: Guid(b41c9ac5165e776478962f67638d5957) Importer(815301076,1909f56bfc062723c751e8b465ee728b)
Start importing Assets/Synty/PolygonShops/Prefabs/Props/SM_Prop_Lighting_Ceiling_Recessed_01.prefab using Guid(b41c9ac5165e776478962f67638d5957) Importer(815301076,1909f56bfc062723c751e8b465ee728b) (PreviewImporter) -> (artifact id: '8bf6fe4f314dfbe50c6a10f225c1895f') in 0.019551 seconds
Number of updated asset objects reloaded before import = 0Number of asset objects unloaded after import = 17

========================================================================
Received Import Request.
  Time since last request: 0.000022 seconds.
  path: Assets/Synty/PolygonShops/Models/Collision/Convex/SM_Prop_Lighting_Ceiling_Bar_04_Convex.asset
  artifactKey: Guid(ec91a4d2ceb204e479b4a30cc2553214) Importer(815301076,1909f56bfc062723c751e8b465ee728b)
Start importing Assets/Synty/PolygonShops/Models/Collision/Convex/SM_Prop_Lighting_Ceiling_Bar_04_Convex.asset using Guid(ec91a4d2ceb204e479b4a30cc2553214) Importer(815301076,1909f56bfc062723c751e8b465ee728b) (PreviewImporter) -> (artifact id: 'd4b0b9a7fdfc5b1b637c4f2081687ecb') in 0.0162466 seconds
Number of updated asset objects reloaded before import = 0Number of asset objects unloaded after import = 2

========================================================================
Received Import Request.
  Time since last request: 0.000025 seconds.
  path: Assets/Synty/PolygonShops/Prefabs/Props/SM_Prop_Market_Checkout_Light_02.prefab
  artifactKey: Guid(04807eb8538cadb4890a18f441e3b3e2) Importer(815301076,1909f56bfc062723c751e8b465ee728b)
Start importing Assets/Synty/PolygonShops/Prefabs/Props/SM_Prop_Market_Checkout_Light_02.prefab using Guid(04807eb8538cadb4890a18f441e3b3e2) Importer(815301076,1909f56bfc062723c751e8b465ee728b) (PreviewImporter) -> (artifact id: 'dd28431461efea64d2b22561eb8354d0') in 0.0171288 seconds
Number of updated asset objects reloaded before import = 0Number of asset objects unloaded after import = 17

========================================================================
Received Import Request.
  Time since last request: 0.000027 seconds.
  path: Assets/Synty/PolygonShops/Models/Collision/Convex/SM_Prop_Lighting_Cable_Bulb_01_Convex.asset
  artifactKey: Guid(b286a24429d05364fb650c138725c798) Importer(815301076,1909f56bfc062723c751e8b465ee728b)
Start importing Assets/Synty/PolygonShops/Models/Collision/Convex/SM_Prop_Lighting_Cable_Bulb_01_Convex.asset using Guid(b286a24429d05364fb650c138725c798) Importer(815301076,1909f56bfc062723c751e8b465ee728b) (PreviewImporter) -> (artifact id: '6179195bedb7cbf3d348b6448e28f0f6') in 0.0257423 seconds
Number of updated asset objects reloaded before import = 0Number of asset objects unloaded after import = 2

========================================================================
Received Import Request.
  Time since last request: 0.000034 seconds.
  path: Assets/Synty/PolygonApocalypse/Models/Convex/SM_Prop_Floodlights_02_Convex.asset
  artifactKey: Guid(4b5efedd19a3b1542a6b3b19fff94560) Importer(815301076,1909f56bfc062723c751e8b465ee728b)
Start importing Assets/Synty/PolygonApocalypse/Models/Convex/SM_Prop_Floodlights_02_Convex.asset using Guid(4b5efedd19a3b1542a6b3b19fff94560) Importer(815301076,1909f56bfc062723c751e8b465ee728b) (PreviewImporter) -> (artifact id: 'd9cbf2de5a3b666e00da745fac4245ba') in 0.01803 seconds
Number of updated asset objects reloaded before import = 0Number of asset objects unloaded after import = 2

========================================================================
Received Import Request.
  Time since last request: 0.000033 seconds.
  path: Assets/Synty/PolygonApocalypse/Models/Convex/SM_Prop_Light_Industrial_Ceiling_01_Convex.asset
  artifactKey: Guid(8706f477d67724942b90d77eab0adb54) Importer(815301076,1909f56bfc062723c751e8b465ee728b)
Start importing Assets/Synty/PolygonApocalypse/Models/Convex/SM_Prop_Light_Industrial_Ceiling_01_Convex.asset using Guid(8706f477d67724942b90d77eab0adb54) Importer(815301076,1909f56bfc062723c751e8b465ee728b) (PreviewImporter) -> (artifact id: '62ef766f7381f2883907227982de5071') in 0.0376083 seconds
Number of updated asset objects reloaded before import = 0Number of asset objects unloaded after import = 2

========================================================================
Received Import Request.
  Time since last request: 0.000026 seconds.
  path: Assets/Synty/PolygonShops/Models/Collision/Convex/SM_Prop_Lighting_Ceiling_Bar_14_Convex.asset
  artifactKey: Guid(15e3ed4187a31b04383fd62b57567126) Importer(815301076,1909f56bfc062723c751e8b465ee728b)
Start importing Assets/Synty/PolygonShops/Models/Collision/Convex/SM_Prop_Lighting_Ceiling_Bar_14_Convex.asset using Guid(15e3ed4187a31b04383fd62b57567126) Importer(815301076,1909f56bfc062723c751e8b465ee728b) (PreviewImporter) -> (artifact id: 'c0be65b0965c83bc18eb823fbf31d746') in 0.0193509 seconds
Number of updated asset objects reloaded before import = 0Number of asset objects unloaded after import = 2

========================================================================
Received Import Request.
  Time since last request: 0.000026 seconds.
  path: Assets/Synty/PolygonShops/Models/Collision/Convex/SM_Prop_Lighting_Ceiling_Bar_07_Convex.asset
  artifactKey: Guid(37240a3e8d0c2ce499a678c990db9e60) Importer(815301076,1909f56bfc062723c751e8b465ee728b)
Start importing Assets/Synty/PolygonShops/Models/Collision/Convex/SM_Prop_Lighting_Ceiling_Bar_07_Convex.asset using Guid(37240a3e8d0c2ce499a678c990db9e60) Importer(815301076,1909f56bfc062723c751e8b465ee728b) (PreviewImporter) -> (artifact id: '277316438b9b3dcbd148d85ae52e9ba0') in 0.0173766 seconds
Number of updated asset objects reloaded before import = 0Number of asset objects unloaded after import = 2

========================================================================
Received Import Request.
  Time since last request: 0.000036 seconds.
  path: Assets/Synty/PolygonApocalypse/Models/Convex/SM_Prop_Light_Flurecent_Broken_01_Convex.asset
  artifactKey: Guid(9ff1591b122916d4ca6075fd659fd2c3) Importer(815301076,1909f56bfc062723c751e8b465ee728b)
Start importing Assets/Synty/PolygonApocalypse/Models/Convex/SM_Prop_Light_Flurecent_Broken_01_Convex.asset using Guid(9ff1591b122916d4ca6075fd659fd2c3) Importer(815301076,1909f56bfc062723c751e8b465ee728b) (PreviewImporter) -> (artifact id: 'd8880f14f92ef62d0e7f8c6a8cf5ffca') in 0.0185758 seconds
Number of updated asset objects reloaded before import = 0Number of asset objects unloaded after import = 2

========================================================================
Received Import Request.
  Time since last request: 0.000021 seconds.
  path: Assets/Synty/PolygonApocalypse/Prefabs/Props/SM_Prop_Flashlight_06.prefab
  artifactKey: Guid(c6e159203660cba48b5a85191c6f68d9) Importer(815301076,1909f56bfc062723c751e8b465ee728b)
Start importing Assets/Synty/PolygonApocalypse/Prefabs/Props/SM_Prop_Flashlight_06.prefab using Guid(c6e159203660cba48b5a85191c6f68d9) Importer(815301076,1909f56bfc062723c751e8b465ee728b) (PreviewImporter) -> (artifact id: 'ecda4faf7aab3b5a2ef13f619ba59e8f') in 0.0371078 seconds
Number of updated asset objects reloaded before import = 0Number of asset objects unloaded after import = 18

========================================================================
Received Import Request.
  Time since last request: 0.000027 seconds.
  path: Assets/Synty/PolygonApocalypse/Prefabs/Props/SM_Prop_Flashlight_05.prefab
  artifactKey: Guid(1465cf2163834af468bdb11b81693e24) Importer(815301076,1909f56bfc062723c751e8b465ee728b)
Start importing Assets/Synty/PolygonApocalypse/Prefabs/Props/SM_Prop_Flashlight_05.prefab using Guid(1465cf2163834af468bdb11b81693e24) Importer(815301076,1909f56bfc062723c751e8b465ee728b) (PreviewImporter) -> (artifact id: '0cdd4761bcf92d6dc6baa5a0d0e46a92') in 0.033876 seconds
Number of updated asset objects reloaded before import = 0Number of asset objects unloaded after import = 18

========================================================================
Received Import Request.
  Time since last request: 0.000030 seconds.
  path: Assets/Synty/PolygonApocalypse/Prefabs/Props/SM_Prop_Flashlight_02.prefab
  artifactKey: Guid(7e5cb9f31c8ced3438a012d4cff966bb) Importer(815301076,1909f56bfc062723c751e8b465ee728b)
Start importing Assets/Synty/PolygonApocalypse/Prefabs/Props/SM_Prop_Flashlight_02.prefab using Guid(7e5cb9f31c8ced3438a012d4cff966bb) Importer(815301076,1909f56bfc062723c751e8b465ee728b) (PreviewImporter) -> (artifact id: 'caa33d41e1ae534a13b03af14dece606') in 0.0313432 seconds
Number of updated asset objects reloaded before import = 0Number of asset objects unloaded after import = 18

========================================================================
Received Import Request.
  Time since last request: 0.000042 seconds.
  path: Assets/Synty/PolygonApocalypse/Models/SM_Prop_Bunker_Light_01.fbx
  artifactKey: Guid(5ae7b3c446f08fc47ba81903f3a2bb71) Importer(815301076,1909f56bfc062723c751e8b465ee728b)
Start importing Assets/Synty/PolygonApocalypse/Models/SM_Prop_Bunker_Light_01.fbx using Guid(5ae7b3c446f08fc47ba81903f3a2bb71) Importer(815301076,1909f56bfc062723c751e8b465ee728b) (PreviewImporter) -> (artifact id: 'd1fb48934ec6329de16e1ed483998c56') in 0.0155113 seconds
Number of updated asset objects reloaded before import = 0Number of asset objects unloaded after import = 7

========================================================================
Received Import Request.
  Time since last request: 0.000021 seconds.
  path: Assets/Synty/PolygonShops/Prefabs/Props/SM_Prop_Lighting_Spotlight_02.prefab
  artifactKey: Guid(d4a52a64328e12642b8dccb3205fe6aa) Importer(815301076,1909f56bfc062723c751e8b465ee728b)
Start importing Assets/Synty/PolygonShops/Prefabs/Props/SM_Prop_Lighting_Spotlight_02.prefab using Guid(d4a52a64328e12642b8dccb3205fe6aa) Importer(815301076,1909f56bfc062723c751e8b465ee728b) (PreviewImporter) -> (artifact id: 'ac707d0e55a1cc9363900632ecc561eb') in 0.0384631 seconds
Number of updated asset objects reloaded before import = 0Number of asset objects unloaded after import = 37

========================================================================
Received Import Request.
  Time since last request: 0.000018 seconds.
  path: Assets/Synty/PolygonShops/Prefabs/Props/SM_Prop_Lighting_Ceiling_Bar_13.prefab
  artifactKey: Guid(f19ca0d9052c53046b5fcfb4c7182ce3) Importer(815301076,1909f56bfc062723c751e8b465ee728b)
Start importing Assets/Synty/PolygonShops/Prefabs/Props/SM_Prop_Lighting_Ceiling_Bar_13.prefab using Guid(f19ca0d9052c53046b5fcfb4c7182ce3) Importer(815301076,1909f56bfc062723c751e8b465ee728b) (PreviewImporter) -> (artifact id: 'cb36a337f940e68a17cd367dd52aef12') in 0.0162202 seconds
Number of updated asset objects reloaded before import = 0Number of asset objects unloaded after import = 17

========================================================================
Received Import Request.
  Time since last request: 0.000029 seconds.
  path: Assets/Synty/PolygonShops/Models/Collision/Convex/SM_Prop_Lighting_Wall_05_Convex.asset
  artifactKey: Guid(26bca3b2971edc04e8c0ff3ed11d0cf4) Importer(815301076,1909f56bfc062723c751e8b465ee728b)
Start importing Assets/Synty/PolygonShops/Models/Collision/Convex/SM_Prop_Lighting_Wall_05_Convex.asset using Guid(26bca3b2971edc04e8c0ff3ed11d0cf4) Importer(815301076,1909f56bfc062723c751e8b465ee728b) (PreviewImporter) -> (artifact id: 'ac16d34b843fefc634bcc8086691f3a2') in 0.019836 seconds
Number of updated asset objects reloaded before import = 0Number of asset objects unloaded after import = 2

========================================================================
Received Import Request.
  Time since last request: 0.000027 seconds.
  path: Assets/Synty/PolygonShops/Models/SM_Prop_Lighting_Ceiling_Bar_10.fbx
  artifactKey: Guid(3f7edc76e386c5943bac2cc6c7c2601e) Importer(815301076,1909f56bfc062723c751e8b465ee728b)
Start importing Assets/Synty/PolygonShops/Models/SM_Prop_Lighting_Ceiling_Bar_10.fbx using Guid(3f7edc76e386c5943bac2cc6c7c2601e) Importer(815301076,1909f56bfc062723c751e8b465ee728b) (PreviewImporter) -> (artifact id: '673749672df529fb16d29703fc6e9383') in 0.0097405 seconds
Number of updated asset objects reloaded before import = 0Number of asset objects unloaded after import = 7

========================================================================
Received Import Request.
  Time since last request: 0.000028 seconds.
  path: Assets/Synty/PolygonShops/Prefabs/Props/SM_Prop_Market_Checkout_Light_03.prefab
  artifactKey: Guid(47bb05e0a80294843b25c481b892c340) Importer(815301076,1909f56bfc062723c751e8b465ee728b)
Start importing Assets/Synty/PolygonShops/Prefabs/Props/SM_Prop_Market_Checkout_Light_03.prefab using Guid(47bb05e0a80294843b25c481b892c340) Importer(815301076,1909f56bfc062723c751e8b465ee728b) (PreviewImporter) -> (artifact id: 'd2c878d9147fe66831c20e25a7e9bd07') in 0.0175736 seconds
Number of updated asset objects reloaded before import = 0Number of asset objects unloaded after import = 17

========================================================================
Received Import Request.
  Time since last request: 0.000027 seconds.
  path: Assets/Synty/PolygonShops/Prefabs/Props/SM_Prop_Lighting_Ceiling_Bar_10.prefab
  artifactKey: Guid(3248f5283c8373f498a246a3f1c0bf98) Importer(815301076,1909f56bfc062723c751e8b465ee728b)
Start importing Assets/Synty/PolygonShops/Prefabs/Props/SM_Prop_Lighting_Ceiling_Bar_10.prefab using Guid(3248f5283c8373f498a246a3f1c0bf98) Importer(815301076,1909f56bfc062723c751e8b465ee728b) (PreviewImporter) -> (artifact id: '2bee6c8544b518d4642da3d34c5d6a91') in 0.0164399 seconds
Number of updated asset objects reloaded before import = 0Number of asset objects unloaded after import = 17

========================================================================
Received Import Request.
  Time since last request: 0.000022 seconds.
  path: Assets/Synty/PolygonShops/Prefabs/Props/SM_Prop_Bollard_Light_01.prefab
  artifactKey: Guid(53ed812311b651749b64a83d3289ea42) Importer(815301076,1909f56bfc062723c751e8b465ee728b)
Start importing Assets/Synty/PolygonShops/Prefabs/Props/SM_Prop_Bollard_Light_01.prefab using Guid(53ed812311b651749b64a83d3289ea42) Importer(815301076,1909f56bfc062723c751e8b465ee728b) (PreviewImporter) -> (artifact id: '35b0670c9c155d9dd5668a93e7462878') in 0.0159466 seconds
Number of updated asset objects reloaded before import = 0Number of asset objects unloaded after import = 16

========================================================================
Received Import Request.
  Time since last request: 0.000026 seconds.
  path: Assets/Synty/PolygonShops/Models/SM_Prop_Bathroom_Light_01.fbx
  artifactKey: Guid(32b7b04fac5373c4d864c6d2ca4b11e4) Importer(815301076,1909f56bfc062723c751e8b465ee728b)
Start importing Assets/Synty/PolygonShops/Models/SM_Prop_Bathroom_Light_01.fbx using Guid(32b7b04fac5373c4d864c6d2ca4b11e4) Importer(815301076,1909f56bfc062723c751e8b465ee728b) (PreviewImporter) -> (artifact id: '4033f110016120510e04fdce677ea94a') in 0.0126423 seconds
Number of updated asset objects reloaded before import = 0Number of asset objects unloaded after import = 7

========================================================================
Received Import Request.
  Time since last request: 0.000021 seconds.
  path: Assets/Synty/PolygonGeneric/Prefabs/Props/SM_Gen_Prop_Light_Wall_01.prefab
  artifactKey: Guid(74af266ee2d1f1e4c8d957996cf827e3) Importer(815301076,1909f56bfc062723c751e8b465ee728b)
Start importing Assets/Synty/PolygonGeneric/Prefabs/Props/SM_Gen_Prop_Light_Wall_01.prefab using Guid(74af266ee2d1f1e4c8d957996cf827e3) Importer(815301076,1909f56bfc062723c751e8b465ee728b) (PreviewImporter) -> (artifact id: '08c6b55403d13a433b880b0d9cc67f0b') in 0.0790585 seconds
Number of updated asset objects reloaded before import = 0Number of asset objects unloaded after import = 18

========================================================================
Received Import Request.
  Time since last request: 0.000040 seconds.
  path: Assets/Synty/PolygonGeneric/Prefabs/Props/SM_Gen_Prop_Light_Roof_01.prefab
  artifactKey: Guid(56ff336f04987a6449c96532e71787d2) Importer(815301076,1909f56bfc062723c751e8b465ee728b)
Start importing Assets/Synty/PolygonGeneric/Prefabs/Props/SM_Gen_Prop_Light_Roof_01.prefab using Guid(56ff336f04987a6449c96532e71787d2) Importer(815301076,1909f56bfc062723c751e8b465ee728b) (PreviewImporter) -> (artifact id: '1f643cf594becdb14f6077108bf91244') in 0.0331247 seconds
Number of updated asset objects reloaded before import = 0Number of asset objects unloaded after import = 16

========================================================================
Received Import Request.
  Time since last request: 0.000027 seconds.
  path: Assets/Synty/PolygonShops/Prefabs/Buildings/SM_Bld_Skylight_Side_01.prefab
  artifactKey: Guid(14a85d8caf87f5a41b64fd7e922a7448) Importer(815301076,1909f56bfc062723c751e8b465ee728b)
Start importing Assets/Synty/PolygonShops/Prefabs/Buildings/SM_Bld_Skylight_Side_01.prefab using Guid(14a85d8caf87f5a41b64fd7e922a7448) Importer(815301076,1909f56bfc062723c751e8b465ee728b) (PreviewImporter) -> (artifact id: 'd101555fbcee0f166944760b80d93ae4') in 0.0191338 seconds
Number of updated asset objects reloaded before import = 0Number of asset objects unloaded after import = 25

========================================================================
Received Import Request.
  Time since last request: 0.000025 seconds.
  path: Assets/Synty/PolygonShops/Models/Collision/Convex/SM_Bld_Skylight_Side_01_Convex 1.asset
  artifactKey: Guid(a6c4d541efbe7144bb34e1d3cd792c19) Importer(815301076,1909f56bfc062723c751e8b465ee728b)
Start importing Assets/Synty/PolygonShops/Models/Collision/Convex/SM_Bld_Skylight_Side_01_Convex 1.asset using Guid(a6c4d541efbe7144bb34e1d3cd792c19) Importer(815301076,1909f56bfc062723c751e8b465ee728b) (PreviewImporter) -> (artifact id: '2b76a7f8864e3f1c6380f7b4939da8d8') in 0.0187859 seconds
Number of updated asset objects reloaded before import = 0Number of asset objects unloaded after import = 3

========================================================================
Received Import Request.
  Time since last request: 0.000026 seconds.
  path: Assets/Synty/PolygonApocalypse/Models/SM_Prop_Flashlight_07.fbx
  artifactKey: Guid(711f587e75fed0746a12d19e6c298e3b) Importer(815301076,1909f56bfc062723c751e8b465ee728b)
Start importing Assets/Synty/PolygonApocalypse/Models/SM_Prop_Flashlight_07.fbx using Guid(711f587e75fed0746a12d19e6c298e3b) Importer(815301076,1909f56bfc062723c751e8b465ee728b) (PreviewImporter) -> (artifact id: 'c9c0348902e86a6ac79bc8b083b2c503') in 0.0162374 seconds
Number of updated asset objects reloaded before import = 0Number of asset objects unloaded after import = 7

========================================================================
Received Import Request.
  Time since last request: 0.000023 seconds.
  path: Assets/Synty/PolygonShops/Prefabs/Props/SM_Prop_Lighting_Wall_01.prefab
  artifactKey: Guid(7bc826ffb8ffb1d499996c8ed1cb546f) Importer(815301076,1909f56bfc062723c751e8b465ee728b)
Start importing Assets/Synty/PolygonShops/Prefabs/Props/SM_Prop_Lighting_Wall_01.prefab using Guid(7bc826ffb8ffb1d499996c8ed1cb546f) Importer(815301076,1909f56bfc062723c751e8b465ee728b) (PreviewImporter) -> (artifact id: '8d79dbd9f2136f7457297cd92de61455') in 0.0172839 seconds
Number of updated asset objects reloaded before import = 0Number of asset objects unloaded after import = 22

========================================================================
Received Import Request.
  Time since last request: 0.000030 seconds.
  path: Assets/Synty/PolygonShops/Models/Collision/Convex/SM_Prop_Streetlight_02_Convex.asset
  artifactKey: Guid(0562dacc5ea0f044c8b560a92b319cc0) Importer(815301076,1909f56bfc062723c751e8b465ee728b)
Start importing Assets/Synty/PolygonShops/Models/Collision/Convex/SM_Prop_Streetlight_02_Convex.asset using Guid(0562dacc5ea0f044c8b560a92b319cc0) Importer(815301076,1909f56bfc062723c751e8b465ee728b) (PreviewImporter) -> (artifact id: 'caeaa1ed6b1b1325ab42f8f155753ba0') in 0.0148005 seconds
Number of updated asset objects reloaded before import = 0Number of asset objects unloaded after import = 2

========================================================================
Received Import Request.
  Time since last request: 0.000019 seconds.
  path: Assets/Synty/PolygonApocalypse/Prefabs/Props/SM_Prop_LightPole_Base_01.prefab
  artifactKey: Guid(4697b39c37e780e4aaf80be9374b774b) Importer(815301076,1909f56bfc062723c751e8b465ee728b)
Start importing Assets/Synty/PolygonApocalypse/Prefabs/Props/SM_Prop_LightPole_Base_01.prefab using Guid(4697b39c37e780e4aaf80be9374b774b) Importer(815301076,1909f56bfc062723c751e8b465ee728b) (PreviewImporter) -> (artifact id: '5cc098cca956971e189fb51e738bea18') in 0.0265046 seconds
Number of updated asset objects reloaded before import = 0Number of asset objects unloaded after import = 22

========================================================================
Received Import Request.
  Time since last request: 0.187238 seconds.
  path: Assets/Synty/PolygonShops/Models/SM_Bld_Skylight_Flat_01.fbx
  artifactKey: Guid(29f4aea0d157032439fe22f924a1ace5) Importer(815301076,1909f56bfc062723c751e8b465ee728b)
Start importing Assets/Synty/PolygonShops/Models/SM_Bld_Skylight_Flat_01.fbx using Guid(29f4aea0d157032439fe22f924a1ace5) Importer(815301076,1909f56bfc062723c751e8b465ee728b) (PreviewImporter) -> (artifact id: '8907870194f138aeeba7f11c615d25a7') in 0.0172876 seconds
Number of updated asset objects reloaded before import = 0Number of asset objects unloaded after import = 12

========================================================================
Received Import Request.
  Time since last request: 0.000019 seconds.
  path: Assets/Synty/PolygonShops/Models/Collision/Convex/SM_Bld_Skylight_Corner_02_Convex 1.asset
  artifactKey: Guid(a2bfafd1ce6cd174eb1e1d9aef2dfc57) Importer(815301076,1909f56bfc062723c751e8b465ee728b)
Start importing Assets/Synty/PolygonShops/Models/Collision/Convex/SM_Bld_Skylight_Corner_02_Convex 1.asset using Guid(a2bfafd1ce6cd174eb1e1d9aef2dfc57) Importer(815301076,1909f56bfc062723c751e8b465ee728b) (PreviewImporter) -> (artifact id: '03d33b09e66cbbe277f7b5e3b57f7a54') in 0.0186473 seconds
Number of updated asset objects reloaded before import = 0Number of asset objects unloaded after import = 3

========================================================================
Received Import Request.
  Time since last request: 0.000031 seconds.
  path: Assets/Synty/PolygonShops/Models/SM_Bld_Skylight_Corner_01.fbx
  artifactKey: Guid(6faf322be3822814c8b404231c331195) Importer(815301076,1909f56bfc062723c751e8b465ee728b)
Start importing Assets/Synty/PolygonShops/Models/SM_Bld_Skylight_Corner_01.fbx using Guid(6faf322be3822814c8b404231c331195) Importer(815301076,1909f56bfc062723c751e8b465ee728b) (PreviewImporter) -> (artifact id: '50c272e80d5b973bf0deac958c05e196') in 0.0185401 seconds
Number of updated asset objects reloaded before import = 0Number of asset objects unloaded after import = 12

========================================================================
Received Import Request.
  Time since last request: 0.000030 seconds.
  path: Assets/Synty/PolygonShops/Models/Collision/Convex/SM_Bld_Skylight_Corner_01_Convex.asset
  artifactKey: Guid(7b95426a97ff5f7499b1e10b432427d2) Importer(815301076,1909f56bfc062723c751e8b465ee728b)
Start importing Assets/Synty/PolygonShops/Models/Collision/Convex/SM_Bld_Skylight_Corner_01_Convex.asset using Guid(7b95426a97ff5f7499b1e10b432427d2) Importer(815301076,1909f56bfc062723c751e8b465ee728b) (PreviewImporter) -> (artifact id: 'edfe67d23da1c36c6f3789c9234edc2d') in 0.0160684 seconds
Number of updated asset objects reloaded before import = 0Number of asset objects unloaded after import = 2

========================================================================
Received Import Request.
  Time since last request: 0.000026 seconds.
  path: Assets/Synty/PolygonShops/Prefabs/Buildings/SM_Bld_Skylight_Beam_01.prefab
  artifactKey: Guid(f67c1685dafadb24babe5bd085fa28f5) Importer(815301076,1909f56bfc062723c751e8b465ee728b)
Start importing Assets/Synty/PolygonShops/Prefabs/Buildings/SM_Bld_Skylight_Beam_01.prefab using Guid(f67c1685dafadb24babe5bd085fa28f5) Importer(815301076,1909f56bfc062723c751e8b465ee728b) (PreviewImporter) -> (artifact id: 'a438ca9f3d9eec437ac1ed368b2a6cf9') in 0.0155808 seconds
Number of updated asset objects reloaded before import = 0Number of asset objects unloaded after import = 16

========================================================================
Received Import Request.
  Time since last request: 0.434268 seconds.
  path: Assets/Synty/PolygonApocalypse/Models/Collision/SM_Bld_Lighthouse_01_Collision.fbx
  artifactKey: Guid(5ab97555db234684f94a4f2e88e890e1) Importer(815301076,1909f56bfc062723c751e8b465ee728b)
Start importing Assets/Synty/PolygonApocalypse/Models/Collision/SM_Bld_Lighthouse_01_Collision.fbx using Guid(5ab97555db234684f94a4f2e88e890e1) Importer(815301076,1909f56bfc062723c751e8b465ee728b) (PreviewImporter) -> (artifact id: 'eacb07a4de81b4e79163cdf22f12fbdc') in 0.0135536 seconds
Number of updated asset objects reloaded before import = 0Number of asset objects unloaded after import = 7

========================================================================
Received Import Request.
  Time since last request: 0.000118 seconds.
  path: Assets/Synty/PolygonApocalypse/Prefabs/Buildings/SM_Bld_Lighthouse_01.prefab
  artifactKey: Guid(abf53c38bc6091b4abb113e8a570d3c9) Importer(815301076,1909f56bfc062723c751e8b465ee728b)
Start importing Assets/Synty/PolygonApocalypse/Prefabs/Buildings/SM_Bld_Lighthouse_01.prefab using Guid(abf53c38bc6091b4abb113e8a570d3c9) Importer(815301076,1909f56bfc062723c751e8b465ee728b) (PreviewImporter) -> (artifact id: 'adc0f6548592823beda5d136c2a15377') in 0.0240793 seconds
Number of updated asset objects reloaded before import = 0Number of asset objects unloaded after import = 24

========================================================================
Received Import Request.
  Time since last request: 0.015368 seconds.
  path: Assets/Scenes/SampleScene/LightingData.asset
  artifactKey: Guid(c7464ad01862bf14c8e8596918f6ee04) Importer(815301076,1909f56bfc062723c751e8b465ee728b)
Start importing Assets/Scenes/SampleScene/LightingData.asset using Guid(c7464ad01862bf14c8e8596918f6ee04) Importer(815301076,1909f56bfc062723c751e8b465ee728b) (PreviewImporter) -> (artifact id: '497ce552a9b5340f9b95e11995cb335d') in 0.0010027 seconds
Number of updated asset objects reloaded before import = 0Number of asset objects unloaded after import = 2

========================================================================
Received Import Request.
  Time since last request: 15.481839 seconds.
  path: Assets/Synty/PolygonShops/Models/Collision/Convex/SM_Prop_Streetlight_Double_01_Convex 1.asset
  artifactKey: Guid(587963f846b34914fb64123ce35c3f6f) Importer(815301076,1909f56bfc062723c751e8b465ee728b)
Start importing Assets/Synty/PolygonShops/Models/Collision/Convex/SM_Prop_Streetlight_Double_01_Convex 1.asset using Guid(587963f846b34914fb64123ce35c3f6f) Importer(815301076,1909f56bfc062723c751e8b465ee728b) (PreviewImporter) -> (artifact id: '15daa77feea377bdbb28e96d6d4859c3') in 0.0157826 seconds
Number of updated asset objects reloaded before import = 0Number of asset objects unloaded after import = 4

========================================================================
Received Import Request.
  Time since last request: 0.000018 seconds.
  path: Assets/Synty/PolygonApocalypse/Prefabs/Props/SM_Prop_TrafficLight_01.prefab
  artifactKey: Guid(ecfb5c4bd9021054a8c55350adad7724) Importer(815301076,1909f56bfc062723c751e8b465ee728b)
Start importing Assets/Synty/PolygonApocalypse/Prefabs/Props/SM_Prop_TrafficLight_01.prefab using Guid(ecfb5c4bd9021054a8c55350adad7724) Importer(815301076,1909f56bfc062723c751e8b465ee728b) (PreviewImporter) -> (artifact id: '8b2acc19016415cef81fe7aad5c9917b') in 0.0353091 seconds
Number of updated asset objects reloaded before import = 0Number of asset objects unloaded after import = 18

========================================================================
Received Import Request.
  Time since last request: 0.000029 seconds.
  path: Assets/Synty/PolygonApocalypse/Models/Convex/SM_Prop_TrafficLight_02_Convex.asset
  artifactKey: Guid(fdfbf902b968b3a4d99e417b5a6b9e81) Importer(815301076,1909f56bfc062723c751e8b465ee728b)
Start importing Assets/Synty/PolygonApocalypse/Models/Convex/SM_Prop_TrafficLight_02_Convex.asset using Guid(fdfbf902b968b3a4d99e417b5a6b9e81) Importer(815301076,1909f56bfc062723c751e8b465ee728b) (PreviewImporter) -> (artifact id: 'd1d553198b97c4617470725bca4544b0') in 0.0215737 seconds
Number of updated asset objects reloaded before import = 0Number of asset objects unloaded after import = 2

========================================================================
Received Import Request.
  Time since last request: 0.000030 seconds.
  path: Assets/Synty/PolygonApocalypse/Models/Convex/SM_Prop_TrafficLight_03_Convex.asset
  artifactKey: Guid(45511e282834d5f43931923447a1f9d2) Importer(815301076,1909f56bfc062723c751e8b465ee728b)
Start importing Assets/Synty/PolygonApocalypse/Models/Convex/SM_Prop_TrafficLight_03_Convex.asset using Guid(45511e282834d5f43931923447a1f9d2) Importer(815301076,1909f56bfc062723c751e8b465ee728b) (PreviewImporter) -> (artifact id: 'dda01046d2375124096b33795b22041f') in 0.0174034 seconds
Number of updated asset objects reloaded before import = 0Number of asset objects unloaded after import = 2

========================================================================
Received Import Request.
  Time since last request: 0.000019 seconds.
  path: Assets/Synty/PolygonShops/Models/SM_Prop_Wall_Light_01.fbx
  artifactKey: Guid(8891b5ffacfa0bc4d994608bb6ebb596) Importer(815301076,1909f56bfc062723c751e8b465ee728b)
Start importing Assets/Synty/PolygonShops/Models/SM_Prop_Wall_Light_01.fbx using Guid(8891b5ffacfa0bc4d994608bb6ebb596) Importer(815301076,1909f56bfc062723c751e8b465ee728b) (PreviewImporter) -> (artifact id: '2303e210252b55756adc64799eef7deb') in 0.0152854 seconds
Number of updated asset objects reloaded before import = 0Number of asset objects unloaded after import = 7

========================================================================
Received Import Request.
  Time since last request: 0.483041 seconds.
  path: Assets/Synty/PolygonApocalypse/Models/SM_Veh_Attach_Lights_01.fbx
  artifactKey: Guid(72b2dc054b3e34345999d2a25d71fa13) Importer(815301076,1909f56bfc062723c751e8b465ee728b)
Start importing Assets/Synty/PolygonApocalypse/Models/SM_Veh_Attach_Lights_01.fbx using Guid(72b2dc054b3e34345999d2a25d71fa13) Importer(815301076,1909f56bfc062723c751e8b465ee728b) (PreviewImporter) -> (artifact id: 'e360343901cb249da80ae9d23ccc8dde') in 0.0143669 seconds
Number of updated asset objects reloaded before import = 0Number of asset objects unloaded after import = 7

========================================================================
Received Import Request.
  Time since last request: 0.000020 seconds.
  path: Assets/Synty/PolygonApocalypse/Models/Convex/SM_Veh_Attach_Lights_01_Convex.asset
  artifactKey: Guid(ce780084461c2e84cb6a2faac19a935e) Importer(815301076,1909f56bfc062723c751e8b465ee728b)
Start importing Assets/Synty/PolygonApocalypse/Models/Convex/SM_Veh_Attach_Lights_01_Convex.asset using Guid(ce780084461c2e84cb6a2faac19a935e) Importer(815301076,1909f56bfc062723c751e8b465ee728b) (PreviewImporter) -> (artifact id: '1dd8ef9c81afc74f0e159d733f890f57') in 0.015199 seconds
Number of updated asset objects reloaded before import = 0Number of asset objects unloaded after import = 2

========================================================================
Received Import Request.
  Time since last request: 0.298736 seconds.
  path: Assets/Synty/PolygonApocalypse/Models/Convex/SM_Veh_Attach_Lights_02_Convex.asset
  artifactKey: Guid(df61984b583d42145b270d2682a8e72c) Importer(815301076,1909f56bfc062723c751e8b465ee728b)
Start importing Assets/Synty/PolygonApocalypse/Models/Convex/SM_Veh_Attach_Lights_02_Convex.asset using Guid(df61984b583d42145b270d2682a8e72c) Importer(815301076,1909f56bfc062723c751e8b465ee728b) (PreviewImporter) -> (artifact id: '0c890d3444aa7dcacf2432492578cc63') in 0.0146055 seconds
Number of updated asset objects reloaded before import = 0Number of asset objects unloaded after import = 2

========================================================================
Received Import Request.
  Time since last request: 0.000018 seconds.
  path: Assets/Synty/PolygonApocalypse/Models/Convex/SM_Veh_Attach_Lights_03_Convex.asset
  artifactKey: Guid(44b043927f4eaf147be73720131c4135) Importer(815301076,1909f56bfc062723c751e8b465ee728b)
Start importing Assets/Synty/PolygonApocalypse/Models/Convex/SM_Veh_Attach_Lights_03_Convex.asset using Guid(44b043927f4eaf147be73720131c4135) Importer(815301076,1909f56bfc062723c751e8b465ee728b) (PreviewImporter) -> (artifact id: '56672cfcfccf369cb52eb9f07f24c4cf') in 0.0143923 seconds
Number of updated asset objects reloaded before import = 0Number of asset objects unloaded after import = 2

========================================================================
Received Import Request.
  Time since last request: 0.000018 seconds.
  path: Assets/Synty/PolygonApocalypse/Models/SM_Veh_Attach_Lights_05.fbx
  artifactKey: Guid(317f4765a90f68e4ca86c0fdb9cd1b90) Importer(815301076,1909f56bfc062723c751e8b465ee728b)
Start importing Assets/Synty/PolygonApocalypse/Models/SM_Veh_Attach_Lights_05.fbx using Guid(317f4765a90f68e4ca86c0fdb9cd1b90) Importer(815301076,1909f56bfc062723c751e8b465ee728b) (PreviewImporter) -> (artifact id: '4fe6ba3e8373bee24db95bb42005a00a') in 0.0140783 seconds
Number of updated asset objects reloaded before import = 0Number of asset objects unloaded after import = 7

========================================================================
Received Import Request.
  Time since last request: 0.000019 seconds.
  path: Assets/Synty/PolygonApocalypse/Models/Convex/SM_Veh_Attach_Lights_05_Convex.asset
  artifactKey: Guid(acde5cd38d56d794884cd5d972548831) Importer(815301076,1909f56bfc062723c751e8b465ee728b)
Start importing Assets/Synty/PolygonApocalypse/Models/Convex/SM_Veh_Attach_Lights_05_Convex.asset using Guid(acde5cd38d56d794884cd5d972548831) Importer(815301076,1909f56bfc062723c751e8b465ee728b) (PreviewImporter) -> (artifact id: 'b80a555c8a7db653618b1fbc96807874') in 0.014557 seconds
Number of updated asset objects reloaded before import = 0Number of asset objects unloaded after import = 2

========================================================================
Received Import Request.
  Time since last request: 0.000029 seconds.
  path: Assets/Synty/PolygonApocalypse/Models/SM_Veh_Ute_01.fbx
  artifactKey: Guid(828efc2661e31544e99ed745a2fbf1df) Importer(815301076,1909f56bfc062723c751e8b465ee728b)
Start importing Assets/Synty/PolygonApocalypse/Models/SM_Veh_Ute_01.fbx using Guid(828efc2661e31544e99ed745a2fbf1df) Importer(815301076,1909f56bfc062723c751e8b465ee728b) (PreviewImporter) -> (artifact id: '7eeb7ca4d62e5976b88ae8c216a98a3f') in 0.1224588 seconds
Number of updated asset objects reloaded before import = 0Number of asset objects unloaded after import = 72

========================================================================
Received Import Request.
  Time since last request: 161.251805 seconds.
  path: Assets/Synty/PolygonApocalypse/Textures/Misc/Simple_Sky_01.png
  artifactKey: Guid(cb98e548f8e72fb4889a0b2a5b558c22) Importer(815301076,1909f56bfc062723c751e8b465ee728b)
Start importing Assets/Synty/PolygonApocalypse/Textures/Misc/Simple_Sky_01.png using Guid(cb98e548f8e72fb4889a0b2a5b558c22) Importer(815301076,1909f56bfc062723c751e8b465ee728b) (PreviewImporter) -> (artifact id: '218c16a119c4b3765e8d808f63dd33e5') in 0.0216033 seconds
Number of updated asset objects reloaded before import = 0Number of asset objects unloaded after import = 2

========================================================================
Received Import Request.
  Time since last request: 0.789609 seconds.
  path: Assets/Synty/PolygonApocalypse/Textures/Misc/Overgrowth_01.png
  artifactKey: Guid(a03a3c794ddc263449b7f54c9c61536d) Importer(815301076,1909f56bfc062723c751e8b465ee728b)
Start importing Assets/Synty/PolygonApocalypse/Textures/Misc/Overgrowth_01.png using Guid(a03a3c794ddc263449b7f54c9c61536d) Importer(815301076,1909f56bfc062723c751e8b465ee728b) (PreviewImporter) -> (artifact id: '229b2ffca922fd069098469f85ffae62') in 0.0104947 seconds
Number of updated asset objects reloaded before import = 0Number of asset objects unloaded after import = 2

========================================================================
Received Import Request.
  Time since last request: 0.000020 seconds.
  path: Assets/Synty/PolygonApocalypse/Textures/Misc/Rubble_01.png
  artifactKey: Guid(ac6d093243d7f6e4881209f3683968a7) Importer(815301076,1909f56bfc062723c751e8b465ee728b)
Start importing Assets/Synty/PolygonApocalypse/Textures/Misc/Rubble_01.png using Guid(ac6d093243d7f6e4881209f3683968a7) Importer(815301076,1909f56bfc062723c751e8b465ee728b) (PreviewImporter) -> (artifact id: '399610648adbc90deb067b2df326f9e7') in 0.0118837 seconds
Number of updated asset objects reloaded before import = 0Number of asset objects unloaded after import = 2

========================================================================
Received Import Request.
  Time since last request: 0.000019 seconds.
  path: Assets/Synty/PolygonApocalypse/Textures/Misc/Wire_01_Alpha.tga
  artifactKey: Guid(c6424f81d940c644f85fa56a97d8f295) Importer(815301076,1909f56bfc062723c751e8b465ee728b)
Start importing Assets/Synty/PolygonApocalypse/Textures/Misc/Wire_01_Alpha.tga using Guid(c6424f81d940c644f85fa56a97d8f295) Importer(815301076,1909f56bfc062723c751e8b465ee728b) (PreviewImporter) -> (artifact id: 'dd427bf1a3e3185089d24524790d9ef4') in 0.0133027 seconds
Number of updated asset objects reloaded before import = 0Number of asset objects unloaded after import = 2

========================================================================
Received Import Request.
  Time since last request: 55.968777 seconds.
  path: Assets/Scenes/SampleScene.unity
  artifactKey: Guid(99c9720ab356a0642a771bea13969a05) Importer(2089858483,b0f066a214c2f5e87bad3c948f4d605d)
Start importing Assets/Scenes/SampleScene.unity using Guid(99c9720ab356a0642a771bea13969a05) Importer(2089858483,b0f066a214c2f5e87bad3c948f4d605d) (ScriptedImporter) -> (artifact id: 'ce57f5cf407565e11d70a86c9528df7f') in 0.0429573 seconds
Number of updated asset objects reloaded before import = 0Number of asset objects unloaded after import = 1

========================================================================
Received Import Request.
  Time since last request: 213.876416 seconds.
  path: Assets/Synty/PolygonShops/Models/SM_Bld_Awning_01.fbx
  artifactKey: Guid(e9c61850e799fd84f80a0afd5f91e512) Importer(815301076,1909f56bfc062723c751e8b465ee728b)
Start importing Assets/Synty/PolygonShops/Models/SM_Bld_Awning_01.fbx using Guid(e9c61850e799fd84f80a0afd5f91e512) Importer(815301076,1909f56bfc062723c751e8b465ee728b) (PreviewImporter) -> (artifact id: 'b1806385fc0154e1d13e215bae3ed3c9') in 0.0137256 seconds
Number of updated asset objects reloaded before import = 0Number of asset objects unloaded after import = 7

========================================================================
Received Import Request.
  Time since last request: 0.000025 seconds.
  path: Assets/Synty/PolygonShops/Models/SM_Bld_Awning_02_Small.fbx
  artifactKey: Guid(bf402821c7c5de74c9a0c284b49ae9fb) Importer(815301076,1909f56bfc062723c751e8b465ee728b)
Start importing Assets/Synty/PolygonShops/Models/SM_Bld_Awning_02_Small.fbx using Guid(bf402821c7c5de74c9a0c284b49ae9fb) Importer(815301076,1909f56bfc062723c751e8b465ee728b) (PreviewImporter) -> (artifact id: '12761f9cc97d5dc2f9686065aa808eaa') in 0.015844 seconds
Number of updated asset objects reloaded before import = 0Number of asset objects unloaded after import = 7

========================================================================
Received Import Request.
  Time since last request: 0.000023 seconds.
  path: Assets/Synty/PolygonShops/Models/SM_Bld_Awning_05_Small.fbx
  artifactKey: Guid(911fea865f6b55141950d662068c967c) Importer(815301076,1909f56bfc062723c751e8b465ee728b)
Start importing Assets/Synty/PolygonShops/Models/SM_Bld_Awning_05_Small.fbx using Guid(911fea865f6b55141950d662068c967c) Importer(815301076,1909f56bfc062723c751e8b465ee728b) (PreviewImporter) -> (artifact id: 'ac3d9a36f3540cea00d9d0aba12794cc') in 0.0187466 seconds
Number of updated asset objects reloaded before import = 0Number of asset objects unloaded after import = 7

========================================================================
Received Import Request.
  Time since last request: 0.000026 seconds.
  path: Assets/Synty/PolygonShops/Models/SM_Bld_Balcony_Railing_Corner_01.fbx
  artifactKey: Guid(f7eb5bca831fec24fb7f92bd428018f1) Importer(815301076,1909f56bfc062723c751e8b465ee728b)
Start importing Assets/Synty/PolygonShops/Models/SM_Bld_Balcony_Railing_Corner_01.fbx using Guid(f7eb5bca831fec24fb7f92bd428018f1) Importer(815301076,1909f56bfc062723c751e8b465ee728b) (PreviewImporter) -> (artifact id: '4549a8f86c6579066fd491013996f8c0') in 0.0215109 seconds
Number of updated asset objects reloaded before import = 0Number of asset objects unloaded after import = 7

========================================================================
Received Import Request.
  Time since last request: 0.000020 seconds.
  path: Assets/Synty/PolygonShops/Models/SM_Bld_Base_Door_Large_01.fbx
  artifactKey: Guid(bbe326e2a97c8c9478026222f9b9145b) Importer(815301076,1909f56bfc062723c751e8b465ee728b)
Start importing Assets/Synty/PolygonShops/Models/SM_Bld_Base_Door_Large_01.fbx using Guid(bbe326e2a97c8c9478026222f9b9145b) Importer(815301076,1909f56bfc062723c751e8b465ee728b) (PreviewImporter) -> (artifact id: 'de0dcc5ad908225de865debee1615c99') in 0.016001 seconds
Number of updated asset objects reloaded before import = 0Number of asset objects unloaded after import = 7

========================================================================
Received Import Request.
  Time since last request: 0.000016 seconds.
  path: Assets/Synty/PolygonShops/Models/SM_Bld_Base_Floor_01.fbx
  artifactKey: Guid(a5c785b16d1f8b641a4ce6d14cf216e7) Importer(815301076,1909f56bfc062723c751e8b465ee728b)
Start importing Assets/Synty/PolygonShops/Models/SM_Bld_Base_Floor_01.fbx using Guid(a5c785b16d1f8b641a4ce6d14cf216e7) Importer(815301076,1909f56bfc062723c751e8b465ee728b) (PreviewImporter) -> (artifact id: '7dcfa006dfa4550a71704900afe629ee') in 0.0242593 seconds
Number of updated asset objects reloaded before import = 0Number of asset objects unloaded after import = 7

========================================================================
Received Import Request.
  Time since last request: 0.000022 seconds.
  path: Assets/Synty/PolygonShops/Models/SM_Bld_Balcony_Floor_01.fbx
  artifactKey: Guid(2b76f2f9d8e6e0345bb53a536e4db020) Importer(815301076,1909f56bfc062723c751e8b465ee728b)
Start importing Assets/Synty/PolygonShops/Models/SM_Bld_Balcony_Floor_01.fbx using Guid(2b76f2f9d8e6e0345bb53a536e4db020) Importer(815301076,1909f56bfc062723c751e8b465ee728b) (PreviewImporter) -> (artifact id: '72b4329bc1507f3acdc9da930b1506bc') in 0.0285668 seconds
Number of updated asset objects reloaded before import = 0Number of asset objects unloaded after import = 7

========================================================================
Received Import Request.
  Time since last request: 0.000022 seconds.
  path: Assets/Synty/PolygonShops/Models/SM_Bld_Awning_Large_01.fbx
  artifactKey: Guid(2c4291d35164ab746b5a3c39842cdd87) Importer(815301076,1909f56bfc062723c751e8b465ee728b)
Start importing Assets/Synty/PolygonShops/Models/SM_Bld_Awning_Large_01.fbx using Guid(2c4291d35164ab746b5a3c39842cdd87) Importer(815301076,1909f56bfc062723c751e8b465ee728b) (PreviewImporter) -> (artifact id: '270e9c910f4ad383c92733801e315af1') in 0.0245287 seconds
Number of updated asset objects reloaded before import = 0Number of asset objects unloaded after import = 7

========================================================================
Received Import Request.
  Time since last request: 0.000030 seconds.
  path: Assets/Synty/PolygonShops/Models/SM_Bld_Awning_04_Small.fbx
  artifactKey: Guid(67ef06dd8be0559479c7a96b036fe6c9) Importer(815301076,1909f56bfc062723c751e8b465ee728b)
Start importing Assets/Synty/PolygonShops/Models/SM_Bld_Awning_04_Small.fbx using Guid(67ef06dd8be0559479c7a96b036fe6c9) Importer(815301076,1909f56bfc062723c751e8b465ee728b) (PreviewImporter) -> (artifact id: '359bff2978279e7fc22d95eea47bb0ac') in 0.0149499 seconds
Number of updated asset objects reloaded before import = 0Number of asset objects unloaded after import = 7

========================================================================
Received Import Request.
  Time since last request: 0.000026 seconds.
  path: Assets/Synty/PolygonShops/Models/SM_Bld_Base_Door_01.fbx
  artifactKey: Guid(f332d64b39747cc4585229edd7268839) Importer(815301076,1909f56bfc062723c751e8b465ee728b)
Start importing Assets/Synty/PolygonShops/Models/SM_Bld_Base_Door_01.fbx using Guid(f332d64b39747cc4585229edd7268839) Importer(815301076,1909f56bfc062723c751e8b465ee728b) (PreviewImporter) -> (artifact id: '100990140c8fbbb482bf46feb2a2f329') in 0.0150951 seconds
Number of updated asset objects reloaded before import = 0Number of asset objects unloaded after import = 7

========================================================================
Received Import Request.
  Time since last request: 3.263860 seconds.
  path: Assets/Synty/PolygonGeneric/Prefabs/Props/SM_Gen_Prop_Bottle_03.prefab
  artifactKey: Guid(b828a3bfe169b5949b51857b15e24e5e) Importer(815301076,1909f56bfc062723c751e8b465ee728b)
Start importing Assets/Synty/PolygonGeneric/Prefabs/Props/SM_Gen_Prop_Bottle_03.prefab using Guid(b828a3bfe169b5949b51857b15e24e5e) Importer(815301076,1909f56bfc062723c751e8b465ee728b) (PreviewImporter) -> (artifact id: '746cd52a61cabf774b49d7402d5b34d7') in 0.0494628 seconds
Number of updated asset objects reloaded before import = 0Number of asset objects unloaded after import = 18

========================================================================
Received Import Request.
  Time since last request: 0.000026 seconds.
  path: Assets/Synty/PolygonGeneric/Prefabs/Props/SM_Gen_Prop_Cardboard_Box_02.prefab
  artifactKey: Guid(0974a892a73e9f84f9f725039b7047ef) Importer(815301076,1909f56bfc062723c751e8b465ee728b)
Start importing Assets/Synty/PolygonGeneric/Prefabs/Props/SM_Gen_Prop_Cardboard_Box_02.prefab using Guid(0974a892a73e9f84f9f725039b7047ef) Importer(815301076,1909f56bfc062723c751e8b465ee728b) (PreviewImporter) -> (artifact id: '6f2a60f5ad3ad0ed97166f6a05f667a1') in 0.04279 seconds
Number of updated asset objects reloaded before import = 0Number of asset objects unloaded after import = 17

========================================================================
Received Import Request.
  Time since last request: 0.000038 seconds.
  path: Assets/Synty/PolygonGeneric/Prefabs/Props/SM_Gen_Prop_Button_02.prefab
  artifactKey: Guid(992186881cc36904eb0c170564b7c267) Importer(815301076,1909f56bfc062723c751e8b465ee728b)
Start importing Assets/Synty/PolygonGeneric/Prefabs/Props/SM_Gen_Prop_Button_02.prefab using Guid(992186881cc36904eb0c170564b7c267) Importer(815301076,1909f56bfc062723c751e8b465ee728b) (PreviewImporter) -> (artifact id: '1a17c1e527bb1697a5c41dd9ab00f275') in 0.0440011 seconds
Number of updated asset objects reloaded before import = 0Number of asset objects unloaded after import = 23

========================================================================
Received Import Request.
  Time since last request: 0.000031 seconds.
  path: Assets/Synty/PolygonGeneric/Prefabs/Props/SM_Gen_Prop_Cardboard_Box_01.prefab
  artifactKey: Guid(afbc3707153a57c4996eed561707b5aa) Importer(815301076,1909f56bfc062723c751e8b465ee728b)
Start importing Assets/Synty/PolygonGeneric/Prefabs/Props/SM_Gen_Prop_Cardboard_Box_01.prefab using Guid(afbc3707153a57c4996eed561707b5aa) Importer(815301076,1909f56bfc062723c751e8b465ee728b) (PreviewImporter) -> (artifact id: 'bcacaea85bcc00e0d128485b7ea58c32') in 0.0406981 seconds
Number of updated asset objects reloaded before import = 0Number of asset objects unloaded after import = 17

========================================================================
Received Import Request.
  Time since last request: 0.000030 seconds.
  path: Assets/Synty/PolygonGeneric/Prefabs/Props/SM_Gen_Prop_Cardboard_Box_03.prefab
  artifactKey: Guid(e06d08eb8f6b076458cbf7ecbd044ffb) Importer(815301076,1909f56bfc062723c751e8b465ee728b)
Start importing Assets/Synty/PolygonGeneric/Prefabs/Props/SM_Gen_Prop_Cardboard_Box_03.prefab using Guid(e06d08eb8f6b076458cbf7ecbd044ffb) Importer(815301076,1909f56bfc062723c751e8b465ee728b) (PreviewImporter) -> (artifact id: '2ac7805865db5da700b5f0590f61e8a2') in 0.0380454 seconds
Number of updated asset objects reloaded before import = 0Number of asset objects unloaded after import = 17

========================================================================
Received Import Request.
  Time since last request: 23.708991 seconds.
  path: Assets/Synty/PolygonGeneric/Prefabs/Base/SM_Bld_Base_45_Floor_Combined_01.prefab
  artifactKey: Guid(95a81b3b58f6ae544b18dd07776e62d0) Importer(815301076,1909f56bfc062723c751e8b465ee728b)
Start importing Assets/Synty/PolygonGeneric/Prefabs/Base/SM_Bld_Base_45_Floor_Combined_01.prefab using Guid(95a81b3b58f6ae544b18dd07776e62d0) Importer(815301076,1909f56bfc062723c751e8b465ee728b) (PreviewImporter) -> (artifact id: '59ea661f36b3b273fb5cae4f2e9fa8fa') in 0.036454 seconds
Number of updated asset objects reloaded before import = 0Number of asset objects unloaded after import = 17

========================================================================
Received Import Request.
  Time since last request: 48.796601 seconds.
  path: Assets/Synty/PolygonApocalypse/Prefabs/Buildings/SM_Bld_Industrial_Small_01.prefab
  artifactKey: Guid(adddff29adf9d4a4eb57ece5f4bf545a) Importer(815301076,1909f56bfc062723c751e8b465ee728b)
Start importing Assets/Synty/PolygonApocalypse/Prefabs/Buildings/SM_Bld_Industrial_Small_01.prefab using Guid(adddff29adf9d4a4eb57ece5f4bf545a) Importer(815301076,1909f56bfc062723c751e8b465ee728b) (PreviewImporter) -> (artifact id: '705cf0339ab9b305dc15afb8c6898dfe') in 0.0607214 seconds
Number of updated asset objects reloaded before import = 0Number of asset objects unloaded after import = 27

========================================================================
Received Import Request.
  Time since last request: 1.002315 seconds.
  path: Assets/Synty/PolygonApocalypse/Prefabs/Buildings/SM_Bld_IndustrialWalkway_Preset_02.prefab
  artifactKey: Guid(ad755a7c93b6d8748bb04c3516ee3698) Importer(815301076,1909f56bfc062723c751e8b465ee728b)
Start importing Assets/Synty/PolygonApocalypse/Prefabs/Buildings/SM_Bld_IndustrialWalkway_Preset_02.prefab using Guid(ad755a7c93b6d8748bb04c3516ee3698) Importer(815301076,1909f56bfc062723c751e8b465ee728b) (PreviewImporter) -> (artifact id: 'e4a6f2dd190b06649f246c07a9b68d55') in 0.0641476 seconds
Number of updated asset objects reloaded before import = 0Number of asset objects unloaded after import = 20

========================================================================
Received Import Request.
  Time since last request: 0.748511 seconds.
  path: Assets/Synty/PolygonApocalypse/Prefabs/Buildings/SM_Bld_IndustrialWalkway_x2_01.prefab
  artifactKey: Guid(7736370cf63887b459408b5c948c197c) Importer(815301076,1909f56bfc062723c751e8b465ee728b)
Start importing Assets/Synty/PolygonApocalypse/Prefabs/Buildings/SM_Bld_IndustrialWalkway_x2_01.prefab using Guid(7736370cf63887b459408b5c948c197c) Importer(815301076,1909f56bfc062723c751e8b465ee728b) (PreviewImporter) -> (artifact id: 'f80bd9031a29ad2acd09d9ea2b0b5292') in 0.0306738 seconds
Number of updated asset objects reloaded before import = 0Number of asset objects unloaded after import = 19

========================================================================
Received Import Request.
  Time since last request: 4.264284 seconds.
  path: Assets/Synty/PolygonApocalypse/Prefabs/Buildings/SM_Bld_Junk_Shelter_06_Tarp.prefab
  artifactKey: Guid(63b498fa9d0ec5344a83b29a8aaa14c2) Importer(815301076,1909f56bfc062723c751e8b465ee728b)
Start importing Assets/Synty/PolygonApocalypse/Prefabs/Buildings/SM_Bld_Junk_Shelter_06_Tarp.prefab using Guid(63b498fa9d0ec5344a83b29a8aaa14c2) Importer(815301076,1909f56bfc062723c751e8b465ee728b) (PreviewImporter) -> (artifact id: '6c17b342721cda8ccda53adff546a192') in 0.0385176 seconds
Number of updated asset objects reloaded before import = 0Number of asset objects unloaded after import = 18

========================================================================
Received Import Request.
  Time since last request: 0.000023 seconds.
  path: Assets/Synty/PolygonApocalypse/Prefabs/Buildings/SM_Bld_Military_Tent_01.prefab
  artifactKey: Guid(2490389000c4d66458dc1948a5f79bdb) Importer(815301076,1909f56bfc062723c751e8b465ee728b)
Start importing Assets/Synty/PolygonApocalypse/Prefabs/Buildings/SM_Bld_Military_Tent_01.prefab using Guid(2490389000c4d66458dc1948a5f79bdb) Importer(815301076,1909f56bfc062723c751e8b465ee728b) (PreviewImporter) -> (artifact id: '3610f375a41ba86bedf111efd01ccd08') in 0.0340575 seconds
Number of updated asset objects reloaded before import = 0Number of asset objects unloaded after import = 18

========================================================================
Received Import Request.
  Time since last request: 0.273634 seconds.
  path: Assets/Synty/PolygonApocalypse/Prefabs/Buildings/SM_Bld_Military_Tent_03.prefab
  artifactKey: Guid(3f8cf84d181f2e148b07742d1c6dec53) Importer(815301076,1909f56bfc062723c751e8b465ee728b)
Start importing Assets/Synty/PolygonApocalypse/Prefabs/Buildings/SM_Bld_Military_Tent_03.prefab using Guid(3f8cf84d181f2e148b07742d1c6dec53) Importer(815301076,1909f56bfc062723c751e8b465ee728b) (PreviewImporter) -> (artifact id: 'f53c0d3118c35c4e9f8b8f96e82d880a') in 0.0779517 seconds
Number of updated asset objects reloaded before import = 0Number of asset objects unloaded after import = 18

========================================================================
Received Import Request.
  Time since last request: 0.000021 seconds.
  path: Assets/Synty/PolygonApocalypse/Prefabs/Buildings/SM_Bld_Motel_01.prefab
  artifactKey: Guid(b36dfc27ec645b44f8e22b04d81dc28f) Importer(815301076,1909f56bfc062723c751e8b465ee728b)
Start importing Assets/Synty/PolygonApocalypse/Prefabs/Buildings/SM_Bld_Motel_01.prefab using Guid(b36dfc27ec645b44f8e22b04d81dc28f) Importer(815301076,1909f56bfc062723c751e8b465ee728b) (PreviewImporter) -> (artifact id: '84c50d6b3a242f2feb1396874625e782') in 0.0956373 seconds
Number of updated asset objects reloaded before import = 0Number of asset objects unloaded after import = 88

========================================================================
Received Import Request.
  Time since last request: 0.585398 seconds.
  path: Assets/Synty/PolygonApocalypse/Prefabs/Buildings/SM_Bld_Quarantine_Tent_01.prefab
  artifactKey: Guid(d0521494728afa040a7ee397dac54d07) Importer(815301076,1909f56bfc062723c751e8b465ee728b)
Start importing Assets/Synty/PolygonApocalypse/Prefabs/Buildings/SM_Bld_Quarantine_Tent_01.prefab using Guid(d0521494728afa040a7ee397dac54d07) Importer(815301076,1909f56bfc062723c751e8b465ee728b) (PreviewImporter) -> (artifact id: 'a5c3efa5e85918d31c1d71ea83b8639e') in 0.0325983 seconds
Number of updated asset objects reloaded before import = 0Number of asset objects unloaded after import = 18

========================================================================
Received Import Request.
  Time since last request: 36.793413 seconds.
  path: Assets/Synty/PolygonApocalypse/Prefabs/Buildings/SM_Bld_Quarantine_Tent_03.prefab
  artifactKey: Guid(15466794e3948614fb4b9ca8d4adf7d9) Importer(815301076,1909f56bfc062723c751e8b465ee728b)
Start importing Assets/Synty/PolygonApocalypse/Prefabs/Buildings/SM_Bld_Quarantine_Tent_03.prefab using Guid(15466794e3948614fb4b9ca8d4adf7d9) Importer(815301076,1909f56bfc062723c751e8b465ee728b) (PreviewImporter) -> (artifact id: '60c3bb75a3deb3213675924b20bc447a') in 0.0318196 seconds
Number of updated asset objects reloaded before import = 0Number of asset objects unloaded after import = 18

========================================================================
Received Import Request.
  Time since last request: 1.284422 seconds.
  path: Assets/Synty/PolygonApocalypse/Prefabs/Buildings/SM_Bld_RadioTower_01.prefab
  artifactKey: Guid(8baa48d3960ea2e478eab614acc048bf) Importer(815301076,1909f56bfc062723c751e8b465ee728b)
Start importing Assets/Synty/PolygonApocalypse/Prefabs/Buildings/SM_Bld_RadioTower_01.prefab using Guid(8baa48d3960ea2e478eab614acc048bf) Importer(815301076,1909f56bfc062723c751e8b465ee728b) (PreviewImporter) -> (artifact id: 'f1a31831c738298116c4dcd71c3699f3') in 0.0404373 seconds
Number of updated asset objects reloaded before import = 0Number of asset objects unloaded after import = 27

========================================================================
Received Import Request.
  Time since last request: 5.190235 seconds.
  path: Assets/Synty/PolygonApocalypse/Prefabs/Buildings/SM_Bld_Shop_Large_02.prefab
  artifactKey: Guid(ae4ca41587e494f449be1ef5696d184c) Importer(815301076,1909f56bfc062723c751e8b465ee728b)
Start importing Assets/Synty/PolygonApocalypse/Prefabs/Buildings/SM_Bld_Shop_Large_02.prefab using Guid(ae4ca41587e494f449be1ef5696d184c) Importer(815301076,1909f56bfc062723c751e8b465ee728b) (PreviewImporter) -> (artifact id: 'cd9f96d3553bdcb7236e028b012c8844') in 0.0329068 seconds
Number of updated asset objects reloaded before import = 0Number of asset objects unloaded after import = 24

========================================================================
Received Import Request.
  Time since last request: 9.569717 seconds.
  path: Assets/Synty/PolygonApocalypse/Prefabs/Buildings/SM_Bld_Shop_Medium_02.prefab
  artifactKey: Guid(c4f359cf447c6bb4dab270355d3bc66c) Importer(815301076,1909f56bfc062723c751e8b465ee728b)
Start importing Assets/Synty/PolygonApocalypse/Prefabs/Buildings/SM_Bld_Shop_Medium_02.prefab using Guid(c4f359cf447c6bb4dab270355d3bc66c) Importer(815301076,1909f56bfc062723c751e8b465ee728b) (PreviewImporter) -> (artifact id: '1d717262e7e2667d699dd322e4da2541') in 0.0416271 seconds
Number of updated asset objects reloaded before import = 0Number of asset objects unloaded after import = 44

========================================================================
Received Import Request.
  Time since last request: 0.000025 seconds.
  path: Assets/Synty/PolygonApocalypse/Prefabs/Buildings/SM_Bld_Shop_Small_02.prefab
  artifactKey: Guid(6ee1539b4a8626f4cac0833caad9aa82) Importer(815301076,1909f56bfc062723c751e8b465ee728b)
Start importing Assets/Synty/PolygonApocalypse/Prefabs/Buildings/SM_Bld_Shop_Small_02.prefab using Guid(6ee1539b4a8626f4cac0833caad9aa82) Importer(815301076,1909f56bfc062723c751e8b465ee728b) (PreviewImporter) -> (artifact id: '136d72726579624339f2f3460f40575d') in 0.0346805 seconds
Number of updated asset objects reloaded before import = 0Number of asset objects unloaded after import = 24

========================================================================
Received Import Request.
  Time since last request: 0.337248 seconds.
  path: Assets/Synty/PolygonApocalypse/Prefabs/Buildings/SM_Bld_Sunshade_02.prefab
  artifactKey: Guid(e569f05bf1a3ddf4bba2a105d009ec9f) Importer(815301076,1909f56bfc062723c751e8b465ee728b)
Start importing Assets/Synty/PolygonApocalypse/Prefabs/Buildings/SM_Bld_Sunshade_02.prefab using Guid(e569f05bf1a3ddf4bba2a105d009ec9f) Importer(815301076,1909f56bfc062723c751e8b465ee728b) (PreviewImporter) -> (artifact id: 'fe87ce9629ac19c20ae11e6a53be5201') in 0.0356304 seconds
Number of updated asset objects reloaded before import = 0Number of asset objects unloaded after import = 18

========================================================================
Received Import Request.
  Time since last request: 0.070577 seconds.
  path: Assets/Synty/PolygonApocalypse/Prefabs/Buildings/SM_Bld_Tarp_Generic_01.prefab
  artifactKey: Guid(685e55113aea5794e9ba1f3666ec9174) Importer(815301076,1909f56bfc062723c751e8b465ee728b)
Start importing Assets/Synty/PolygonApocalypse/Prefabs/Buildings/SM_Bld_Tarp_Generic_01.prefab using Guid(685e55113aea5794e9ba1f3666ec9174) Importer(815301076,1909f56bfc062723c751e8b465ee728b) (PreviewImporter) -> (artifact id: 'fde14fb3d8833916e905895827a2776f') in 0.0379267 seconds
Number of updated asset objects reloaded before import = 0Number of asset objects unloaded after import = 18

========================================================================
Received Import Request.
  Time since last request: 1.074853 seconds.
  path: Assets/Synty/PolygonApocalypse/Prefabs/Buildings/SM_Bld_Tarp_Generic_03.prefab
  artifactKey: Guid(b46c5b16d86744c46b6f941505a769ed) Importer(815301076,1909f56bfc062723c751e8b465ee728b)
Start importing Assets/Synty/PolygonApocalypse/Prefabs/Buildings/SM_Bld_Tarp_Generic_03.prefab using Guid(b46c5b16d86744c46b6f941505a769ed) Importer(815301076,1909f56bfc062723c751e8b465ee728b) (PreviewImporter) -> (artifact id: 'ba5e45969eca400ae129cae49c1059c2') in 0.0351061 seconds
Number of updated asset objects reloaded before import = 0Number of asset objects unloaded after import = 18

========================================================================
Received Import Request.
  Time since last request: 0.001159 seconds.
  path: Assets/Synty/PolygonApocalypse/Prefabs/Buildings/SM_Bld_Trailer_01.prefab
  artifactKey: Guid(15302bd74a0fa344c8fee77ad7a46e50) Importer(815301076,1909f56bfc062723c751e8b465ee728b)
Start importing Assets/Synty/PolygonApocalypse/Prefabs/Buildings/SM_Bld_Trailer_01.prefab using Guid(15302bd74a0fa344c8fee77ad7a46e50) Importer(815301076,1909f56bfc062723c751e8b465ee728b) (PreviewImporter) -> (artifact id: 'bfc61747decdfaa0f4069e2e8f7a04fb') in 0.0439285 seconds
Number of updated asset objects reloaded before import = 0Number of asset objects unloaded after import = 42

========================================================================
Received Import Request.
  Time since last request: 0.745588 seconds.
  path: Assets/Synty/PolygonApocalypse/Prefabs/Buildings/SM_Bld_Trailer_Damaged_01.prefab
  artifactKey: Guid(2ac4d473e2bd3a543a449f931aa54484) Importer(815301076,1909f56bfc062723c751e8b465ee728b)
Start importing Assets/Synty/PolygonApocalypse/Prefabs/Buildings/SM_Bld_Trailer_Damaged_01.prefab using Guid(2ac4d473e2bd3a543a449f931aa54484) Importer(815301076,1909f56bfc062723c751e8b465ee728b) (PreviewImporter) -> (artifact id: '84e7372a10735229b59b90e66127eefc') in 0.0330553 seconds
Number of updated asset objects reloaded before import = 0Number of asset objects unloaded after import = 30

========================================================================
Received Import Request.
  Time since last request: 0.445724 seconds.
  path: Assets/Synty/PolygonApocalypse/Prefabs/Buildings/SM_Bld_Walkway_Cover_01.prefab
  artifactKey: Guid(d611ba8e77fa059439e17352e6742c8a) Importer(815301076,1909f56bfc062723c751e8b465ee728b)
Start importing Assets/Synty/PolygonApocalypse/Prefabs/Buildings/SM_Bld_Walkway_Cover_01.prefab using Guid(d611ba8e77fa059439e17352e6742c8a) Importer(815301076,1909f56bfc062723c751e8b465ee728b) (PreviewImporter) -> (artifact id: '6ed2c170904a53bc4d17cee31b61495e') in 0.032549 seconds
Number of updated asset objects reloaded before import = 0Number of asset objects unloaded after import = 24

========================================================================
Received Import Request.
  Time since last request: 1.528966 seconds.
  path: Assets/Synty/PolygonApocalypse/Prefabs/Buildings/SM_Bld_Warehouse_Concrete_01.prefab
  artifactKey: Guid(ad72ec42eb3032541b966f9e09be569a) Importer(815301076,1909f56bfc062723c751e8b465ee728b)
Start importing Assets/Synty/PolygonApocalypse/Prefabs/Buildings/SM_Bld_Warehouse_Concrete_01.prefab using Guid(ad72ec42eb3032541b966f9e09be569a) Importer(815301076,1909f56bfc062723c751e8b465ee728b) (PreviewImporter) -> (artifact id: '4c6cdb10edccfe89ff6cd5213cef7efe') in 0.0804938 seconds
Number of updated asset objects reloaded before import = 0Number of asset objects unloaded after import = 49

========================================================================
Received Import Request.
  Time since last request: 141.992511 seconds.
  path: Assets/Synty/PolygonApocalypse/Models/Convex/SM_Prop_BabyCot_01_Convex.asset
  artifactKey: Guid(2749efa47d6b5224989de7891b15dbc4) Importer(815301076,1909f56bfc062723c751e8b465ee728b)
Start importing Assets/Synty/PolygonApocalypse/Models/Convex/SM_Prop_BabyCot_01_Convex.asset using Guid(2749efa47d6b5224989de7891b15dbc4) Importer(815301076,1909f56bfc062723c751e8b465ee728b) (PreviewImporter) -> (artifact id: '179cd0dce9ac28103b6cffaf963f1246') in 0.0150471 seconds
Number of updated asset objects reloaded before import = 0Number of asset objects unloaded after import = 2

========================================================================
Received Import Request.
  Time since last request: 3.196420 seconds.
  path: Assets/Synty/PolygonShops/Prefabs/Environments/SM_Env_Plant_Bed_01_Large.prefab
  artifactKey: Guid(67d73191daff19244b82c68f37a5f3ec) Importer(815301076,1909f56bfc062723c751e8b465ee728b)
Start importing Assets/Synty/PolygonShops/Prefabs/Environments/SM_Env_Plant_Bed_01_Large.prefab using Guid(67d73191daff19244b82c68f37a5f3ec) Importer(815301076,1909f56bfc062723c751e8b465ee728b) (PreviewImporter) -> (artifact id: 'a42ac07f3dfd3f545aaeb649e82220fa') in 0.0156545 seconds
Number of updated asset objects reloaded before import = 0Number of asset objects unloaded after import = 22

========================================================================
Received Import Request.
  Time since last request: 0.000020 seconds.
  path: Assets/Synty/PolygonShops/Prefabs/Environments/SM_Env_Plant_Bed_01_Medium.prefab
  artifactKey: Guid(dae26598b6736cb4b94877c1fa51ccc1) Importer(815301076,1909f56bfc062723c751e8b465ee728b)
Start importing Assets/Synty/PolygonShops/Prefabs/Environments/SM_Env_Plant_Bed_01_Medium.prefab using Guid(dae26598b6736cb4b94877c1fa51ccc1) Importer(815301076,1909f56bfc062723c751e8b465ee728b) (PreviewImporter) -> (artifact id: '057bb3572fffb6fb332404b8970e7860') in 0.0140808 seconds
Number of updated asset objects reloaded before import = 0Number of asset objects unloaded after import = 22

========================================================================
Received Import Request.
  Time since last request: 0.000022 seconds.
  path: Assets/Synty/PolygonApocalypse/Models/Convex/SM_Prop_Bed_Bunk_01_Convex.asset
  artifactKey: Guid(47b4385ae59a7a742b9dc04faec4621c) Importer(815301076,1909f56bfc062723c751e8b465ee728b)
Start importing Assets/Synty/PolygonApocalypse/Models/Convex/SM_Prop_Bed_Bunk_01_Convex.asset using Guid(47b4385ae59a7a742b9dc04faec4621c) Importer(815301076,1909f56bfc062723c751e8b465ee728b) (PreviewImporter) -> (artifact id: 'aa84e14e77dc8ad3245868bcc775a662') in 0.0145663 seconds
Number of updated asset objects reloaded before import = 0Number of asset objects unloaded after import = 2

========================================================================
Received Import Request.
  Time since last request: 0.000019 seconds.
  path: Assets/Synty/PolygonShops/Models/Collision/Convex/SM_Env_Plant_Bed_01_Medium_Convex.asset
  artifactKey: Guid(4bca58465bb0c9241971450bc241043c) Importer(815301076,1909f56bfc062723c751e8b465ee728b)
Start importing Assets/Synty/PolygonShops/Models/Collision/Convex/SM_Env_Plant_Bed_01_Medium_Convex.asset using Guid(4bca58465bb0c9241971450bc241043c) Importer(815301076,1909f56bfc062723c751e8b465ee728b) (PreviewImporter) -> (artifact id: 'c890ec5c8c27016800b3863e39221758') in 0.0186589 seconds
Number of updated asset objects reloaded before import = 0Number of asset objects unloaded after import = 2

========================================================================
Received Import Request.
  Time since last request: 0.000030 seconds.
  path: Assets/Synty/PolygonApocalypse/Prefabs/Props/SM_Prop_Bed_Bunk_01.prefab
  artifactKey: Guid(43a57043cd05ca34298fd85726812902) Importer(815301076,1909f56bfc062723c751e8b465ee728b)
Start importing Assets/Synty/PolygonApocalypse/Prefabs/Props/SM_Prop_Bed_Bunk_01.prefab using Guid(43a57043cd05ca34298fd85726812902) Importer(815301076,1909f56bfc062723c751e8b465ee728b) (PreviewImporter) -> (artifact id: '909ce3ba3ca7b1fc430c0ea1a0d0fc9d') in 0.0294529 seconds
Number of updated asset objects reloaded before import = 0Number of asset objects unloaded after import = 18

========================================================================
Received Import Request.
  Time since last request: 2.259284 seconds.
  path: Assets/Synty/PolygonApocalypse/Models/SM_Prop_Bed_Gurney_BodySheet_01.fbx
  artifactKey: Guid(5dcf5e4f671523241a0d28d7b750f24c) Importer(815301076,1909f56bfc062723c751e8b465ee728b)
Start importing Assets/Synty/PolygonApocalypse/Models/SM_Prop_Bed_Gurney_BodySheet_01.fbx using Guid(5dcf5e4f671523241a0d28d7b750f24c) Importer(815301076,1909f56bfc062723c751e8b465ee728b) (PreviewImporter) -> (artifact id: '52c374a7dab02988312e6d4bf3f7713e') in 0.0142257 seconds
Number of updated asset objects reloaded before import = 0Number of asset objects unloaded after import = 7

========================================================================
Received Import Request.
  Time since last request: 4.220891 seconds.
  path: Assets/Synty/PolygonApocalypse/Models/SM_Prop_Bedframe_02.fbx
  artifactKey: Guid(0fb2a04d386a41b418ae61971004b956) Importer(815301076,1909f56bfc062723c751e8b465ee728b)
Start importing Assets/Synty/PolygonApocalypse/Models/SM_Prop_Bedframe_02.fbx using Guid(0fb2a04d386a41b418ae61971004b956) Importer(815301076,1909f56bfc062723c751e8b465ee728b) (PreviewImporter) -> (artifact id: 'ba67fa7a6bc10b10f49e67f721066c92') in 0.0129 seconds
Number of updated asset objects reloaded before import = 0Number of asset objects unloaded after import = 7

========================================================================
Received Import Request.
  Time since last request: 0.571013 seconds.
  path: Assets/Synty/PolygonApocalypse/Models/SM_Prop_BedMatress_01.fbx
  artifactKey: Guid(64e1e57e08de56a4daa4f29b49d31898) Importer(815301076,1909f56bfc062723c751e8b465ee728b)
Start importing Assets/Synty/PolygonApocalypse/Models/SM_Prop_BedMatress_01.fbx using Guid(64e1e57e08de56a4daa4f29b49d31898) Importer(815301076,1909f56bfc062723c751e8b465ee728b) (PreviewImporter) -> (artifact id: '3995608331fcab09acdfbd649ec15491') in 0.01483 seconds
Number of updated asset objects reloaded before import = 0Number of asset objects unloaded after import = 7

========================================================================
Received Import Request.
  Time since last request: 0.054148 seconds.
  path: Assets/Synty/PolygonApocalypse/Models/Convex/SM_Prop_BedMatress_01_Convex.asset
  artifactKey: Guid(2e7cfb4393c350049b9455970745df66) Importer(815301076,1909f56bfc062723c751e8b465ee728b)
Start importing Assets/Synty/PolygonApocalypse/Models/Convex/SM_Prop_BedMatress_01_Convex.asset using Guid(2e7cfb4393c350049b9455970745df66) Importer(815301076,1909f56bfc062723c751e8b465ee728b) (PreviewImporter) -> (artifact id: 'bb3aca389e6c0a2c4d8749e778626ac5') in 0.0260192 seconds
Number of updated asset objects reloaded before import = 0Number of asset objects unloaded after import = 2

========================================================================
Received Import Request.
  Time since last request: 58.798393 seconds.
  path: Assets/Synty/PolygonGeneric/Models/Base/SM_Bld_Base_Pillar_Half_01.fbx
  artifactKey: Guid(a4ee083d435527140b006ef092cd3789) Importer(815301076,1909f56bfc062723c751e8b465ee728b)
Start importing Assets/Synty/PolygonGeneric/Models/Base/SM_Bld_Base_Pillar_Half_01.fbx using Guid(a4ee083d435527140b006ef092cd3789) Importer(815301076,1909f56bfc062723c751e8b465ee728b) (PreviewImporter) -> (artifact id: 'c2d4852e76fa89ba3e0cd227ec8b39de') in 0.0113089 seconds
Number of updated asset objects reloaded before import = 0Number of asset objects unloaded after import = 7

========================================================================
Received Import Request.
  Time since last request: 0.000023 seconds.
  path: Assets/Synty/PolygonShops/Models/SM_Bld_Base_Pillar_Half_01.fbx
  artifactKey: Guid(fd9a8f37ab435f94b8feca43d89d4bd9) Importer(815301076,1909f56bfc062723c751e8b465ee728b)
Start importing Assets/Synty/PolygonShops/Models/SM_Bld_Base_Pillar_Half_01.fbx using Guid(fd9a8f37ab435f94b8feca43d89d4bd9) Importer(815301076,1909f56bfc062723c751e8b465ee728b) (PreviewImporter) -> (artifact id: '2c08b3a884747c65750e6cab9961587c') in 0.0123362 seconds
Number of updated asset objects reloaded before import = 0Number of asset objects unloaded after import = 7

========================================================================
Received Import Request.
  Time since last request: 0.000033 seconds.
  path: Assets/Synty/PolygonShops/Models/SM_Bld_Base_Pillar_Half_03.fbx
  artifactKey: Guid(62aa2258220fe6e43966a7aa6967d649) Importer(815301076,1909f56bfc062723c751e8b465ee728b)
Start importing Assets/Synty/PolygonShops/Models/SM_Bld_Base_Pillar_Half_03.fbx using Guid(62aa2258220fe6e43966a7aa6967d649) Importer(815301076,1909f56bfc062723c751e8b465ee728b) (PreviewImporter) -> (artifact id: 'c1514848af30e87f7de005fecac7d402') in 0.0145516 seconds
Number of updated asset objects reloaded before import = 0Number of asset objects unloaded after import = 7

========================================================================
Received Import Request.
  Time since last request: 0.000024 seconds.
  path: Assets/Synty/PolygonShops/Prefabs/Buildings/SM_Bld_Base_Pillar_Half_02.prefab
  artifactKey: Guid(fcb6ba9ccecca2444869cb7ed0ec5f73) Importer(815301076,1909f56bfc062723c751e8b465ee728b)
Start importing Assets/Synty/PolygonShops/Prefabs/Buildings/SM_Bld_Base_Pillar_Half_02.prefab using Guid(fcb6ba9ccecca2444869cb7ed0ec5f73) Importer(815301076,1909f56bfc062723c751e8b465ee728b) (PreviewImporter) -> (artifact id: 'b140dd6ebf59c9618a1c854e3f122a1a') in 0.0159148 seconds
Number of updated asset objects reloaded before import = 0Number of asset objects unloaded after import = 15

========================================================================
Received Import Request.
  Time since last request: 0.000027 seconds.
  path: Assets/Synty/PolygonGeneric/Models/Base/SM_Bld_Base_Pillar_Half_03.fbx
  artifactKey: Guid(fa3f3266a6fb24240a8d1220c0a1ec03) Importer(815301076,1909f56bfc062723c751e8b465ee728b)
Start importing Assets/Synty/PolygonGeneric/Models/Base/SM_Bld_Base_Pillar_Half_03.fbx using Guid(fa3f3266a6fb24240a8d1220c0a1ec03) Importer(815301076,1909f56bfc062723c751e8b465ee728b) (PreviewImporter) -> (artifact id: '81dfa29ee1fb12d4457de8941f3ad08f') in 0.0147248 seconds
Number of updated asset objects reloaded before import = 0Number of asset objects unloaded after import = 7

========================================================================
Received Import Request.
  Time since last request: 0.000025 seconds.
  path: Assets/Synty/PolygonGeneric/Models/Base/SM_Bld_Base_Pillar_Half_02.fbx
  artifactKey: Guid(350496731e853674395ad3cefee650a5) Importer(815301076,1909f56bfc062723c751e8b465ee728b)
Start importing Assets/Synty/PolygonGeneric/Models/Base/SM_Bld_Base_Pillar_Half_02.fbx using Guid(350496731e853674395ad3cefee650a5) Importer(815301076,1909f56bfc062723c751e8b465ee728b) (PreviewImporter) -> (artifact id: 'f46aad38f249dee6f32b41dc3e07a942') in 0.0200445 seconds
Number of updated asset objects reloaded before import = 0Number of asset objects unloaded after import = 7

Editor requested this worker to shutdown with reason: Scaling down because of idle timeout
AssetImportWorker is now disconnected from the server
Process exiting
Exiting without the bug reporter. Application will terminate with return code 0