[Licensing::Module] Trying to connect to existing licensing client channel...
Built from '6000.3/staging' branch; Version is '6000.3.13f1 (8c4f11e4fb20) revision 9195281'; Using compiler version '194234433'; Build Type 'Release'
OS: 'Windows 11  (10.0.26200) Core' Language: 'en' Physical Memory: 32347 MB
[Licensing::IpcConnector] Successfully connected to: "LicenseClient-zieli" at "2026-04-22T14:24:08.5762272Z"
BatchMode: 1, IsHumanControllingUs: 0, StartBugReporterOnCrash: 0, Is64bit: 1
System  architecture: x64
Process architecture: x64
Date: 2026-04-22T14:24:08Z

COMMAND LINE ARGUMENTS:
C:\Program Files\Unity\Hub\Editor\6000.3.13f1\Editor\Unity.exe
-adb2
-batchMode
-noUpm
-name
AssetImportWorker4
-projectPath
C:/Game Development/DisasterDiner
-logFile
Logs/AssetImportWorker4.log
-srvPort
63826
-licensingIpc
LicenseClient-zieli
-job-worker-count
7
-background-job-worker-count
8
-gc-helper-count
1
-name
AssetImport
Successfully changed project path to: C:/Game Development/DisasterDiner
C:/Game Development/DisasterDiner
[UnityMemory] Configuration Parameters - Can be set up in boot.config
    "memorysetup-temp-allocator-size-nav-mesh-worker=65536"
    "memorysetup-temp-allocator-size-audio-worker=65536"
    "memorysetup-temp-allocator-size-gfx=262144"
    "memorysetup-allocator-temp-initial-block-size-main=262144"
    "memorysetup-allocator-temp-initial-block-size-worker=262144"
    "memorysetup-temp-allocator-size-background-worker=32768"
    "memorysetup-temp-allocator-size-job-worker=262144"
    "memorysetup-temp-allocator-size-preload-manager=33554432"
    "memorysetup-temp-allocator-size-gi-baking-worker=262144"
    "memorysetup-temp-allocator-size-gi-baking-worker=262144"
    "memorysetup-temp-allocator-size-gi-baking-worker=262144"
    "memorysetup-temp-allocator-size-gi-baking-worker=262144"
    "memorysetup-temp-allocator-size-gi-baking-worker=262144"
    "memorysetup-bucket-allocator-granularity=16"
    "memorysetup-bucket-allocator-bucket-count=8"
    "memorysetup-bucket-allocator-block-size=33554432"
    "memorysetup-bucket-allocator-block-count=8"
    "memorysetup-main-allocator-block-size=16777216"
    "memorysetup-thread-allocator-block-size=16777216"
    "memorysetup-gfx-main-allocator-block-size=16777216"
    "memorysetup-gfx-thread-allocator-block-size=16777216"
    "memorysetup-cache-allocator-block-size=4194304"
    "memorysetup-typetree-allocator-block-size=2097152"
    "memorysetup-profiler-bucket-allocator-granularity=16"
    "memorysetup-profiler-bucket-allocator-bucket-count=8"
    "memorysetup-profiler-bucket-allocator-block-size=33554432"
    "memorysetup-profiler-bucket-allocator-block-count=8"
    "memorysetup-profiler-allocator-block-size=16777216"
    "memorysetup-profiler-editor-allocator-block-size=1048576"
    "memorysetup-temp-allocator-size-main=16777216"
    "memorysetup-job-temp-allocator-block-size=2097152"
    "memorysetup-job-temp-allocator-block-size-background=1048576"
    "memorysetup-job-temp-allocator-reduction-small-platforms=262144"
    "memorysetup-temp-allocator-size-cloud-worker=32768"
Player connection [4672]  Target information:

Player connection [4672]  * "[IP] 192.168.86.22 [Port] 0 [Flags] 2 [Guid] 2036887343 [EditorId] 2036887343 [Version] 1048832 [Id] WindowsEditor(7,Johns_PC) [Debug] 1 [PackageName] WindowsEditor [ProjectName] Editor" 

Player connection [4672] Host joined multi-casting on [225.0.0.222:54997]...
Player connection [4672] Host joined alternative multi-casting on [225.0.0.222:34997]...
JobSystem: Creating JobQueue using job-worker-count value 7
Input System module state changed to: Initialized.
[Physics::Module] Initialized fallback backend.
[Physics::Module] Id: 0xdecafbad
Library Redirect Path: Library/
[Physics::Module] Selected backend.
[Physics::Module] Name: PhysX
[Physics::Module] Id: 0xf2b8ea05
[Physics::Module] SDK Version: 4.1.2
[Physics::Module] Integration Version: 1.0.0
[Physics::Module] Threading Mode: Multi-Threaded
Refreshing native plugins compatible for Editor in 3.86 ms, found 4 plugins.
Preloading 0 native plugins for Editor in 0.00 ms.
Initialize engine version: 6000.3.13f1 (8c4f11e4fb20)
[Subsystems] Discovering subsystems at path C:/Program Files/Unity/Hub/Editor/6000.3.13f1/Editor/Data/Resources/UnitySubsystems
[Subsystems] Discovering subsystems at path C:/Game Development/DisasterDiner/Assets
GfxDevice: creating device client; kGfxThreadingModeNonThreaded
Direct3D:
    Version:  Direct3D 11.0 [level 11.1]
    Renderer: NVIDIA GeForce RTX 4070 SUPER (ID=0x2783)
    Vendor:   NVIDIA
    VRAM:     11999 MB
    Driver:   32.0.15.8157
Initialize mono
Mono path[0] = 'C:/Program Files/Unity/Hub/Editor/6000.3.13f1/Editor/Data/Managed'
Mono path[1] = 'C:/Program Files/Unity/Hub/Editor/6000.3.13f1/Editor/Data/MonoBleedingEdge/lib/mono/unityjit-win32'
Mono config path = 'C:/Program Files/Unity/Hub/Editor/6000.3.13f1/Editor/Data/MonoBleedingEdge/etc'
Using monoOptions --debugger-agent=transport=dt_socket,embedding=1,server=y,suspend=n,address=127.0.0.1:56664
Begin MonoManager ReloadAssembly
Registering precompiled unity dll's ...
Register platform support module: C:/Program Files/Unity/Hub/Editor/6000.3.13f1/Editor/Data/PlaybackEngines/WindowsStandaloneSupport/UnityEditor.WindowsStandalone.Extensions.dll
Registered in 0.001528 seconds.
- Loaded All Assemblies, in  0.332 seconds
[Licensing::Client] Error: HandshakeResponse reported an error:
	ResponseCode: 505
	ResponseStatus: Unsupported protocol version '1.18.1'.
[Licensing::Module] Error: Failed to handshake to channel: "LicenseClient-zieli"
[Licensing::IpcConnector] LicenseClient-zieli channel disconnected successfully.
[Licensing::IpcConnector] Successfully connected to: "LicenseClient-zieli-6000.3.13" at "2026-04-22T14:24:09.4655695Z"
Native extension for WindowsStandalone target not found
Package Manager log level set to [2]
[Package Manager] Failed to launch server process. Reason: Unity was launched with the -noUpm command-line argument
[Package Manager] Unable to send message (not connected to server process).
[Package Manager] Cannot connect to Unity Package Manager local server
ScheduleIndexationOnStartup MainProcess:False IndexOnStartup:True
Mono: successfully reloaded assembly
- Finished resetting the current domain, in  0.329 seconds
Domain Reload Profiling: 659ms
	BeginReloadAssembly (100ms)
		ExecutionOrderSort (0ms)
		DisableScriptedObjects (0ms)
		BackupInstance (0ms)
		ReleaseScriptingObjects (0ms)
		CreateAndSetChildDomain (1ms)
	RebuildCommonClasses (30ms)
	RebuildNativeTypeToScriptingClass (15ms)
	initialDomainReloadingComplete (41ms)
	LoadAllAssembliesAndSetupDomain (144ms)
		LoadAssemblies (96ms)
		RebuildTransferFunctionScriptingTraits (0ms)
		AnalyzeDomain (141ms)
			TypeCache.Refresh (140ms)
				TypeCache.ScanAssembly (130ms)
			BuildScriptInfoCaches (0ms)
			ResolveRequiredComponents (0ms)
	FinalizeReload (329ms)
		ReleaseScriptCaches (0ms)
		RebuildScriptCaches (0ms)
		SetupLoadedEditorAssemblies (282ms)
			LogAssemblyErrors (0ms)
			InitializePlatformSupportModulesInManaged (41ms)
			SetLoadedEditorAssemblies (3ms)
			BeforeProcessingInitializeOnLoad (69ms)
			ProcessInitializeOnLoadAttributes (109ms)
			ProcessInitializeOnLoadMethodAttributes (60ms)
			AfterProcessingInitializeOnLoad (0ms)
			EditorAssembliesLoaded (0ms)
		ExecutionOrderSort2 (0ms)
		AwakeInstancesAfterBackupRestoration (0ms)
========================================================================
Worker process is ready to serve import requests
Import Worker Mode flag is 0x00
Begin MonoManager ReloadAssembly
[Licensing::Module] Licensing is not yet initialized.
[Licensing::Client] Handshaking with LicensingClient:
  Version:                 1.18.1+9fbee8e
  Session Id:              56491194d5d6450bb15a09a2e226b0ad
  Correlation Id:          0a93e7b546b02e57733dac467a30e5da
  External correlation Id: 4756756450045200812
  Machine Id:              a0OP954qVZmt5azPS5PrvPW5hTY=
[Licensing::Module] Successfully connected to LicensingClient on channel: "LicenseClient-zieli-6000.3.13" (connect: 0.00s, validation: 0.00s, handshake: 0.78s)
[Licensing::IpcConnector] Successfully connected to: "LicenseClient-zieli-6000.3.13-notifications" at "2026-04-22T14:24:10.2427454Z"
[Licensing::Module] Licensing Background thread has ended after 1.67s
[Licensing::Module] Licensing is initialized (took 0.22s).
[Licensing::Client] Successfully resolved entitlement details
[Licensing::Module] License group:
  Id: 2475483376267-UnityPersXXXX
  Product: Unity Personal
  Type: Assigned
  Expiration: Unlimited
- Loaded All Assemblies, in  0.835 seconds
Refreshing native plugins compatible for Editor in 1.11 ms, found 4 plugins.
Native extension for WindowsStandalone target not found
[Package Manager] Failed to launch server process. Reason: Unity was launched with the -noUpm command-line argument
[Package Manager] Unable to send message (not connected to server process).
[Package Manager] Cannot connect to Unity Package Manager local server
Refreshing native plugins compatible for Editor in 1.40 ms, found 4 plugins.
[Package Manager] Failed to launch server process. Reason: Unity was launched with the -noUpm command-line argument
[Package Manager] Unable to send message (not connected to server process).
[Package Manager] Cannot connect to Unity Package Manager local server
ScheduleIndexationOnStartup MainProcess:False IndexOnStartup:True
Mono: successfully reloaded assembly
- Finished resetting the current domain, in  0.558 seconds
Domain Reload Profiling: 1389ms
	BeginReloadAssembly (358ms)
		ExecutionOrderSort (0ms)
		DisableScriptedObjects (4ms)
		BackupInstance (0ms)
		ReleaseScriptingObjects (0ms)
		CreateAndSetChildDomain (27ms)
	RebuildCommonClasses (26ms)
	RebuildNativeTypeToScriptingClass (10ms)
	initialDomainReloadingComplete (29ms)
	LoadAllAssembliesAndSetupDomain (406ms)
		LoadAssemblies (280ms)
		RebuildTransferFunctionScriptingTraits (0ms)
		AnalyzeDomain (198ms)
			TypeCache.Refresh (141ms)
				TypeCache.ScanAssembly (130ms)
			BuildScriptInfoCaches (46ms)
			ResolveRequiredComponents (7ms)
	FinalizeReload (559ms)
		ReleaseScriptCaches (0ms)
		RebuildScriptCaches (0ms)
		SetupLoadedEditorAssemblies (413ms)
			LogAssemblyErrors (0ms)
			InitializePlatformSupportModulesInManaged (1ms)
			SetLoadedEditorAssemblies (3ms)
			BeforeProcessingInitializeOnLoad (94ms)
			ProcessInitializeOnLoadAttributes (264ms)
			ProcessInitializeOnLoadMethodAttributes (46ms)
			AfterProcessingInitializeOnLoad (5ms)
			EditorAssembliesLoaded (0ms)
		ExecutionOrderSort2 (0ms)
		AwakeInstancesAfterBackupRestoration (6ms)
Launched and connected shader compiler UnityShaderCompiler.exe after 0.01 seconds
Refreshing native plugins compatible for Editor in 1.25 ms, found 4 plugins.
Preloading 0 native plugins for Editor in 0.00 ms.
Unloading 16 Unused Serialized files (Serialized files now loaded: 0)
Unloading 6447 unused Assets / (4.8 MB). Loaded Objects now: 7249.
Memory consumption went from 162.7 MB to 157.8 MB.
Total: 6.099600 ms (FindLiveObjects: 0.568600 ms CreateObjectMapping: 0.273900 ms MarkObjects: 3.568400 ms  DeleteObjects: 1.688100 ms)

========================================================================
Received Import Request.
  Time since last request: 60846.281879 seconds.
  path: Assets/Synty/PolygonGeneric/Prefabs/Props/SM_Gen_Prop_Bottle_02.prefab
  artifactKey: Guid(98c28dfc9510d834b9add0b7f0ee2af7) Importer(815301076,1909f56bfc062723c751e8b465ee728b)
Start importing Assets/Synty/PolygonGeneric/Prefabs/Props/SM_Gen_Prop_Bottle_02.prefab using Guid(98c28dfc9510d834b9add0b7f0ee2af7) Importer(815301076,1909f56bfc062723c751e8b465ee728b) (PreviewImporter) -> (artifact id: '3558eee1b77222c47abd3455417f34ee') in 0.4631184 seconds
Number of updated asset objects reloaded before import = 0Number of asset objects unloaded after import = 18

========================================================================
Received Import Request.
  Time since last request: 6.559119 seconds.
  path: Assets/Synty/PolygonGeneric/Prefabs/Environment/SM_Gen_Env_Skydome_01.prefab
  artifactKey: Guid(5afc20fb134172446b182a238e83ff00) Importer(815301076,1909f56bfc062723c751e8b465ee728b)
Start importing Assets/Synty/PolygonGeneric/Prefabs/Environment/SM_Gen_Env_Skydome_01.prefab using Guid(5afc20fb134172446b182a238e83ff00) Importer(815301076,1909f56bfc062723c751e8b465ee728b) (PreviewImporter) -> (artifact id: 'b49b624aabd4512c6a6e93e2be24d0ea') in 0.0291108 seconds
Number of updated asset objects reloaded before import = 0Number of asset objects unloaded after import = 14

========================================================================
Received Import Request.
  Time since last request: 17.021568 seconds.
  path: Assets/Synty/PolygonGeneric/Prefabs/Base/SM_Bld_Base_45_Floor_01.prefab
  artifactKey: Guid(abc179049a4a01c4d915ed813ac55f1b) Importer(815301076,1909f56bfc062723c751e8b465ee728b)
Start importing Assets/Synty/PolygonGeneric/Prefabs/Base/SM_Bld_Base_45_Floor_01.prefab using Guid(abc179049a4a01c4d915ed813ac55f1b) Importer(815301076,1909f56bfc062723c751e8b465ee728b) (PreviewImporter) -> (artifact id: '2ab67a69ece0fb5b7439b2be670fb0fc') in 0.0300529 seconds
Number of updated asset objects reloaded before import = 0Number of asset objects unloaded after import = 15

========================================================================
Received Import Request.
  Time since last request: 0.000021 seconds.
  path: Assets/Synty/PolygonGeneric/Prefabs/Base/SM_Bld_Base_45_Wall_Half_01.prefab
  artifactKey: Guid(753189568450fd64d90c622973287da6) Importer(815301076,1909f56bfc062723c751e8b465ee728b)
Start importing Assets/Synty/PolygonGeneric/Prefabs/Base/SM_Bld_Base_45_Wall_Half_01.prefab using Guid(753189568450fd64d90c622973287da6) Importer(815301076,1909f56bfc062723c751e8b465ee728b) (PreviewImporter) -> (artifact id: '120e578b054548330873a2beec08689e') in 0.0210036 seconds
Number of updated asset objects reloaded before import = 0Number of asset objects unloaded after import = 23

========================================================================
Received Import Request.
  Time since last request: 48.741267 seconds.
  path: Assets/Synty/PolygonApocalypse/Prefabs/Buildings/SM_Bld_Industrial_Medium_01.prefab
  artifactKey: Guid(ea4c9df57c4270e4d998edf3e65b0738) Importer(815301076,1909f56bfc062723c751e8b465ee728b)
Start importing Assets/Synty/PolygonApocalypse/Prefabs/Buildings/SM_Bld_Industrial_Medium_01.prefab using Guid(ea4c9df57c4270e4d998edf3e65b0738) Importer(815301076,1909f56bfc062723c751e8b465ee728b) (PreviewImporter) -> (artifact id: 'a350808e12fa561d8e8ee4eb6fcf96dd') in 0.0670147 seconds
Number of updated asset objects reloaded before import = 0Number of asset objects unloaded after import = 31

========================================================================
Received Import Request.
  Time since last request: 0.996689 seconds.
  path: Assets/Synty/PolygonApocalypse/Prefabs/Buildings/SM_Bld_IndustrialWalkway_Preset_01.prefab
  artifactKey: Guid(45b21fc9905e15543885afbd45a2cad0) Importer(815301076,1909f56bfc062723c751e8b465ee728b)
Start importing Assets/Synty/PolygonApocalypse/Prefabs/Buildings/SM_Bld_IndustrialWalkway_Preset_01.prefab using Guid(45b21fc9905e15543885afbd45a2cad0) Importer(815301076,1909f56bfc062723c751e8b465ee728b) (PreviewImporter) -> (artifact id: '35b126b84e48f321b8286498702634f5') in 0.0560855 seconds
Number of updated asset objects reloaded before import = 0Number of asset objects unloaded after import = 20

========================================================================
Received Import Request.
  Time since last request: 0.712444 seconds.
  path: Assets/Synty/PolygonApocalypse/Prefabs/Buildings/SM_Bld_IndustrialWalkway_Preset_Large_02.prefab
  artifactKey: Guid(46e496ec431935b4a9b738c542acb2ea) Importer(815301076,1909f56bfc062723c751e8b465ee728b)
Start importing Assets/Synty/PolygonApocalypse/Prefabs/Buildings/SM_Bld_IndustrialWalkway_Preset_Large_02.prefab using Guid(46e496ec431935b4a9b738c542acb2ea) Importer(815301076,1909f56bfc062723c751e8b465ee728b) (PreviewImporter) -> (artifact id: '3dac598826d59338282bc4a62afd8b6e') in 0.0303766 seconds
Number of updated asset objects reloaded before import = 0Number of asset objects unloaded after import = 20

========================================================================
Received Import Request.
  Time since last request: 0.000045 seconds.
  path: Assets/Synty/PolygonApocalypse/Prefabs/Buildings/SM_Bld_IndustrialWalkway_x1_01.prefab
  artifactKey: Guid(2b7541aa497b9db49abcced78a3a45e2) Importer(815301076,1909f56bfc062723c751e8b465ee728b)
Start importing Assets/Synty/PolygonApocalypse/Prefabs/Buildings/SM_Bld_IndustrialWalkway_x1_01.prefab using Guid(2b7541aa497b9db49abcced78a3a45e2) Importer(815301076,1909f56bfc062723c751e8b465ee728b) (PreviewImporter) -> (artifact id: '3d4d140403e44db03287a66f997078c1') in 0.0307803 seconds
Number of updated asset objects reloaded before import = 0Number of asset objects unloaded after import = 19

========================================================================
Received Import Request.
  Time since last request: 4.239032 seconds.
  path: Assets/Synty/PolygonApocalypse/Prefabs/Buildings/SM_Bld_Junk_Shelter_06.prefab
  artifactKey: Guid(5e0fcd6279f918d45bf29d4934471087) Importer(815301076,1909f56bfc062723c751e8b465ee728b)
Start importing Assets/Synty/PolygonApocalypse/Prefabs/Buildings/SM_Bld_Junk_Shelter_06.prefab using Guid(5e0fcd6279f918d45bf29d4934471087) Importer(815301076,1909f56bfc062723c751e8b465ee728b) (PreviewImporter) -> (artifact id: '3edac703ff4175f33ed071f768967e76') in 0.0345386 seconds
Number of updated asset objects reloaded before import = 0Number of asset objects unloaded after import = 18

========================================================================
Received Import Request.
  Time since last request: 0.000030 seconds.
  path: Assets/Synty/PolygonApocalypse/Prefabs/Buildings/SM_Bld_Market_Medium_01.prefab
  artifactKey: Guid(526a98456f094134ea335de6eac32587) Importer(815301076,1909f56bfc062723c751e8b465ee728b)
Start importing Assets/Synty/PolygonApocalypse/Prefabs/Buildings/SM_Bld_Market_Medium_01.prefab using Guid(526a98456f094134ea335de6eac32587) Importer(815301076,1909f56bfc062723c751e8b465ee728b) (PreviewImporter) -> (artifact id: 'ba26e51f266d8a74377d6dfa77c5fa48') in 0.0372906 seconds
Number of updated asset objects reloaded before import = 0Number of asset objects unloaded after import = 37

========================================================================
Received Import Request.
  Time since last request: 0.271164 seconds.
  path: Assets/Synty/PolygonApocalypse/Prefabs/Buildings/SM_Bld_Military_Tent_02.prefab
  artifactKey: Guid(fefb4994d6b6f2e4084e64622072b823) Importer(815301076,1909f56bfc062723c751e8b465ee728b)
Start importing Assets/Synty/PolygonApocalypse/Prefabs/Buildings/SM_Bld_Military_Tent_02.prefab using Guid(fefb4994d6b6f2e4084e64622072b823) Importer(815301076,1909f56bfc062723c751e8b465ee728b) (PreviewImporter) -> (artifact id: '573fbfa40e4e1f2cda74515a753ed206') in 0.0824556 seconds
Number of updated asset objects reloaded before import = 0Number of asset objects unloaded after import = 18

========================================================================
Received Import Request.
  Time since last request: 0.000025 seconds.
  path: Assets/Synty/PolygonApocalypse/Prefabs/Buildings/SM_Bld_Military_Tent_Preset_01.prefab
  artifactKey: Guid(2f3e4ec38045a08469337b882b1284a3) Importer(815301076,1909f56bfc062723c751e8b465ee728b)
Start importing Assets/Synty/PolygonApocalypse/Prefabs/Buildings/SM_Bld_Military_Tent_Preset_01.prefab using Guid(2f3e4ec38045a08469337b882b1284a3) Importer(815301076,1909f56bfc062723c751e8b465ee728b) (PreviewImporter) -> (artifact id: '5f9e3c1d40f598389de5f7b6065de1ad') in 0.0745432 seconds
Number of updated asset objects reloaded before import = 0Number of asset objects unloaded after import = 18

========================================================================
Received Import Request.
  Time since last request: 0.000033 seconds.
  path: Assets/Synty/PolygonApocalypse/Prefabs/Buildings/SM_Bld_Pylon_Lines_01.prefab
  artifactKey: Guid(b9fff45c10b343845aa37142c83c10d4) Importer(815301076,1909f56bfc062723c751e8b465ee728b)
Start importing Assets/Synty/PolygonApocalypse/Prefabs/Buildings/SM_Bld_Pylon_Lines_01.prefab using Guid(b9fff45c10b343845aa37142c83c10d4) Importer(815301076,1909f56bfc062723c751e8b465ee728b) (PreviewImporter) -> (artifact id: '152b095d9a841e27d62df6966c545bc6') in 0.0348198 seconds
Number of updated asset objects reloaded before import = 0Number of asset objects unloaded after import = 16

========================================================================
Received Import Request.
  Time since last request: 0.525299 seconds.
  path: Assets/Synty/PolygonApocalypse/Prefabs/Buildings/SM_Bld_Quarantine_DomeTent_01.prefab
  artifactKey: Guid(d6434865ece210b44b997e978bda66e8) Importer(815301076,1909f56bfc062723c751e8b465ee728b)
Start importing Assets/Synty/PolygonApocalypse/Prefabs/Buildings/SM_Bld_Quarantine_DomeTent_01.prefab using Guid(d6434865ece210b44b997e978bda66e8) Importer(815301076,1909f56bfc062723c751e8b465ee728b) (PreviewImporter) -> (artifact id: '76a1f20d0bc281029f3d7e3b055f1c25') in 0.032847 seconds
Number of updated asset objects reloaded before import = 0Number of asset objects unloaded after import = 18

========================================================================
Received Import Request.
  Time since last request: 36.793372 seconds.
  path: Assets/Synty/PolygonApocalypse/Prefabs/Buildings/SM_Bld_Quarantine_Tent_02.prefab
  artifactKey: Guid(7abf822fb24a9e241b80a6e895a5da65) Importer(815301076,1909f56bfc062723c751e8b465ee728b)
Start importing Assets/Synty/PolygonApocalypse/Prefabs/Buildings/SM_Bld_Quarantine_Tent_02.prefab using Guid(7abf822fb24a9e241b80a6e895a5da65) Importer(815301076,1909f56bfc062723c751e8b465ee728b) (PreviewImporter) -> (artifact id: '7d058934c251a09bb87cf5c3a2142578') in 0.0321526 seconds
Number of updated asset objects reloaded before import = 0Number of asset objects unloaded after import = 18

========================================================================
Received Import Request.
  Time since last request: 1.279195 seconds.
  path: Assets/Synty/PolygonApocalypse/Prefabs/Buildings/SM_Bld_Quarantine_Tent_Corridor_01.prefab
  artifactKey: Guid(040c09f3c2345d0449f3bf8e6c0917d6) Importer(815301076,1909f56bfc062723c751e8b465ee728b)
Start importing Assets/Synty/PolygonApocalypse/Prefabs/Buildings/SM_Bld_Quarantine_Tent_Corridor_01.prefab using Guid(040c09f3c2345d0449f3bf8e6c0917d6) Importer(815301076,1909f56bfc062723c751e8b465ee728b) (PreviewImporter) -> (artifact id: '8413eda610ffea00b99dceb3ee43b5f8') in 0.0327141 seconds
Number of updated asset objects reloaded before import = 0Number of asset objects unloaded after import = 18

========================================================================
Received Import Request.
  Time since last request: 5.196434 seconds.
  path: Assets/Synty/PolygonApocalypse/Prefabs/Buildings/SM_Bld_Shop_Large_01.prefab
  artifactKey: Guid(035229fa58a607c4bb37eaea515e4e7c) Importer(815301076,1909f56bfc062723c751e8b465ee728b)
Start importing Assets/Synty/PolygonApocalypse/Prefabs/Buildings/SM_Bld_Shop_Large_01.prefab using Guid(035229fa58a607c4bb37eaea515e4e7c) Importer(815301076,1909f56bfc062723c751e8b465ee728b) (PreviewImporter) -> (artifact id: 'd5af4e5e4ec176afabad12bbef39990a') in 0.0332323 seconds
Number of updated asset objects reloaded before import = 0Number of asset objects unloaded after import = 24

========================================================================
Received Import Request.
  Time since last request: 9.565779 seconds.
  path: Assets/Synty/PolygonApocalypse/Prefabs/Buildings/SM_Bld_Shop_Medium_01.prefab
  artifactKey: Guid(195ae5ba828a16c41a603c055abfcf6e) Importer(815301076,1909f56bfc062723c751e8b465ee728b)
Start importing Assets/Synty/PolygonApocalypse/Prefabs/Buildings/SM_Bld_Shop_Medium_01.prefab using Guid(195ae5ba828a16c41a603c055abfcf6e) Importer(815301076,1909f56bfc062723c751e8b465ee728b) (PreviewImporter) -> (artifact id: '3b368a7ef7d5d2e642e9ece3641efa78') in 0.0371057 seconds
Number of updated asset objects reloaded before import = 0Number of asset objects unloaded after import = 24

========================================================================
Received Import Request.
  Time since last request: 0.000038 seconds.
  path: Assets/Synty/PolygonApocalypse/Prefabs/Buildings/SM_Bld_Shop_Small_01.prefab
  artifactKey: Guid(5e4c65eb65d67aa4d814e89ab02f861a) Importer(815301076,1909f56bfc062723c751e8b465ee728b)
Start importing Assets/Synty/PolygonApocalypse/Prefabs/Buildings/SM_Bld_Shop_Small_01.prefab using Guid(5e4c65eb65d67aa4d814e89ab02f861a) Importer(815301076,1909f56bfc062723c751e8b465ee728b) (PreviewImporter) -> (artifact id: 'fdc907baf2782454e8a602f1ae3ed16e') in 0.0352267 seconds
Number of updated asset objects reloaded before import = 0Number of asset objects unloaded after import = 24

========================================================================
Received Import Request.
  Time since last request: 0.340212 seconds.
  path: Assets/Synty/PolygonApocalypse/Prefabs/Buildings/SM_Bld_Sunshade_01.prefab
  artifactKey: Guid(4a95c638949f4184e850fe882c080848) Importer(815301076,1909f56bfc062723c751e8b465ee728b)
Start importing Assets/Synty/PolygonApocalypse/Prefabs/Buildings/SM_Bld_Sunshade_01.prefab using Guid(4a95c638949f4184e850fe882c080848) Importer(815301076,1909f56bfc062723c751e8b465ee728b) (PreviewImporter) -> (artifact id: '6369ca34c77e4ff7e4bd20d729e0cd9f') in 0.0332627 seconds
Number of updated asset objects reloaded before import = 0Number of asset objects unloaded after import = 18

========================================================================
Received Import Request.
  Time since last request: 0.073319 seconds.
  path: Assets/Synty/PolygonApocalypse/Prefabs/Buildings/SM_Bld_Sunshade_Round_03.prefab
  artifactKey: Guid(81af3733691ff0c44af6e93f4a3c7414) Importer(815301076,1909f56bfc062723c751e8b465ee728b)
Start importing Assets/Synty/PolygonApocalypse/Prefabs/Buildings/SM_Bld_Sunshade_Round_03.prefab using Guid(81af3733691ff0c44af6e93f4a3c7414) Importer(815301076,1909f56bfc062723c751e8b465ee728b) (PreviewImporter) -> (artifact id: '09eb726430276544f3174c691a55acd6') in 0.0346866 seconds
Number of updated asset objects reloaded before import = 0Number of asset objects unloaded after import = 18

========================================================================
Received Import Request.
  Time since last request: 1.074682 seconds.
  path: Assets/Synty/PolygonApocalypse/Prefabs/Buildings/SM_Bld_Tarp_Generic_02.prefab
  artifactKey: Guid(327bcfec5f2ae5f40ade5378f1591d87) Importer(815301076,1909f56bfc062723c751e8b465ee728b)
Start importing Assets/Synty/PolygonApocalypse/Prefabs/Buildings/SM_Bld_Tarp_Generic_02.prefab using Guid(327bcfec5f2ae5f40ade5378f1591d87) Importer(815301076,1909f56bfc062723c751e8b465ee728b) (PreviewImporter) -> (artifact id: 'fb06767db65ab557c11b7f7b1fd37ccf') in 0.0341058 seconds
Number of updated asset objects reloaded before import = 0Number of asset objects unloaded after import = 18

========================================================================
Received Import Request.
  Time since last request: 0.000513 seconds.
  path: Assets/Synty/PolygonApocalypse/Prefabs/Buildings/SM_Bld_Tarp_Generic_06.prefab
  artifactKey: Guid(435a7123cdcdb1d4c944119fb5978b7d) Importer(815301076,1909f56bfc062723c751e8b465ee728b)
Start importing Assets/Synty/PolygonApocalypse/Prefabs/Buildings/SM_Bld_Tarp_Generic_06.prefab using Guid(435a7123cdcdb1d4c944119fb5978b7d) Importer(815301076,1909f56bfc062723c751e8b465ee728b) (PreviewImporter) -> (artifact id: 'b1abe632eb74e549229be1da1622d975') in 0.0376008 seconds
Number of updated asset objects reloaded before import = 0Number of asset objects unloaded after import = 18

========================================================================
Received Import Request.
  Time since last request: 0.752972 seconds.
  path: Assets/Synty/PolygonApocalypse/Prefabs/Buildings/SM_Bld_Trailer_02.prefab
  artifactKey: Guid(2f076649d2f4b764fb20940474ccde13) Importer(815301076,1909f56bfc062723c751e8b465ee728b)
Start importing Assets/Synty/PolygonApocalypse/Prefabs/Buildings/SM_Bld_Trailer_02.prefab using Guid(2f076649d2f4b764fb20940474ccde13) Importer(815301076,1909f56bfc062723c751e8b465ee728b) (PreviewImporter) -> (artifact id: 'd59147fd1509ac918680a00b4b390982') in 0.0388167 seconds
Number of updated asset objects reloaded before import = 0Number of asset objects unloaded after import = 42

========================================================================
Received Import Request.
  Time since last request: 0.440822 seconds.
  path: Assets/Synty/PolygonApocalypse/Prefabs/Buildings/SM_Bld_Trailer_Damaged_02.prefab
  artifactKey: Guid(f3ca75b3601435e4cb411284a0485414) Importer(815301076,1909f56bfc062723c751e8b465ee728b)
Start importing Assets/Synty/PolygonApocalypse/Prefabs/Buildings/SM_Bld_Trailer_Damaged_02.prefab using Guid(f3ca75b3601435e4cb411284a0485414) Importer(815301076,1909f56bfc062723c751e8b465ee728b) (PreviewImporter) -> (artifact id: '4749b3893253cb674952de4f4f73ef8e') in 0.0327101 seconds
Number of updated asset objects reloaded before import = 0Number of asset objects unloaded after import = 30

========================================================================
Received Import Request.
  Time since last request: 1.529160 seconds.
  path: Assets/Synty/PolygonApocalypse/Prefabs/Buildings/SM_Bld_Warehouse_Brick_01.prefab
  artifactKey: Guid(e461a86137d991d4e9a1a3b637ebe9e8) Importer(815301076,1909f56bfc062723c751e8b465ee728b)
Start importing Assets/Synty/PolygonApocalypse/Prefabs/Buildings/SM_Bld_Warehouse_Brick_01.prefab using Guid(e461a86137d991d4e9a1a3b637ebe9e8) Importer(815301076,1909f56bfc062723c751e8b465ee728b) (PreviewImporter) -> (artifact id: 'deeabdddf12dfbf5d2967323bb10ca13') in 0.086803 seconds
Number of updated asset objects reloaded before import = 0Number of asset objects unloaded after import = 49

========================================================================
Received Import Request.
  Time since last request: 19.483369 seconds.
  path: Assets/Scenes/SampleScene.unity
  artifactKey: Guid(99c9720ab356a0642a771bea13969a05) Importer(2089858483,b0f066a214c2f5e87bad3c948f4d605d)
Start importing Assets/Scenes/SampleScene.unity using Guid(99c9720ab356a0642a771bea13969a05) Importer(2089858483,b0f066a214c2f5e87bad3c948f4d605d) (ScriptedImporter) -> (artifact id: '5db423435b13897d01929508ba774419') in 0.0437564 seconds
Number of updated asset objects reloaded before import = 0Number of asset objects unloaded after import = 1

========================================================================
Received Import Request.
  Time since last request: 26.049481 seconds.
  path: Assets/Scenes/SampleScene.unity
  artifactKey: Guid(99c9720ab356a0642a771bea13969a05) Importer(2089858483,b0f066a214c2f5e87bad3c948f4d605d)
Start importing Assets/Scenes/SampleScene.unity using Guid(99c9720ab356a0642a771bea13969a05) Importer(2089858483,b0f066a214c2f5e87bad3c948f4d605d) (ScriptedImporter) -> (artifact id: '06746f3e5fe49af580649ab39d020805') in 0.0182374 seconds
Number of updated asset objects reloaded before import = 0Number of asset objects unloaded after import = 1

========================================================================
Received Import Request.
  Time since last request: 88.970398 seconds.
  path: Assets/Scenes/SampleScene.unity
  artifactKey: Guid(99c9720ab356a0642a771bea13969a05) Importer(2089858483,b0f066a214c2f5e87bad3c948f4d605d)
Start importing Assets/Scenes/SampleScene.unity using Guid(99c9720ab356a0642a771bea13969a05) Importer(2089858483,b0f066a214c2f5e87bad3c948f4d605d) (ScriptedImporter) -> (artifact id: '4b17366135b446ed4941abe25bddb946') in 0.0147697 seconds
Number of updated asset objects reloaded before import = 0Number of asset objects unloaded after import = 1

========================================================================
Received Import Request.
  Time since last request: 6.830328 seconds.
  path: Assets/Synty/PolygonGeneric/Materials/Generic_SimpleSky.mat
  artifactKey: Guid(9d4401b9160cb414f8ca60cfc844a46d) Importer(815301076,1909f56bfc062723c751e8b465ee728b)
Start importing Assets/Synty/PolygonGeneric/Materials/Generic_SimpleSky.mat using Guid(9d4401b9160cb414f8ca60cfc844a46d) Importer(815301076,1909f56bfc062723c751e8b465ee728b) (PreviewImporter) -> (artifact id: '067df0cda991c489a7ab773b029ca140') in 0.0242542 seconds
Number of updated asset objects reloaded before import = 0Number of asset objects unloaded after import = 7

========================================================================
Received Import Request.
  Time since last request: 0.392492 seconds.
  path: Assets/Synty/PolygonApocalypse/Models/SM_Prop_BabyCot_01.fbx
  artifactKey: Guid(b6950fb8b9478a941b16d4274bb654b0) Importer(815301076,1909f56bfc062723c751e8b465ee728b)
Start importing Assets/Synty/PolygonApocalypse/Models/SM_Prop_BabyCot_01.fbx using Guid(b6950fb8b9478a941b16d4274bb654b0) Importer(815301076,1909f56bfc062723c751e8b465ee728b) (PreviewImporter) -> (artifact id: 'b15f4c5296b35598eb42fb0fe34bae6b') in 0.0279825 seconds
Number of updated asset objects reloaded before import = 0Number of asset objects unloaded after import = 7

========================================================================
Received Import Request.
  Time since last request: 3.185600 seconds.
  path: Assets/Synty/PolygonApocalypse/Models/SM_Chr_Attach_Bedroll_01.fbx
  artifactKey: Guid(92ef1c8aada22f8499c8b3585570c682) Importer(815301076,1909f56bfc062723c751e8b465ee728b)
Start importing Assets/Synty/PolygonApocalypse/Models/SM_Chr_Attach_Bedroll_01.fbx using Guid(92ef1c8aada22f8499c8b3585570c682) Importer(815301076,1909f56bfc062723c751e8b465ee728b) (PreviewImporter) -> (artifact id: '02e0b839ea48724831df50c3623c2a79') in 0.0141475 seconds
Number of updated asset objects reloaded before import = 0Number of asset objects unloaded after import = 7

========================================================================
Received Import Request.
  Time since last request: 0.000019 seconds.
  path: Assets/Synty/PolygonShops/Models/Collision/Convex/SM_Env_Plant_Bed_01_Large_Convex.asset
  artifactKey: Guid(f76831049d5ca0e409b344488c5bc32b) Importer(815301076,1909f56bfc062723c751e8b465ee728b)
Start importing Assets/Synty/PolygonShops/Models/Collision/Convex/SM_Env_Plant_Bed_01_Large_Convex.asset using Guid(f76831049d5ca0e409b344488c5bc32b) Importer(815301076,1909f56bfc062723c751e8b465ee728b) (PreviewImporter) -> (artifact id: '16a4e8f471ad9322e14b14b26df7c4b2') in 0.0156603 seconds
Number of updated asset objects reloaded before import = 0Number of asset objects unloaded after import = 2

========================================================================
Received Import Request.
  Time since last request: 0.000027 seconds.
  path: Assets/Synty/PolygonShops/Prefabs/Environments/SM_Env_Plant_Bed_01_Small.prefab
  artifactKey: Guid(bc8c5d89cd5c1b24eb08e706e4f26f7b) Importer(815301076,1909f56bfc062723c751e8b465ee728b)
Start importing Assets/Synty/PolygonShops/Prefabs/Environments/SM_Env_Plant_Bed_01_Small.prefab using Guid(bc8c5d89cd5c1b24eb08e706e4f26f7b) Importer(815301076,1909f56bfc062723c751e8b465ee728b) (PreviewImporter) -> (artifact id: '77bf1061946fbda87fdfdd244c54fb4a') in 0.0171149 seconds
Number of updated asset objects reloaded before import = 0Number of asset objects unloaded after import = 22

========================================================================
Received Import Request.
  Time since last request: 0.000040 seconds.
  path: Assets/Synty/PolygonApocalypse/Models/SM_Prop_Bed_Bunk_01.fbx
  artifactKey: Guid(7d582fd887d25214cbfee077b559d15f) Importer(815301076,1909f56bfc062723c751e8b465ee728b)
Start importing Assets/Synty/PolygonApocalypse/Models/SM_Prop_Bed_Bunk_01.fbx using Guid(7d582fd887d25214cbfee077b559d15f) Importer(815301076,1909f56bfc062723c751e8b465ee728b) (PreviewImporter) -> (artifact id: 'a6fd8bb40ff92dd32d108bbac79d440c') in 0.014558 seconds
Number of updated asset objects reloaded before import = 0Number of asset objects unloaded after import = 7

========================================================================
Received Import Request.
  Time since last request: 0.000022 seconds.
  path: Assets/Synty/PolygonShops/Models/Collision/Convex/SM_Env_Plant_Bed_01_Small_Convex.asset
  artifactKey: Guid(1c3327761314df945a225a28732138fc) Importer(815301076,1909f56bfc062723c751e8b465ee728b)
Start importing Assets/Synty/PolygonShops/Models/Collision/Convex/SM_Env_Plant_Bed_01_Small_Convex.asset using Guid(1c3327761314df945a225a28732138fc) Importer(815301076,1909f56bfc062723c751e8b465ee728b) (PreviewImporter) -> (artifact id: '95e17dd86c57c3b727d36659494e0e74') in 0.0172721 seconds
Number of updated asset objects reloaded before import = 0Number of asset objects unloaded after import = 2

========================================================================
Received Import Request.
  Time since last request: 0.000021 seconds.
  path: Assets/Synty/PolygonApocalypse/Models/SM_Prop_Bed_Gurney_01.fbx
  artifactKey: Guid(0124820875a7b544d8f5e7ccd56f9d14) Importer(815301076,1909f56bfc062723c751e8b465ee728b)
Start importing Assets/Synty/PolygonApocalypse/Models/SM_Prop_Bed_Gurney_01.fbx using Guid(0124820875a7b544d8f5e7ccd56f9d14) Importer(815301076,1909f56bfc062723c751e8b465ee728b) (PreviewImporter) -> (artifact id: '15d5fea0b1fbe62cbf3db9f24565010e') in 0.0347023 seconds
Number of updated asset objects reloaded before import = 0Number of asset objects unloaded after import = 27

========================================================================
Received Import Request.
  Time since last request: 2.101417 seconds.
  path: Assets/Synty/PolygonApocalypse/Prefabs/Props/SM_Prop_Bed_Gurney_01.prefab
  artifactKey: Guid(6aaa8c326a405744997e8344d9133942) Importer(815301076,1909f56bfc062723c751e8b465ee728b)
Start importing Assets/Synty/PolygonApocalypse/Prefabs/Props/SM_Prop_Bed_Gurney_01.prefab using Guid(6aaa8c326a405744997e8344d9133942) Importer(815301076,1909f56bfc062723c751e8b465ee728b) (PreviewImporter) -> (artifact id: 'e305129f84b7dbc83036d27d09971069') in 0.028256 seconds
Number of updated asset objects reloaded before import = 0Number of asset objects unloaded after import = 38

========================================================================
Received Import Request.
  Time since last request: 0.034089 seconds.
  path: Assets/Synty/PolygonApocalypse/Models/Convex/SM_Prop_Bed_Gurney_01_Convex.asset
  artifactKey: Guid(8744e86ebde2a2a4a9086d41845ba3fd) Importer(815301076,1909f56bfc062723c751e8b465ee728b)
Start importing Assets/Synty/PolygonApocalypse/Models/Convex/SM_Prop_Bed_Gurney_01_Convex.asset using Guid(8744e86ebde2a2a4a9086d41845ba3fd) Importer(815301076,1909f56bfc062723c751e8b465ee728b) (PreviewImporter) -> (artifact id: '650956e8fe48a9ef33f7873c68bf5518') in 0.0159833 seconds
Number of updated asset objects reloaded before import = 0Number of asset objects unloaded after import = 2

========================================================================
Received Import Request.
  Time since last request: 0.000025 seconds.
  path: Assets/Synty/PolygonApocalypse/Prefabs/Props/SM_Prop_Bed_Gurney_BodySheet_01.prefab
  artifactKey: Guid(1158bbe0ae58f2f46bc4c3bfb9174a69) Importer(815301076,1909f56bfc062723c751e8b465ee728b)
Start importing Assets/Synty/PolygonApocalypse/Prefabs/Props/SM_Prop_Bed_Gurney_BodySheet_01.prefab using Guid(1158bbe0ae58f2f46bc4c3bfb9174a69) Importer(815301076,1909f56bfc062723c751e8b465ee728b) (PreviewImporter) -> (artifact id: '7e66f70712d0901db68b154cff02d63c') in 0.0305113 seconds
Number of updated asset objects reloaded before import = 0Number of asset objects unloaded after import = 18

========================================================================
Received Import Request.
  Time since last request: 0.466622 seconds.
  path: Assets/Synty/PolygonApocalypse/Models/Convex/SM_Prop_Bed_Gurney_BodySheet_01_Convex.asset
  artifactKey: Guid(adb7da4126eb0e74aad20409ceb8bd5e) Importer(815301076,1909f56bfc062723c751e8b465ee728b)
Start importing Assets/Synty/PolygonApocalypse/Models/Convex/SM_Prop_Bed_Gurney_BodySheet_01_Convex.asset using Guid(adb7da4126eb0e74aad20409ceb8bd5e) Importer(815301076,1909f56bfc062723c751e8b465ee728b) (PreviewImporter) -> (artifact id: '6cbc377cc08f8fe736439a5ea7141597') in 0.0211634 seconds
Number of updated asset objects reloaded before import = 0Number of asset objects unloaded after import = 2

========================================================================
Received Import Request.
  Time since last request: 0.249874 seconds.
  path: Assets/Synty/PolygonApocalypse/Models/SM_Prop_Bed_Hospital_01.fbx
  artifactKey: Guid(abebba377568ef04e9ad8ea2b15bc7ef) Importer(815301076,1909f56bfc062723c751e8b465ee728b)
Start importing Assets/Synty/PolygonApocalypse/Models/SM_Prop_Bed_Hospital_01.fbx using Guid(abebba377568ef04e9ad8ea2b15bc7ef) Importer(815301076,1909f56bfc062723c751e8b465ee728b) (PreviewImporter) -> (artifact id: '54d6d9465b295f18ac27125ef218e06f') in 0.0322369 seconds
Number of updated asset objects reloaded before import = 0Number of asset objects unloaded after import = 17

========================================================================
Received Import Request.
  Time since last request: 2.192095 seconds.
  path: Assets/Synty/PolygonApocalypse/Prefabs/Props/SM_Prop_Bed_Hospital_01.prefab
  artifactKey: Guid(b6e1a4ce864593c46b880ce4aafbadac) Importer(815301076,1909f56bfc062723c751e8b465ee728b)
Start importing Assets/Synty/PolygonApocalypse/Prefabs/Props/SM_Prop_Bed_Hospital_01.prefab using Guid(b6e1a4ce864593c46b880ce4aafbadac) Importer(815301076,1909f56bfc062723c751e8b465ee728b) (PreviewImporter) -> (artifact id: '214b20709f1cf94dcb8ece52bf57da1a') in 0.0372078 seconds
Number of updated asset objects reloaded before import = 0Number of asset objects unloaded after import = 28

========================================================================
Received Import Request.
  Time since last request: 0.088710 seconds.
  path: Assets/Synty/PolygonApocalypse/Models/Convex/SM_Prop_Bed_Hospital_01_Convex.asset
  artifactKey: Guid(468eff93644f59a4198da62b82c61c20) Importer(815301076,1909f56bfc062723c751e8b465ee728b)
Start importing Assets/Synty/PolygonApocalypse/Models/Convex/SM_Prop_Bed_Hospital_01_Convex.asset using Guid(468eff93644f59a4198da62b82c61c20) Importer(815301076,1909f56bfc062723c751e8b465ee728b) (PreviewImporter) -> (artifact id: '95c2b0f6446d084fb033673b6421beaf') in 0.0164155 seconds
Number of updated asset objects reloaded before import = 0Number of asset objects unloaded after import = 2

========================================================================
Received Import Request.
  Time since last request: 0.308725 seconds.
  path: Assets/Synty/PolygonApocalypse/Prefabs/Props/SM_Prop_Bedframe_01.prefab
  artifactKey: Guid(016ad3349798a984b85484ddf70a27dc) Importer(815301076,1909f56bfc062723c751e8b465ee728b)
Start importing Assets/Synty/PolygonApocalypse/Prefabs/Props/SM_Prop_Bedframe_01.prefab using Guid(016ad3349798a984b85484ddf70a27dc) Importer(815301076,1909f56bfc062723c751e8b465ee728b) (PreviewImporter) -> (artifact id: 'd27d37475ab7fb0ca97f4a400dccc06d') in 0.0397622 seconds
Number of updated asset objects reloaded before import = 0Number of asset objects unloaded after import = 18

========================================================================
Received Import Request.
  Time since last request: 0.447812 seconds.
  path: Assets/Synty/PolygonApocalypse/Models/SM_Prop_Bedframe_01.fbx
  artifactKey: Guid(34e1f8d901285cc47b97d416cde6c996) Importer(815301076,1909f56bfc062723c751e8b465ee728b)
Start importing Assets/Synty/PolygonApocalypse/Models/SM_Prop_Bedframe_01.fbx using Guid(34e1f8d901285cc47b97d416cde6c996) Importer(815301076,1909f56bfc062723c751e8b465ee728b) (PreviewImporter) -> (artifact id: 'bbc771cfdf9eae425277dd6609813c3c') in 0.0182642 seconds
Number of updated asset objects reloaded before import = 0Number of asset objects unloaded after import = 7

========================================================================
Received Import Request.
  Time since last request: 0.003968 seconds.
  path: Assets/Synty/PolygonApocalypse/Models/Convex/SM_Prop_Bedframe_01_Convex.asset
  artifactKey: Guid(8dd93f9b84ef267458ce83d165bc2f30) Importer(815301076,1909f56bfc062723c751e8b465ee728b)
Start importing Assets/Synty/PolygonApocalypse/Models/Convex/SM_Prop_Bedframe_01_Convex.asset using Guid(8dd93f9b84ef267458ce83d165bc2f30) Importer(815301076,1909f56bfc062723c751e8b465ee728b) (PreviewImporter) -> (artifact id: '195f972987e7319b22df9d8e691d5389') in 0.0150384 seconds
Number of updated asset objects reloaded before import = 0Number of asset objects unloaded after import = 2

========================================================================
Received Import Request.
  Time since last request: 0.007651 seconds.
  path: Assets/Synty/PolygonApocalypse/Prefabs/Props/SM_Prop_Bedframe_02.prefab
  artifactKey: Guid(4d710d0b60135b647bce31266a771e07) Importer(815301076,1909f56bfc062723c751e8b465ee728b)
Start importing Assets/Synty/PolygonApocalypse/Prefabs/Props/SM_Prop_Bedframe_02.prefab using Guid(4d710d0b60135b647bce31266a771e07) Importer(815301076,1909f56bfc062723c751e8b465ee728b) (PreviewImporter) -> (artifact id: '1aebda50abdbaf7bdd2ea7cd371f64de') in 0.0340958 seconds
Number of updated asset objects reloaded before import = 0Number of asset objects unloaded after import = 18

========================================================================
Received Import Request.
  Time since last request: 0.488713 seconds.
  path: Assets/Synty/PolygonApocalypse/Models/Convex/SM_Prop_Bedframe_02_Convex.asset
  artifactKey: Guid(99aa801ef2fdf6949804cdce1fc97565) Importer(815301076,1909f56bfc062723c751e8b465ee728b)
Start importing Assets/Synty/PolygonApocalypse/Models/Convex/SM_Prop_Bedframe_02_Convex.asset using Guid(99aa801ef2fdf6949804cdce1fc97565) Importer(815301076,1909f56bfc062723c751e8b465ee728b) (PreviewImporter) -> (artifact id: 'e79336ae59f12728bf29d5c30af76bfd') in 0.0166365 seconds
Number of updated asset objects reloaded before import = 0Number of asset objects unloaded after import = 2

========================================================================
Received Import Request.
  Time since last request: 0.012637 seconds.
  path: Assets/Synty/PolygonApocalypse/Prefabs/Props/SM_Prop_BedMatress_01.prefab
  artifactKey: Guid(ccb79d2f691e98548a17e09e7c6f22c3) Importer(815301076,1909f56bfc062723c751e8b465ee728b)
Start importing Assets/Synty/PolygonApocalypse/Prefabs/Props/SM_Prop_BedMatress_01.prefab using Guid(ccb79d2f691e98548a17e09e7c6f22c3) Importer(815301076,1909f56bfc062723c751e8b465ee728b) (PreviewImporter) -> (artifact id: '1e9ae645e8de6df768339b97cdf407d7') in 0.0391179 seconds
Number of updated asset objects reloaded before import = 0Number of asset objects unloaded after import = 18

========================================================================
Received Import Request.
  Time since last request: 0.000023 seconds.
  path: Assets/Synty/PolygonApocalypse/Prefabs/Props/SM_Prop_BedMatress_02.prefab
  artifactKey: Guid(16b73038770d3db40a53b4623be851f0) Importer(815301076,1909f56bfc062723c751e8b465ee728b)
Start importing Assets/Synty/PolygonApocalypse/Prefabs/Props/SM_Prop_BedMatress_02.prefab using Guid(16b73038770d3db40a53b4623be851f0) Importer(815301076,1909f56bfc062723c751e8b465ee728b) (PreviewImporter) -> (artifact id: '57b0c7a53e0b4d2238f66b341c470dc1') in 0.032827 seconds
Number of updated asset objects reloaded before import = 0Number of asset objects unloaded after import = 18

========================================================================
Received Import Request.
  Time since last request: 0.479885 seconds.
  path: Assets/Synty/PolygonApocalypse/Models/SM_Prop_BedMatress_02.fbx
  artifactKey: Guid(966b87592cf52cc4ea7c632290e9eb57) Importer(815301076,1909f56bfc062723c751e8b465ee728b)
Start importing Assets/Synty/PolygonApocalypse/Models/SM_Prop_BedMatress_02.fbx using Guid(966b87592cf52cc4ea7c632290e9eb57) Importer(815301076,1909f56bfc062723c751e8b465ee728b) (PreviewImporter) -> (artifact id: 'eb25535cbde01425c874f1b450ea7550') in 0.0122685 seconds
Number of updated asset objects reloaded before import = 0Number of asset objects unloaded after import = 7

========================================================================
Received Import Request.
  Time since last request: 0.000022 seconds.
  path: Assets/Synty/PolygonApocalypse/Models/Convex/SM_Prop_BedMatress_02_Convex.asset
  artifactKey: Guid(7dc965c2c6cce8742a8e7426f1ca4f46) Importer(815301076,1909f56bfc062723c751e8b465ee728b)
Start importing Assets/Synty/PolygonApocalypse/Models/Convex/SM_Prop_BedMatress_02_Convex.asset using Guid(7dc965c2c6cce8742a8e7426f1ca4f46) Importer(815301076,1909f56bfc062723c751e8b465ee728b) (PreviewImporter) -> (artifact id: '7ceba2422107c213a9db947d8c3ff9f4') in 0.0141422 seconds
Number of updated asset objects reloaded before import = 0Number of asset objects unloaded after import = 2

========================================================================
Received Import Request.
  Time since last request: 58.178194 seconds.
  path: Assets/Synty/PolygonShops/Prefabs/Buildings/SM_Bld_Base_Pillar_05.prefab
  artifactKey: Guid(63459db37a67b394094c7ea56692cc93) Importer(815301076,1909f56bfc062723c751e8b465ee728b)
Start importing Assets/Synty/PolygonShops/Prefabs/Buildings/SM_Bld_Base_Pillar_05.prefab using Guid(63459db37a67b394094c7ea56692cc93) Importer(815301076,1909f56bfc062723c751e8b465ee728b) (PreviewImporter) -> (artifact id: 'b210cd267591d8e94caa6d2931127110') in 0.0263958 seconds
Number of updated asset objects reloaded before import = 0Number of asset objects unloaded after import = 15

========================================================================
Received Import Request.
  Time since last request: 0.000027 seconds.
  path: Assets/Synty/PolygonShops/Prefabs/Buildings/SM_Bld_Base_Pillar_Half_01.prefab
  artifactKey: Guid(716d05d3acc230e48b02ab830f9806f1) Importer(815301076,1909f56bfc062723c751e8b465ee728b)
Start importing Assets/Synty/PolygonShops/Prefabs/Buildings/SM_Bld_Base_Pillar_Half_01.prefab using Guid(716d05d3acc230e48b02ab830f9806f1) Importer(815301076,1909f56bfc062723c751e8b465ee728b) (PreviewImporter) -> (artifact id: '9444a73cd96038507a564f314ca47223') in 0.0129658 seconds
Number of updated asset objects reloaded before import = 0Number of asset objects unloaded after import = 15

========================================================================
Received Import Request.
  Time since last request: 0.000028 seconds.
  path: Assets/Synty/PolygonGeneric/Models/Base/SM_Bld_Base_Pillar_Half_04.fbx
  artifactKey: Guid(e3a3765960d1dbb4885e8e27990da608) Importer(815301076,1909f56bfc062723c751e8b465ee728b)
Start importing Assets/Synty/PolygonGeneric/Models/Base/SM_Bld_Base_Pillar_Half_04.fbx using Guid(e3a3765960d1dbb4885e8e27990da608) Importer(815301076,1909f56bfc062723c751e8b465ee728b) (PreviewImporter) -> (artifact id: 'f82f09d6e48b395187d4e54c46440da6') in 0.0171783 seconds
Number of updated asset objects reloaded before import = 0Number of asset objects unloaded after import = 7

========================================================================
Received Import Request.
  Time since last request: 0.000031 seconds.
  path: Assets/Synty/PolygonShops/Prefabs/Buildings/SM_Bld_Base_Pillar_Half_03.prefab
  artifactKey: Guid(111c028d270d00845b17e96934926f16) Importer(815301076,1909f56bfc062723c751e8b465ee728b)
Start importing Assets/Synty/PolygonShops/Prefabs/Buildings/SM_Bld_Base_Pillar_Half_03.prefab using Guid(111c028d270d00845b17e96934926f16) Importer(815301076,1909f56bfc062723c751e8b465ee728b) (PreviewImporter) -> (artifact id: '94df96b0155a6d8e4cce69f2c8b75dc7') in 0.0181431 seconds
Number of updated asset objects reloaded before import = 0Number of asset objects unloaded after import = 15

========================================================================
Received Import Request.
  Time since last request: 0.000028 seconds.
  path: Assets/Synty/PolygonShops/Models/SM_Bld_Base_Pillar_Half_04.fbx
  artifactKey: Guid(ee2704bef52c89c498aee3d30d552539) Importer(815301076,1909f56bfc062723c751e8b465ee728b)
Start importing Assets/Synty/PolygonShops/Models/SM_Bld_Base_Pillar_Half_04.fbx using Guid(ee2704bef52c89c498aee3d30d552539) Importer(815301076,1909f56bfc062723c751e8b465ee728b) (PreviewImporter) -> (artifact id: 'de173026b5c53de22dd0e00ccaaaac44') in 0.0184195 seconds
Number of updated asset objects reloaded before import = 0Number of asset objects unloaded after import = 7

========================================================================
Received Import Request.
  Time since last request: 0.000022 seconds.
  path: Assets/Synty/PolygonShops/Models/SM_Bld_Base_Pillar_Half_02.fbx
  artifactKey: Guid(82d675a2e41ea674fb8fc024fa9bb9ed) Importer(815301076,1909f56bfc062723c751e8b465ee728b)
Start importing Assets/Synty/PolygonShops/Models/SM_Bld_Base_Pillar_Half_02.fbx using Guid(82d675a2e41ea674fb8fc024fa9bb9ed) Importer(815301076,1909f56bfc062723c751e8b465ee728b) (PreviewImporter) -> (artifact id: 'c15a4462826d00bd3000675cd4eec8cc') in 0.0158077 seconds
Number of updated asset objects reloaded before import = 0Number of asset objects unloaded after import = 7

========================================================================
Received Import Request.
  Time since last request: 30.561551 seconds.
  path: Assets/Scenes/SampleScene.unity
  artifactKey: Guid(99c9720ab356a0642a771bea13969a05) Importer(2089858483,b0f066a214c2f5e87bad3c948f4d605d)
Start importing Assets/Scenes/SampleScene.unity using Guid(99c9720ab356a0642a771bea13969a05) Importer(2089858483,b0f066a214c2f5e87bad3c948f4d605d) (ScriptedImporter) -> (artifact id: '06551a7aff520f95c37b4cb2a841a6a9') in 0.0136567 seconds
Number of updated asset objects reloaded before import = 0Number of asset objects unloaded after import = 1

========================================================================
Received Import Request.
  Time since last request: 6.307845 seconds.
  path: Assets/Scenes/SampleScene.unity
  artifactKey: Guid(99c9720ab356a0642a771bea13969a05) Importer(2089858483,b0f066a214c2f5e87bad3c948f4d605d)
Start importing Assets/Scenes/SampleScene.unity using Guid(99c9720ab356a0642a771bea13969a05) Importer(2089858483,b0f066a214c2f5e87bad3c948f4d605d) (ScriptedImporter) -> (artifact id: '38d7869f589e425136f31f06c2b20b3a') in 0.0145895 seconds
Number of updated asset objects reloaded before import = 0Number of asset objects unloaded after import = 1

========================================================================
Received Import Request.
  Time since last request: 95.003226 seconds.
  path: Assets/Scenes/SampleScene.unity
  artifactKey: Guid(99c9720ab356a0642a771bea13969a05) Importer(2089858483,b0f066a214c2f5e87bad3c948f4d605d)
Start importing Assets/Scenes/SampleScene.unity using Guid(99c9720ab356a0642a771bea13969a05) Importer(2089858483,b0f066a214c2f5e87bad3c948f4d605d) (ScriptedImporter) -> (artifact id: '93f0abee097308785183274ef49a0b64') in 0.0173325 seconds
Number of updated asset objects reloaded before import = 0Number of asset objects unloaded after import = 1

========================================================================
Received Import Request.
  Time since last request: 79.510625 seconds.
  path: Assets/Synty/PolygonShops/Models/SM_Bld_Base_Floor_Combined_01.fbx
  artifactKey: Guid(af2902baf0db5bc44af7d188fed79347) Importer(815301076,1909f56bfc062723c751e8b465ee728b)
Start importing Assets/Synty/PolygonShops/Models/SM_Bld_Base_Floor_Combined_01.fbx using Guid(af2902baf0db5bc44af7d188fed79347) Importer(815301076,1909f56bfc062723c751e8b465ee728b) (PreviewImporter) -> (artifact id: 'f149fdb43a5372bf8e7a5a6200c0f920') in 0.0168276 seconds
Number of updated asset objects reloaded before import = 0Number of asset objects unloaded after import = 7

========================================================================
Received Import Request.
  Time since last request: 0.012115 seconds.
  path: Assets/Synty/PolygonShops/Models/SM_Bld_Base_Pillar_02.fbx
  artifactKey: Guid(655cc6d127896d4439dfb710aeb13185) Importer(815301076,1909f56bfc062723c751e8b465ee728b)
Start importing Assets/Synty/PolygonShops/Models/SM_Bld_Base_Pillar_02.fbx using Guid(655cc6d127896d4439dfb710aeb13185) Importer(815301076,1909f56bfc062723c751e8b465ee728b) (PreviewImporter) -> (artifact id: '22431dfe15e8e26129d6407d6179e585') in 0.0209131 seconds
Number of updated asset objects reloaded before import = 0Number of asset objects unloaded after import = 7

========================================================================
Received Import Request.
  Time since last request: 0.000022 seconds.
  path: Assets/Synty/PolygonShops/Models/SM_Bld_Base_Pillar_03.fbx
  artifactKey: Guid(1963959b306f1724996920eb97ade81b) Importer(815301076,1909f56bfc062723c751e8b465ee728b)
Start importing Assets/Synty/PolygonShops/Models/SM_Bld_Base_Pillar_03.fbx using Guid(1963959b306f1724996920eb97ade81b) Importer(815301076,1909f56bfc062723c751e8b465ee728b) (PreviewImporter) -> (artifact id: 'ad71fad0308d644554bf7312fb06eaf9') in 0.0182488 seconds
Number of updated asset objects reloaded before import = 0Number of asset objects unloaded after import = 7

========================================================================
Received Import Request.
  Time since last request: 1.956211 seconds.
  path: Assets/Synty/PolygonShops/Prefabs/Characters/SM_Chr_Attendant_Female_01.prefab
  artifactKey: Guid(beebcb1f4ce0d6848b513b36b1748ded) Importer(815301076,1909f56bfc062723c751e8b465ee728b)
Start importing Assets/Synty/PolygonShops/Prefabs/Characters/SM_Chr_Attendant_Female_01.prefab using Guid(beebcb1f4ce0d6848b513b36b1748ded) Importer(815301076,1909f56bfc062723c751e8b465ee728b) (PreviewImporter) -> (artifact id: 'a41f68da9ffda8c821223eb48ad7d735') in 0.0443477 seconds
Number of updated asset objects reloaded before import = 0Number of asset objects unloaded after import = 175

========================================================================
Received Import Request.
  Time since last request: 0.000031 seconds.
  path: Assets/Synty/PolygonShops/Prefabs/Characters/SM_Chr_Clerk_Male_01.prefab
  artifactKey: Guid(a2781f166d558fc4688358ad1db4df11) Importer(815301076,1909f56bfc062723c751e8b465ee728b)
Start importing Assets/Synty/PolygonShops/Prefabs/Characters/SM_Chr_Clerk_Male_01.prefab using Guid(a2781f166d558fc4688358ad1db4df11) Importer(815301076,1909f56bfc062723c751e8b465ee728b) (PreviewImporter) -> (artifact id: '198c347a9b427e2f97adb1ef81f7eb9b') in 0.028944 seconds
Number of updated asset objects reloaded before import = 0Number of asset objects unloaded after import = 175

========================================================================
Received Import Request.
  Time since last request: 0.000039 seconds.
  path: Assets/Synty/PolygonShops/Prefabs/Characters/SM_Chr_Worker_Male_01.prefab
  artifactKey: Guid(5b94ef867d3ece947affb0a4b24f6806) Importer(815301076,1909f56bfc062723c751e8b465ee728b)
Start importing Assets/Synty/PolygonShops/Prefabs/Characters/SM_Chr_Worker_Male_01.prefab using Guid(5b94ef867d3ece947affb0a4b24f6806) Importer(815301076,1909f56bfc062723c751e8b465ee728b) (PreviewImporter) -> (artifact id: 'd96b749fde9b8321124d6830d1e973b8') in 0.0328721 seconds
Number of updated asset objects reloaded before import = 0Number of asset objects unloaded after import = 175

========================================================================
Received Import Request.
  Time since last request: 0.000022 seconds.
  path: Assets/Synty/PolygonShops/Prefabs/Characters/SM_Chr_Clerk_Female_01.prefab
  artifactKey: Guid(dc34433148f44d94d87cc0f030d1ac60) Importer(815301076,1909f56bfc062723c751e8b465ee728b)
Start importing Assets/Synty/PolygonShops/Prefabs/Characters/SM_Chr_Clerk_Female_01.prefab using Guid(dc34433148f44d94d87cc0f030d1ac60) Importer(815301076,1909f56bfc062723c751e8b465ee728b) (PreviewImporter) -> (artifact id: 'e27438543bcee5cf164ab6b55150a378') in 0.0369938 seconds
Number of updated asset objects reloaded before import = 0Number of asset objects unloaded after import = 175

========================================================================
Received Import Request.
  Time since last request: 0.000029 seconds.
  path: Assets/Synty/PolygonShops/Prefabs/Characters/SM_Chr_Gym_Male_01.prefab
  artifactKey: Guid(60d44913929ae6242a330d95a39a5d22) Importer(815301076,1909f56bfc062723c751e8b465ee728b)
Start importing Assets/Synty/PolygonShops/Prefabs/Characters/SM_Chr_Gym_Male_01.prefab using Guid(60d44913929ae6242a330d95a39a5d22) Importer(815301076,1909f56bfc062723c751e8b465ee728b) (PreviewImporter) -> (artifact id: '6f7f0a133598c5951f1c937e8fb01636') in 0.0400509 seconds
Number of updated asset objects reloaded before import = 0Number of asset objects unloaded after import = 175

========================================================================
Received Import Request.
  Time since last request: 0.000022 seconds.
  path: Assets/Synty/PolygonShops/Prefabs/Characters/SM_Chr_Santa_01.prefab
  artifactKey: Guid(c94666baae406aa48b3258be6c915c06) Importer(815301076,1909f56bfc062723c751e8b465ee728b)
Start importing Assets/Synty/PolygonShops/Prefabs/Characters/SM_Chr_Santa_01.prefab using Guid(c94666baae406aa48b3258be6c915c06) Importer(815301076,1909f56bfc062723c751e8b465ee728b) (PreviewImporter) -> (artifact id: 'a86aee46c89e1a4f5216c4b7d9c69a5c') in 0.0356052 seconds
Number of updated asset objects reloaded before import = 0Number of asset objects unloaded after import = 170

========================================================================
Received Import Request.
  Time since last request: 0.000040 seconds.
  path: Assets/Synty/PolygonShops/Prefabs/Characters/SM_Chr_Musician_Female_01.prefab
  artifactKey: Guid(1f61eaeab8686034fb0e99bf02435be1) Importer(815301076,1909f56bfc062723c751e8b465ee728b)
Start importing Assets/Synty/PolygonShops/Prefabs/Characters/SM_Chr_Musician_Female_01.prefab using Guid(1f61eaeab8686034fb0e99bf02435be1) Importer(815301076,1909f56bfc062723c751e8b465ee728b) (PreviewImporter) -> (artifact id: '681a5293ca0397d81027595545fa380f') in 0.0385066 seconds
Number of updated asset objects reloaded before import = 0Number of asset objects unloaded after import = 180

========================================================================
Received Import Request.
  Time since last request: 1.065690 seconds.
  path: Assets/Synty/PolygonShops/Prefabs/Buildings/SM_Bld_Awning_01.prefab
  artifactKey: Guid(be2872237b913f44eb6db83db5b722da) Importer(815301076,1909f56bfc062723c751e8b465ee728b)
Start importing Assets/Synty/PolygonShops/Prefabs/Buildings/SM_Bld_Awning_01.prefab using Guid(be2872237b913f44eb6db83db5b722da) Importer(815301076,1909f56bfc062723c751e8b465ee728b) (PreviewImporter) -> (artifact id: 'a60322ccbb036aad9e37a96b552690de') in 0.0167279 seconds
Number of updated asset objects reloaded before import = 0Number of asset objects unloaded after import = 17

========================================================================
Received Import Request.
  Time since last request: 0.000019 seconds.
  path: Assets/Synty/PolygonShops/Prefabs/Buildings/SM_Bld_Awning_02_Small.prefab
  artifactKey: Guid(01d36092439d4f64da930deab65f52b1) Importer(815301076,1909f56bfc062723c751e8b465ee728b)
Start importing Assets/Synty/PolygonShops/Prefabs/Buildings/SM_Bld_Awning_02_Small.prefab using Guid(01d36092439d4f64da930deab65f52b1) Importer(815301076,1909f56bfc062723c751e8b465ee728b) (PreviewImporter) -> (artifact id: '6d9005077557f64f253093f410f50e5c') in 0.0162531 seconds
Number of updated asset objects reloaded before import = 0Number of asset objects unloaded after import = 17

========================================================================
Received Import Request.
  Time since last request: 0.000027 seconds.
  path: Assets/Synty/PolygonShops/Prefabs/Buildings/SM_Bld_Balcony_Floor_01.prefab
  artifactKey: Guid(dbcc38ceecf2b5a42a243da4ee04d0ca) Importer(815301076,1909f56bfc062723c751e8b465ee728b)
Start importing Assets/Synty/PolygonShops/Prefabs/Buildings/SM_Bld_Balcony_Floor_01.prefab using Guid(dbcc38ceecf2b5a42a243da4ee04d0ca) Importer(815301076,1909f56bfc062723c751e8b465ee728b) (PreviewImporter) -> (artifact id: 'b0a83a60dde1722c915eab32ceb07878') in 0.0401608 seconds
Number of updated asset objects reloaded before import = 0Number of asset objects unloaded after import = 17

========================================================================
Received Import Request.
  Time since last request: 0.000042 seconds.
  path: Assets/Synty/PolygonShops/Prefabs/Buildings/SM_Bld_Awning_04_Small.prefab
  artifactKey: Guid(598b2af2ababba54393460c6413895eb) Importer(815301076,1909f56bfc062723c751e8b465ee728b)
Start importing Assets/Synty/PolygonShops/Prefabs/Buildings/SM_Bld_Awning_04_Small.prefab using Guid(598b2af2ababba54393460c6413895eb) Importer(815301076,1909f56bfc062723c751e8b465ee728b) (PreviewImporter) -> (artifact id: '8b8ab7fe8eb1a84e9ea60e52048a2e51') in 0.01899 seconds
Number of updated asset objects reloaded before import = 0Number of asset objects unloaded after import = 17

========================================================================
Received Import Request.
  Time since last request: 0.000024 seconds.
  path: Assets/Synty/PolygonShops/Prefabs/Buildings/SM_Bld_Base_Pillar_02.prefab
  artifactKey: Guid(00262f28970a1e544b5917df840c496b) Importer(815301076,1909f56bfc062723c751e8b465ee728b)
Start importing Assets/Synty/PolygonShops/Prefabs/Buildings/SM_Bld_Base_Pillar_02.prefab using Guid(00262f28970a1e544b5917df840c496b) Importer(815301076,1909f56bfc062723c751e8b465ee728b) (PreviewImporter) -> (artifact id: 'a23c399dc12238cb44c20429651d76ff') in 0.0137712 seconds
Number of updated asset objects reloaded before import = 0Number of asset objects unloaded after import = 15

========================================================================
Received Import Request.
  Time since last request: 0.000021 seconds.
  path: Assets/Synty/PolygonShops/Prefabs/Buildings/SM_Bld_Balcony_Railing_Corner_01.prefab
  artifactKey: Guid(acf7eee77df42844a8ce726122806a5d) Importer(815301076,1909f56bfc062723c751e8b465ee728b)
Start importing Assets/Synty/PolygonShops/Prefabs/Buildings/SM_Bld_Balcony_Railing_Corner_01.prefab using Guid(acf7eee77df42844a8ce726122806a5d) Importer(815301076,1909f56bfc062723c751e8b465ee728b) (PreviewImporter) -> (artifact id: '1477e6180d3ee08150d93318314abded') in 0.016021 seconds
Number of updated asset objects reloaded before import = 0Number of asset objects unloaded after import = 16

========================================================================
Received Import Request.
  Time since last request: 0.000034 seconds.
  path: Assets/Synty/PolygonShops/Prefabs/Buildings/SM_Bld_Base_Floor_01.prefab
  artifactKey: Guid(06141c93af6c671499eb3c35d1930898) Importer(815301076,1909f56bfc062723c751e8b465ee728b)
Start importing Assets/Synty/PolygonShops/Prefabs/Buildings/SM_Bld_Base_Floor_01.prefab using Guid(06141c93af6c671499eb3c35d1930898) Importer(815301076,1909f56bfc062723c751e8b465ee728b) (PreviewImporter) -> (artifact id: 'b8d4d48e4704a688e5a39235a455215c') in 0.0310185 seconds
Number of updated asset objects reloaded before import = 0Number of asset objects unloaded after import = 15

========================================================================
Received Import Request.
  Time since last request: 0.000025 seconds.
  path: Assets/Synty/PolygonShops/Prefabs/Buildings/SM_Bld_Awning_Large_02.prefab
  artifactKey: Guid(66a2d8280cd208249a73cb44382fdce5) Importer(815301076,1909f56bfc062723c751e8b465ee728b)
Start importing Assets/Synty/PolygonShops/Prefabs/Buildings/SM_Bld_Awning_Large_02.prefab using Guid(66a2d8280cd208249a73cb44382fdce5) Importer(815301076,1909f56bfc062723c751e8b465ee728b) (PreviewImporter) -> (artifact id: '9fa6e1750252e7e2c2461d2beeea7fe3') in 0.0502957 seconds
Number of updated asset objects reloaded before import = 0Number of asset objects unloaded after import = 29

========================================================================
Received Import Request.
  Time since last request: 0.000056 seconds.
  path: Assets/Synty/PolygonShops/Prefabs/Buildings/SM_Bld_Base_Door_01.prefab
  artifactKey: Guid(6da6886d5ba380a44a4afb881932b0a6) Importer(815301076,1909f56bfc062723c751e8b465ee728b)
Start importing Assets/Synty/PolygonShops/Prefabs/Buildings/SM_Bld_Base_Door_01.prefab using Guid(6da6886d5ba380a44a4afb881932b0a6) Importer(815301076,1909f56bfc062723c751e8b465ee728b) (PreviewImporter) -> (artifact id: 'a6aa140eb3ef0eef37d16139044d7df6') in 0.0175434 seconds
Number of updated asset objects reloaded before import = 0Number of asset objects unloaded after import = 16

========================================================================
Received Import Request.
  Time since last request: 0.000021 seconds.
  path: Assets/Synty/PolygonShops/Prefabs/Buildings/SM_Bld_Base_Floor_Combined_01.prefab
  artifactKey: Guid(6185dd6903d36e2458ab9d475a3382ee) Importer(815301076,1909f56bfc062723c751e8b465ee728b)
Start importing Assets/Synty/PolygonShops/Prefabs/Buildings/SM_Bld_Base_Floor_Combined_01.prefab using Guid(6185dd6903d36e2458ab9d475a3382ee) Importer(815301076,1909f56bfc062723c751e8b465ee728b) (PreviewImporter) -> (artifact id: '75498c48a21228f1dcf0ab6f3b1bbe9d') in 0.0153027 seconds
Number of updated asset objects reloaded before import = 0Number of asset objects unloaded after import = 17

========================================================================
Received Import Request.
  Time since last request: 0.000040 seconds.
  path: Assets/Synty/PolygonShops/Prefabs/Buildings/SM_Bld_Base_Door_Large_01.prefab
  artifactKey: Guid(f6ce7dc187f59524f9c5c1eefca8d7e3) Importer(815301076,1909f56bfc062723c751e8b465ee728b)
Start importing Assets/Synty/PolygonShops/Prefabs/Buildings/SM_Bld_Base_Door_Large_01.prefab using Guid(f6ce7dc187f59524f9c5c1eefca8d7e3) Importer(815301076,1909f56bfc062723c751e8b465ee728b) (PreviewImporter) -> (artifact id: 'b29ef45d254c30b6a4f92cf97fa5e997') in 0.0192109 seconds
Number of updated asset objects reloaded before import = 0Number of asset objects unloaded after import = 16

========================================================================
Received Import Request.
  Time since last request: 0.000022 seconds.
  path: Assets/Synty/PolygonShops/Prefabs/Buildings/SM_Bld_Base_Pillar_04.prefab
  artifactKey: Guid(e10079f7ce0aa1b4f8b326e2697f3c39) Importer(815301076,1909f56bfc062723c751e8b465ee728b)
Start importing Assets/Synty/PolygonShops/Prefabs/Buildings/SM_Bld_Base_Pillar_04.prefab using Guid(e10079f7ce0aa1b4f8b326e2697f3c39) Importer(815301076,1909f56bfc062723c751e8b465ee728b) (PreviewImporter) -> (artifact id: '5e0dc0b914d9679df47bfa2ea5a43d94') in 0.0180386 seconds
Number of updated asset objects reloaded before import = 0Number of asset objects unloaded after import = 15

========================================================================
Received Import Request.
  Time since last request: 0.285224 seconds.
  path: Assets/Synty/PolygonShops/Prefabs/Buildings/SM_Bld_Base_Pillar_Half_04.prefab
  artifactKey: Guid(b07cc391528d7f54882192550a5554d7) Importer(815301076,1909f56bfc062723c751e8b465ee728b)
Start importing Assets/Synty/PolygonShops/Prefabs/Buildings/SM_Bld_Base_Pillar_Half_04.prefab using Guid(b07cc391528d7f54882192550a5554d7) Importer(815301076,1909f56bfc062723c751e8b465ee728b) (PreviewImporter) -> (artifact id: 'ab66de7d5ef797d5daf6f55b77574799') in 0.0125609 seconds
Number of updated asset objects reloaded before import = 0Number of asset objects unloaded after import = 15

========================================================================
Received Import Request.
  Time since last request: 0.004327 seconds.
  path: Assets/Synty/PolygonShops/Prefabs/Buildings/SM_Bld_Base_Stairs_01.prefab
  artifactKey: Guid(3e7f8953b8a69ae40916d60273bb6e1e) Importer(815301076,1909f56bfc062723c751e8b465ee728b)
Start importing Assets/Synty/PolygonShops/Prefabs/Buildings/SM_Bld_Base_Stairs_01.prefab using Guid(3e7f8953b8a69ae40916d60273bb6e1e) Importer(815301076,1909f56bfc062723c751e8b465ee728b) (PreviewImporter) -> (artifact id: '97d1acd488a3018510b22cbaf48556b1') in 0.0499031 seconds
Number of updated asset objects reloaded before import = 0Number of asset objects unloaded after import = 16

========================================================================
Received Import Request.
  Time since last request: 0.239315 seconds.
  path: Assets/Synty/PolygonShops/Prefabs/Buildings/SM_Bld_Base_Wall_01.prefab
  artifactKey: Guid(72c6642161c92fa4aa2c8b802372fd0f) Importer(815301076,1909f56bfc062723c751e8b465ee728b)
Start importing Assets/Synty/PolygonShops/Prefabs/Buildings/SM_Bld_Base_Wall_01.prefab using Guid(72c6642161c92fa4aa2c8b802372fd0f) Importer(815301076,1909f56bfc062723c751e8b465ee728b) (PreviewImporter) -> (artifact id: 'd570bc21bdea596033bd2aa648578161') in 0.0186249 seconds
Number of updated asset objects reloaded before import = 0Number of asset objects unloaded after import = 15

========================================================================
Received Import Request.
  Time since last request: 0.000027 seconds.
  path: Assets/Synty/PolygonShops/Prefabs/Buildings/SM_Bld_Base_Wall_Door_Double_01.prefab
  artifactKey: Guid(036090a2f13b8de4bb0cbd6e2f4b3c3a) Importer(815301076,1909f56bfc062723c751e8b465ee728b)
Start importing Assets/Synty/PolygonShops/Prefabs/Buildings/SM_Bld_Base_Wall_Door_Double_01.prefab using Guid(036090a2f13b8de4bb0cbd6e2f4b3c3a) Importer(815301076,1909f56bfc062723c751e8b465ee728b) (PreviewImporter) -> (artifact id: '70e70291578a3a3c31883fdded6fb76c') in 0.0217514 seconds
Number of updated asset objects reloaded before import = 0Number of asset objects unloaded after import = 19

========================================================================
Received Import Request.
  Time since last request: 0.000022 seconds.
  path: Assets/Synty/PolygonShops/Prefabs/Buildings/SM_Bld_Base_Wall_Door_Large_01.prefab
  artifactKey: Guid(2ec1c068febd3684f9fffebe66574ba3) Importer(815301076,1909f56bfc062723c751e8b465ee728b)
Start importing Assets/Synty/PolygonShops/Prefabs/Buildings/SM_Bld_Base_Wall_Door_Large_01.prefab using Guid(2ec1c068febd3684f9fffebe66574ba3) Importer(815301076,1909f56bfc062723c751e8b465ee728b) (PreviewImporter) -> (artifact id: 'ee51e5cd559be1bc75ebae98ab929728') in 0.0241467 seconds
Number of updated asset objects reloaded before import = 0Number of asset objects unloaded after import = 19

========================================================================
Received Import Request.
  Time since last request: 0.000030 seconds.
  path: Assets/Synty/PolygonShops/Prefabs/Buildings/SM_Bld_Base_Wall_Glass_Blank_Half_01.prefab
  artifactKey: Guid(2f11e4e19891cbd4890bf8605ffce659) Importer(815301076,1909f56bfc062723c751e8b465ee728b)
Start importing Assets/Synty/PolygonShops/Prefabs/Buildings/SM_Bld_Base_Wall_Glass_Blank_Half_01.prefab using Guid(2f11e4e19891cbd4890bf8605ffce659) Importer(815301076,1909f56bfc062723c751e8b465ee728b) (PreviewImporter) -> (artifact id: '41d1fa821ab6378541d08951af01ce0f') in 0.022145 seconds
Number of updated asset objects reloaded before import = 0Number of asset objects unloaded after import = 22

========================================================================
Received Import Request.
  Time since last request: 0.000030 seconds.
  path: Assets/Synty/PolygonShops/Prefabs/Buildings/SM_Bld_Base_Wall_Glass_Door_01.prefab
  artifactKey: Guid(0a1020c2f7446c74f894b26dc698c899) Importer(815301076,1909f56bfc062723c751e8b465ee728b)
Start importing Assets/Synty/PolygonShops/Prefabs/Buildings/SM_Bld_Base_Wall_Glass_Door_01.prefab using Guid(0a1020c2f7446c74f894b26dc698c899) Importer(815301076,1909f56bfc062723c751e8b465ee728b) (PreviewImporter) -> (artifact id: '048cf67d93fcd211739b9456fafc1eb8') in 0.0216855 seconds
Number of updated asset objects reloaded before import = 0Number of asset objects unloaded after import = 23

========================================================================
Received Import Request.
  Time since last request: 0.000021 seconds.
  path: Assets/Synty/PolygonShops/Prefabs/Buildings/SM_Bld_Base_Wall_Glass_Blank_01.prefab
  artifactKey: Guid(3dcc45c5f6c8d7248851a20339edbd20) Importer(815301076,1909f56bfc062723c751e8b465ee728b)
Start importing Assets/Synty/PolygonShops/Prefabs/Buildings/SM_Bld_Base_Wall_Glass_Blank_01.prefab using Guid(3dcc45c5f6c8d7248851a20339edbd20) Importer(815301076,1909f56bfc062723c751e8b465ee728b) (PreviewImporter) -> (artifact id: '0c52e465836bc4ff95ce0e6720c835e2') in 0.0212903 seconds
Number of updated asset objects reloaded before import = 0Number of asset objects unloaded after import = 22

========================================================================
Received Import Request.
  Time since last request: 0.020377 seconds.
  path: Assets/Synty/PolygonShops/Prefabs/Buildings/SM_Bld_Base_Wall_Quarter_01.prefab
  artifactKey: Guid(edae43dbc32654a4583d3cf8589c99fa) Importer(815301076,1909f56bfc062723c751e8b465ee728b)
Start importing Assets/Synty/PolygonShops/Prefabs/Buildings/SM_Bld_Base_Wall_Quarter_01.prefab using Guid(edae43dbc32654a4583d3cf8589c99fa) Importer(815301076,1909f56bfc062723c751e8b465ee728b) (PreviewImporter) -> (artifact id: '6503e52d08d69571bf1683368d75b263') in 0.0173329 seconds
Number of updated asset objects reloaded before import = 0Number of asset objects unloaded after import = 15

========================================================================
Received Import Request.
  Time since last request: 0.000028 seconds.
  path: Assets/Synty/PolygonShops/Prefabs/Buildings/SM_Bld_Base_Wall_Window_Low_01.prefab
  artifactKey: Guid(9ba5bb2942cf6af40bc6bc65dcc4820a) Importer(815301076,1909f56bfc062723c751e8b465ee728b)
Start importing Assets/Synty/PolygonShops/Prefabs/Buildings/SM_Bld_Base_Wall_Window_Low_01.prefab using Guid(9ba5bb2942cf6af40bc6bc65dcc4820a) Importer(815301076,1909f56bfc062723c751e8b465ee728b) (PreviewImporter) -> (artifact id: '345e6be6818711d0223af13a409f4c9c') in 0.0204214 seconds
Number of updated asset objects reloaded before import = 0Number of asset objects unloaded after import = 24

========================================================================
Received Import Request.
  Time since last request: 0.000023 seconds.
  path: Assets/Synty/PolygonShops/Prefabs/Buildings/SM_Bld_Door_Curtain_02.prefab
  artifactKey: Guid(0f83ceef7e66b4e40bf9a2f18cc22df6) Importer(815301076,1909f56bfc062723c751e8b465ee728b)
Start importing Assets/Synty/PolygonShops/Prefabs/Buildings/SM_Bld_Door_Curtain_02.prefab using Guid(0f83ceef7e66b4e40bf9a2f18cc22df6) Importer(815301076,1909f56bfc062723c751e8b465ee728b) (PreviewImporter) -> (artifact id: '579689f7c9a155fe82fb1ed49e37dda5') in 0.0229425 seconds
Number of updated asset objects reloaded before import = 0Number of asset objects unloaded after import = 16

========================================================================
Received Import Request.
  Time since last request: 0.000038 seconds.
  path: Assets/Synty/PolygonShops/Prefabs/Buildings/SM_Bld_Escalator_Step_01.prefab
  artifactKey: Guid(cc149ec6999173b46940dfac0ab28019) Importer(815301076,1909f56bfc062723c751e8b465ee728b)
Start importing Assets/Synty/PolygonShops/Prefabs/Buildings/SM_Bld_Escalator_Step_01.prefab using Guid(cc149ec6999173b46940dfac0ab28019) Importer(815301076,1909f56bfc062723c751e8b465ee728b) (PreviewImporter) -> (artifact id: '16bfb7be604507ff55a4eb1c8dc92b83') in 0.0227053 seconds
Number of updated asset objects reloaded before import = 0Number of asset objects unloaded after import = 15

========================================================================
Received Import Request.
  Time since last request: 0.000026 seconds.
  path: Assets/Synty/PolygonShops/Prefabs/Buildings/SM_Bld_Roof_Edge_01.prefab
  artifactKey: Guid(1ee70e60011952442a3907c95cc2beb7) Importer(815301076,1909f56bfc062723c751e8b465ee728b)
Start importing Assets/Synty/PolygonShops/Prefabs/Buildings/SM_Bld_Roof_Edge_01.prefab using Guid(1ee70e60011952442a3907c95cc2beb7) Importer(815301076,1909f56bfc062723c751e8b465ee728b) (PreviewImporter) -> (artifact id: 'a62530c0babc791b5424c167fa5151a9') in 0.0226 seconds
Number of updated asset objects reloaded before import = 0Number of asset objects unloaded after import = 16

========================================================================
Received Import Request.
  Time since last request: 0.000021 seconds.
  path: Assets/Synty/PolygonShops/Prefabs/Buildings/SM_Bld_Roof_Edge_Corner_01.prefab
  artifactKey: Guid(f65383ed78dfa5f4f8f2f08e84c47714) Importer(815301076,1909f56bfc062723c751e8b465ee728b)
Start importing Assets/Synty/PolygonShops/Prefabs/Buildings/SM_Bld_Roof_Edge_Corner_01.prefab using Guid(f65383ed78dfa5f4f8f2f08e84c47714) Importer(815301076,1909f56bfc062723c751e8b465ee728b) (PreviewImporter) -> (artifact id: '9dc4281ac5fb49d01493469a7ce54bad') in 0.0214023 seconds
Number of updated asset objects reloaded before import = 0Number of asset objects unloaded after import = 16

========================================================================
Received Import Request.
  Time since last request: 0.000020 seconds.
  path: Assets/Synty/PolygonShops/Prefabs/Buildings/SM_Bld_Door_Curtain_01.prefab
  artifactKey: Guid(442ff83920bb8914bb3dc99a2407461d) Importer(815301076,1909f56bfc062723c751e8b465ee728b)
Start importing Assets/Synty/PolygonShops/Prefabs/Buildings/SM_Bld_Door_Curtain_01.prefab using Guid(442ff83920bb8914bb3dc99a2407461d) Importer(815301076,1909f56bfc062723c751e8b465ee728b) (PreviewImporter) -> (artifact id: '46fc6b396de9ffdb6815963494d9e265') in 0.0200636 seconds
Number of updated asset objects reloaded before import = 0Number of asset objects unloaded after import = 16

========================================================================
Received Import Request.
  Time since last request: 0.000022 seconds.
  path: Assets/Synty/PolygonShops/Prefabs/Buildings/SM_Bld_ShopFront_04.prefab
  artifactKey: Guid(4c8df00bdce78d246a15b3c071a54d48) Importer(815301076,1909f56bfc062723c751e8b465ee728b)
Start importing Assets/Synty/PolygonShops/Prefabs/Buildings/SM_Bld_ShopFront_04.prefab using Guid(4c8df00bdce78d246a15b3c071a54d48) Importer(815301076,1909f56bfc062723c751e8b465ee728b) (PreviewImporter) -> (artifact id: '74971fa629c7136191951f409f1c07a0') in 0.0327723 seconds
Number of updated asset objects reloaded before import = 0Number of asset objects unloaded after import = 27

========================================================================
Received Import Request.
  Time since last request: 0.000033 seconds.
  path: Assets/Synty/PolygonShops/Prefabs/Buildings/SM_Bld_ShopFront_01.prefab
  artifactKey: Guid(e15666b3fd151fc43b306f45dcc557b6) Importer(815301076,1909f56bfc062723c751e8b465ee728b)
Start importing Assets/Synty/PolygonShops/Prefabs/Buildings/SM_Bld_ShopFront_01.prefab using Guid(e15666b3fd151fc43b306f45dcc557b6) Importer(815301076,1909f56bfc062723c751e8b465ee728b) (PreviewImporter) -> (artifact id: '6f7a0a1332b5912df70d7bef4ddcb888') in 0.0251613 seconds
Number of updated asset objects reloaded before import = 0Number of asset objects unloaded after import = 24

========================================================================
Received Import Request.
  Time since last request: 0.000028 seconds.
  path: Assets/Synty/PolygonShops/Prefabs/Buildings/SM_Bld_ShopFront_06.prefab
  artifactKey: Guid(e6e11b74f34113c44bd12818045f61ae) Importer(815301076,1909f56bfc062723c751e8b465ee728b)
Start importing Assets/Synty/PolygonShops/Prefabs/Buildings/SM_Bld_ShopFront_06.prefab using Guid(e6e11b74f34113c44bd12818045f61ae) Importer(815301076,1909f56bfc062723c751e8b465ee728b) (PreviewImporter) -> (artifact id: 'e792677ed14a95c0da587cddf6a6adfe') in 0.0298679 seconds
Number of updated asset objects reloaded before import = 0Number of asset objects unloaded after import = 27

========================================================================
Received Import Request.
  Time since last request: 0.000023 seconds.
  path: Assets/Synty/PolygonShops/Prefabs/Buildings/SM_Bld_Roof_Edge_Half_02.prefab
  artifactKey: Guid(4199fc400e49a3a468f2efa114330363) Importer(815301076,1909f56bfc062723c751e8b465ee728b)
Start importing Assets/Synty/PolygonShops/Prefabs/Buildings/SM_Bld_Roof_Edge_Half_02.prefab using Guid(4199fc400e49a3a468f2efa114330363) Importer(815301076,1909f56bfc062723c751e8b465ee728b) (PreviewImporter) -> (artifact id: '7110b25da3733ff0e1811843a6bfc4c5') in 0.0222625 seconds
Number of updated asset objects reloaded before import = 0Number of asset objects unloaded after import = 16

========================================================================
Received Import Request.
  Time since last request: 0.000023 seconds.
  path: Assets/Synty/PolygonShops/Prefabs/Buildings/SM_Bld_Escalator_01.prefab
  artifactKey: Guid(70a329938eb779c49be442abf5b333f5) Importer(815301076,1909f56bfc062723c751e8b465ee728b)
Start importing Assets/Synty/PolygonShops/Prefabs/Buildings/SM_Bld_Escalator_01.prefab using Guid(70a329938eb779c49be442abf5b333f5) Importer(815301076,1909f56bfc062723c751e8b465ee728b) (PreviewImporter) -> (artifact id: 'ee02df98bda42923a5dddb627d2a8473') in 0.0250207 seconds
Number of updated asset objects reloaded before import = 0Number of asset objects unloaded after import = 23

========================================================================
Received Import Request.
  Time since last request: 4.840734 seconds.
  path: Assets/Synty/PolygonShops/Prefabs/Buildings/SM_Bld_ShopFront_08.prefab
  artifactKey: Guid(6dd1438fef0fab046b3dd98c22d56878) Importer(815301076,1909f56bfc062723c751e8b465ee728b)
Start importing Assets/Synty/PolygonShops/Prefabs/Buildings/SM_Bld_ShopFront_08.prefab using Guid(6dd1438fef0fab046b3dd98c22d56878) Importer(815301076,1909f56bfc062723c751e8b465ee728b) (PreviewImporter) -> (artifact id: 'e9988c907e83f381708f0adb60b7af3d') in 0.0292135 seconds
Number of updated asset objects reloaded before import = 0Number of asset objects unloaded after import = 21

========================================================================
Received Import Request.
  Time since last request: 0.000030 seconds.
  path: Assets/Synty/PolygonShops/Prefabs/Buildings/SM_Bld_ShopFront_09.prefab
  artifactKey: Guid(74664f0d3c5505c4cbc7f050f54f1d78) Importer(815301076,1909f56bfc062723c751e8b465ee728b)
Start importing Assets/Synty/PolygonShops/Prefabs/Buildings/SM_Bld_ShopFront_09.prefab using Guid(74664f0d3c5505c4cbc7f050f54f1d78) Importer(815301076,1909f56bfc062723c751e8b465ee728b) (PreviewImporter) -> (artifact id: 'bc090f9f7e6eda05ba2acac33f753be5') in 0.0265775 seconds
Number of updated asset objects reloaded before import = 0Number of asset objects unloaded after import = 27

========================================================================
Received Import Request.
  Time since last request: 0.242198 seconds.
  path: Assets/Synty/PolygonShops/Prefabs/Buildings/SM_Bld_Shopfront_Door_02.prefab
  artifactKey: Guid(4820198d67248b4488ebd3c980e496b4) Importer(815301076,1909f56bfc062723c751e8b465ee728b)
Start importing Assets/Synty/PolygonShops/Prefabs/Buildings/SM_Bld_Shopfront_Door_02.prefab using Guid(4820198d67248b4488ebd3c980e496b4) Importer(815301076,1909f56bfc062723c751e8b465ee728b) (PreviewImporter) -> (artifact id: '353f3ce349f997f52a0c7b687b8a60d5') in 0.0230589 seconds
Number of updated asset objects reloaded before import = 0Number of asset objects unloaded after import = 22

========================================================================
Received Import Request.
  Time since last request: 0.000019 seconds.
  path: Assets/Synty/PolygonShops/Prefabs/Buildings/SM_Bld_Shopfront_Door_06.prefab
  artifactKey: Guid(0645006daac81104c8335e278bd4a445) Importer(815301076,1909f56bfc062723c751e8b465ee728b)
Start importing Assets/Synty/PolygonShops/Prefabs/Buildings/SM_Bld_Shopfront_Door_06.prefab using Guid(0645006daac81104c8335e278bd4a445) Importer(815301076,1909f56bfc062723c751e8b465ee728b) (PreviewImporter) -> (artifact id: '9bb50d9c1f95a5f2121cdb14dfa8d695') in 0.0242575 seconds
Number of updated asset objects reloaded before import = 0Number of asset objects unloaded after import = 22

========================================================================
Received Import Request.
  Time since last request: 0.000020 seconds.
  path: Assets/Synty/PolygonShops/Prefabs/Buildings/SM_Bld_Trim_Ceiling_01.prefab
  artifactKey: Guid(07273989310f99a4db7782b447b701ab) Importer(815301076,1909f56bfc062723c751e8b465ee728b)
Start importing Assets/Synty/PolygonShops/Prefabs/Buildings/SM_Bld_Trim_Ceiling_01.prefab using Guid(07273989310f99a4db7782b447b701ab) Importer(815301076,1909f56bfc062723c751e8b465ee728b) (PreviewImporter) -> (artifact id: '6fe9b9d005c8f1258d121107f53ed106') in 0.0197052 seconds
Number of updated asset objects reloaded before import = 0Number of asset objects unloaded after import = 15

========================================================================
Received Import Request.
  Time since last request: 0.000024 seconds.
  path: Assets/Synty/PolygonShops/Prefabs/Buildings/SM_Bld_Trim_Wall_Block_01_Pillar_01.prefab
  artifactKey: Guid(1a5c010b664d3a147aca87ad36bb0114) Importer(815301076,1909f56bfc062723c751e8b465ee728b)
Start importing Assets/Synty/PolygonShops/Prefabs/Buildings/SM_Bld_Trim_Wall_Block_01_Pillar_01.prefab using Guid(1a5c010b664d3a147aca87ad36bb0114) Importer(815301076,1909f56bfc062723c751e8b465ee728b) (PreviewImporter) -> (artifact id: '6a608c497266ca07cbbf3d1b54546131') in 0.021211 seconds
Number of updated asset objects reloaded before import = 0Number of asset objects unloaded after import = 16

========================================================================
Received Import Request.
  Time since last request: 0.000031 seconds.
  path: Assets/Synty/PolygonShops/Prefabs/Buildings/SM_Bld_Trim_Wall_High_01.prefab
  artifactKey: Guid(2a8f304da893ba946bac1b7ca8bb3eeb) Importer(815301076,1909f56bfc062723c751e8b465ee728b)
Start importing Assets/Synty/PolygonShops/Prefabs/Buildings/SM_Bld_Trim_Wall_High_01.prefab using Guid(2a8f304da893ba946bac1b7ca8bb3eeb) Importer(815301076,1909f56bfc062723c751e8b465ee728b) (PreviewImporter) -> (artifact id: '4f2a13ba9abca6341a65183cfd22e1d6') in 0.0172443 seconds
Number of updated asset objects reloaded before import = 0Number of asset objects unloaded after import = 15

========================================================================
Received Import Request.
  Time since last request: 3.287299 seconds.
  path: Assets/Synty/PolygonShops/Prefabs/Buildings/SM_Bld_Trim_Wall_High_01_Pillar_02.prefab
  artifactKey: Guid(3ab58dce4eede874a96fc0ae2eec7700) Importer(815301076,1909f56bfc062723c751e8b465ee728b)
Start importing Assets/Synty/PolygonShops/Prefabs/Buildings/SM_Bld_Trim_Wall_High_01_Pillar_02.prefab using Guid(3ab58dce4eede874a96fc0ae2eec7700) Importer(815301076,1909f56bfc062723c751e8b465ee728b) (PreviewImporter) -> (artifact id: 'acddd46765f6452f8132ab1d4613f7bb') in 0.0166549 seconds
Number of updated asset objects reloaded before import = 0Number of asset objects unloaded after import = 15

========================================================================
Received Import Request.
  Time since last request: 0.049442 seconds.
  path: Assets/Synty/PolygonShops/Prefabs/Buildings/SM_Bld_Trim_Wall_High_02.prefab
  artifactKey: Guid(c9f09e6143140184b9783dcd9d665bc7) Importer(815301076,1909f56bfc062723c751e8b465ee728b)
Start importing Assets/Synty/PolygonShops/Prefabs/Buildings/SM_Bld_Trim_Wall_High_02.prefab using Guid(c9f09e6143140184b9783dcd9d665bc7) Importer(815301076,1909f56bfc062723c751e8b465ee728b) (PreviewImporter) -> (artifact id: '705ea24ecb15abc845c15b93871b7525') in 0.0175352 seconds
Number of updated asset objects reloaded before import = 0Number of asset objects unloaded after import = 15

========================================================================
Received Import Request.
  Time since last request: 0.492992 seconds.
  path: Assets/Synty/PolygonShops/Prefabs/Buildings/SM_Bld_Trim_Wall_High_02_Pillar_02.prefab
  artifactKey: Guid(55e2364c4795e3949894eb739943a7b4) Importer(815301076,1909f56bfc062723c751e8b465ee728b)
Start importing Assets/Synty/PolygonShops/Prefabs/Buildings/SM_Bld_Trim_Wall_High_02_Pillar_02.prefab using Guid(55e2364c4795e3949894eb739943a7b4) Importer(815301076,1909f56bfc062723c751e8b465ee728b) (PreviewImporter) -> (artifact id: '60207072629fc510ff19f4a4a669cca6') in 0.0169889 seconds
Number of updated asset objects reloaded before import = 0Number of asset objects unloaded after import = 15

========================================================================
Received Import Request.
  Time since last request: 0.014506 seconds.
  path: Assets/Synty/PolygonShops/Prefabs/Buildings/SM_Bld_Trim_Wall_High_03_Pillar_03.prefab
  artifactKey: Guid(f3805ae2842947b4b914df4cfd626278) Importer(815301076,1909f56bfc062723c751e8b465ee728b)
Start importing Assets/Synty/PolygonShops/Prefabs/Buildings/SM_Bld_Trim_Wall_High_03_Pillar_03.prefab using Guid(f3805ae2842947b4b914df4cfd626278) Importer(815301076,1909f56bfc062723c751e8b465ee728b) (PreviewImporter) -> (artifact id: '084662849eda7bc9753ad501f75fe308') in 0.0174423 seconds
Number of updated asset objects reloaded before import = 0Number of asset objects unloaded after import = 15

========================================================================
Received Import Request.
  Time since last request: 0.342130 seconds.
  path: Assets/Synty/PolygonShops/Prefabs/Buildings/SM_Bld_Trim_Wall_High_03_Pillar_05.prefab
  artifactKey: Guid(2b989f3d12997a646b4851470d84f699) Importer(815301076,1909f56bfc062723c751e8b465ee728b)
Start importing Assets/Synty/PolygonShops/Prefabs/Buildings/SM_Bld_Trim_Wall_High_03_Pillar_05.prefab using Guid(2b989f3d12997a646b4851470d84f699) Importer(815301076,1909f56bfc062723c751e8b465ee728b) (PreviewImporter) -> (artifact id: '3b214f2f8063dcae6a7d1ebb89fabe22') in 0.0174812 seconds
Number of updated asset objects reloaded before import = 0Number of asset objects unloaded after import = 15

========================================================================
Received Import Request.
  Time since last request: 0.000021 seconds.
  path: Assets/Synty/PolygonShops/Prefabs/Buildings/SM_Bld_Trim_Wall_High_04_Pillar_01.prefab
  artifactKey: Guid(5508c24d5db9bbc4da9a85f12ba8f456) Importer(815301076,1909f56bfc062723c751e8b465ee728b)
Start importing Assets/Synty/PolygonShops/Prefabs/Buildings/SM_Bld_Trim_Wall_High_04_Pillar_01.prefab using Guid(5508c24d5db9bbc4da9a85f12ba8f456) Importer(815301076,1909f56bfc062723c751e8b465ee728b) (PreviewImporter) -> (artifact id: '6c9fe6c366968d6058b9e7801203c449') in 0.0202475 seconds
Number of updated asset objects reloaded before import = 0Number of asset objects unloaded after import = 16

========================================================================
Received Import Request.
  Time since last request: 0.271282 seconds.
  path: Assets/Synty/PolygonShops/Prefabs/Buildings/SM_Bld_Trim_Wall_High_04_Pillar_03.prefab
  artifactKey: Guid(7893cac6be3bed54480ef5e814084160) Importer(815301076,1909f56bfc062723c751e8b465ee728b)
Start importing Assets/Synty/PolygonShops/Prefabs/Buildings/SM_Bld_Trim_Wall_High_04_Pillar_03.prefab using Guid(7893cac6be3bed54480ef5e814084160) Importer(815301076,1909f56bfc062723c751e8b465ee728b) (PreviewImporter) -> (artifact id: '443321809d9e72c10f9812b1576f16f1') in 0.0201961 seconds
Number of updated asset objects reloaded before import = 0Number of asset objects unloaded after import = 16

========================================================================
Received Import Request.
  Time since last request: 0.000021 seconds.
  path: Assets/Synty/PolygonShops/Prefabs/Buildings/SM_Bld_Trim_Wall_High_04_Pillar_05.prefab
  artifactKey: Guid(035094195baf0ed4d997810f710f3f9a) Importer(815301076,1909f56bfc062723c751e8b465ee728b)
Start importing Assets/Synty/PolygonShops/Prefabs/Buildings/SM_Bld_Trim_Wall_High_04_Pillar_05.prefab using Guid(035094195baf0ed4d997810f710f3f9a) Importer(815301076,1909f56bfc062723c751e8b465ee728b) (PreviewImporter) -> (artifact id: '01ab6a2a9af4a0e62ff8b1300c24a36e') in 0.0189879 seconds
Number of updated asset objects reloaded before import = 0Number of asset objects unloaded after import = 16

========================================================================
Received Import Request.
  Time since last request: 0.332756 seconds.
  path: Assets/Synty/PolygonShops/Prefabs/Buildings/SM_Bld_Trim_Wall_Low_01_Pillar_01.prefab
  artifactKey: Guid(48bb7580734a1dc4e84aaa51173b884f) Importer(815301076,1909f56bfc062723c751e8b465ee728b)
Start importing Assets/Synty/PolygonShops/Prefabs/Buildings/SM_Bld_Trim_Wall_Low_01_Pillar_01.prefab using Guid(48bb7580734a1dc4e84aaa51173b884f) Importer(815301076,1909f56bfc062723c751e8b465ee728b) (PreviewImporter) -> (artifact id: '95795b586eaef44ebf3e56bf1efd2519') in 0.0175925 seconds
Number of updated asset objects reloaded before import = 0Number of asset objects unloaded after import = 15

========================================================================
Received Import Request.
  Time since last request: 0.000025 seconds.
  path: Assets/Synty/PolygonShops/Prefabs/Buildings/SM_Bld_Trim_Wall_Low_01_Pillar_05.prefab
  artifactKey: Guid(ca514ef1ddeabcb438a3d0a5ab8034b3) Importer(815301076,1909f56bfc062723c751e8b465ee728b)
Start importing Assets/Synty/PolygonShops/Prefabs/Buildings/SM_Bld_Trim_Wall_Low_01_Pillar_05.prefab using Guid(ca514ef1ddeabcb438a3d0a5ab8034b3) Importer(815301076,1909f56bfc062723c751e8b465ee728b) (PreviewImporter) -> (artifact id: '7b4f0d8f61345961a69bc9c6e34bb82d') in 0.0218542 seconds
Number of updated asset objects reloaded before import = 0Number of asset objects unloaded after import = 15

========================================================================
Received Import Request.
  Time since last request: 0.295018 seconds.
  path: Assets/Synty/PolygonShops/Prefabs/Buildings/SM_Bld_Trim_Wall_Low_02_Pillar_03.prefab
  artifactKey: Guid(cb64238b1145ce14bad28b1461ce6c05) Importer(815301076,1909f56bfc062723c751e8b465ee728b)
Start importing Assets/Synty/PolygonShops/Prefabs/Buildings/SM_Bld_Trim_Wall_Low_02_Pillar_03.prefab using Guid(cb64238b1145ce14bad28b1461ce6c05) Importer(815301076,1909f56bfc062723c751e8b465ee728b) (PreviewImporter) -> (artifact id: '43f8ce6323f94cb933dcd349256354de') in 0.0166099 seconds
Number of updated asset objects reloaded before import = 0Number of asset objects unloaded after import = 15

========================================================================
Received Import Request.
  Time since last request: 0.000021 seconds.
  path: Assets/Synty/PolygonShops/Prefabs/Buildings/SM_Bld_Trim_Wall_Low_03_Pillar_01.prefab
  artifactKey: Guid(6e87c747a13636f43a83ad083b6014fb) Importer(815301076,1909f56bfc062723c751e8b465ee728b)
Start importing Assets/Synty/PolygonShops/Prefabs/Buildings/SM_Bld_Trim_Wall_Low_03_Pillar_01.prefab using Guid(6e87c747a13636f43a83ad083b6014fb) Importer(815301076,1909f56bfc062723c751e8b465ee728b) (PreviewImporter) -> (artifact id: '3cea6238d2a35caf50ac3dcc97745972') in 0.0215168 seconds
Number of updated asset objects reloaded before import = 0Number of asset objects unloaded after import = 15

========================================================================
Received Import Request.
  Time since last request: 0.154195 seconds.
  path: Assets/Synty/PolygonShops/Prefabs/Buildings/SM_Bld_Trim_Wall_Low_03_Pillar_03.prefab
  artifactKey: Guid(9e901c568f38d474f9396bbf3a5fb75a) Importer(815301076,1909f56bfc062723c751e8b465ee728b)
Start importing Assets/Synty/PolygonShops/Prefabs/Buildings/SM_Bld_Trim_Wall_Low_03_Pillar_03.prefab using Guid(9e901c568f38d474f9396bbf3a5fb75a) Importer(815301076,1909f56bfc062723c751e8b465ee728b) (PreviewImporter) -> (artifact id: '26a76491da365006fec7685dd9f10f03') in 0.0171627 seconds
Number of updated asset objects reloaded before import = 0Number of asset objects unloaded after import = 15

========================================================================
Received Import Request.
  Time since last request: 0.000029 seconds.
  path: Assets/Synty/PolygonShops/Prefabs/Buildings/SM_Bld_Wall_Booth_01.prefab
  artifactKey: Guid(6c64ada56fb8eb747b00becd46fc9000) Importer(815301076,1909f56bfc062723c751e8b465ee728b)
Start importing Assets/Synty/PolygonShops/Prefabs/Buildings/SM_Bld_Wall_Booth_01.prefab using Guid(6c64ada56fb8eb747b00becd46fc9000) Importer(815301076,1909f56bfc062723c751e8b465ee728b) (PreviewImporter) -> (artifact id: '9f475a524fb3716864b8e5233a32926a') in 0.0437345 seconds
Number of updated asset objects reloaded before import = 0Number of asset objects unloaded after import = 35

========================================================================
Received Import Request.
  Time since last request: 0.004777 seconds.
  path: Assets/Synty/PolygonShops/Prefabs/Buildings/SM_Bld_Wall_Shutter_02.prefab
  artifactKey: Guid(3e9225d9240483a47b1b1ecb31113987) Importer(815301076,1909f56bfc062723c751e8b465ee728b)
Start importing Assets/Synty/PolygonShops/Prefabs/Buildings/SM_Bld_Wall_Shutter_02.prefab using Guid(3e9225d9240483a47b1b1ecb31113987) Importer(815301076,1909f56bfc062723c751e8b465ee728b) (PreviewImporter) -> (artifact id: '39ddf37519b6cc072a2c8443d2d40924') in 0.063854 seconds
Number of updated asset objects reloaded before import = 0Number of asset objects unloaded after import = 24

========================================================================
Received Import Request.
  Time since last request: 0.000022 seconds.
  path: Assets/Synty/PolygonShops/Prefabs/Buildings/SM_Bld_Wall_Window_Old_01.prefab
  artifactKey: Guid(59115f1d8a4c2814691fb5a385f75a65) Importer(815301076,1909f56bfc062723c751e8b465ee728b)
Start importing Assets/Synty/PolygonShops/Prefabs/Buildings/SM_Bld_Wall_Window_Old_01.prefab using Guid(59115f1d8a4c2814691fb5a385f75a65) Importer(815301076,1909f56bfc062723c751e8b465ee728b) (PreviewImporter) -> (artifact id: 'cf38c4951d1d0eee529bcd9604609d4c') in 0.026043 seconds
Number of updated asset objects reloaded before import = 0Number of asset objects unloaded after import = 24

========================================================================
Received Import Request.
  Time since last request: 0.062650 seconds.
  path: Assets/Synty/PolygonShops/Prefabs/Buildings/SM_Bld_Window_Poster_Inside_02.prefab
  artifactKey: Guid(bbbc3674a93bc5148bdf9baf44335e31) Importer(815301076,1909f56bfc062723c751e8b465ee728b)
Start importing Assets/Synty/PolygonShops/Prefabs/Buildings/SM_Bld_Window_Poster_Inside_02.prefab using Guid(bbbc3674a93bc5148bdf9baf44335e31) Importer(815301076,1909f56bfc062723c751e8b465ee728b) (PreviewImporter) -> (artifact id: '2a6d386fba0fe612e272bd46c13d5262') in 0.0360596 seconds
Number of updated asset objects reloaded before import = 0Number of asset objects unloaded after import = 15

========================================================================
Received Import Request.
  Time since last request: 0.033732 seconds.
  path: Assets/Synty/PolygonShops/Prefabs/Buildings/SM_Bld_Window_Poster_Inside_04.prefab
  artifactKey: Guid(4478d144bde403c468ceb064f8c6673f) Importer(815301076,1909f56bfc062723c751e8b465ee728b)
Start importing Assets/Synty/PolygonShops/Prefabs/Buildings/SM_Bld_Window_Poster_Inside_04.prefab using Guid(4478d144bde403c468ceb064f8c6673f) Importer(815301076,1909f56bfc062723c751e8b465ee728b) (PreviewImporter) -> (artifact id: 'be98fab3ff9dadf098ad66588e8be8bf') in 0.0241214 seconds
Number of updated asset objects reloaded before import = 0Number of asset objects unloaded after import = 15

========================================================================
Received Import Request.
  Time since last request: 0.800550 seconds.
  path: Assets/Synty/PolygonShops/Prefabs/Buildings/SM_Bld_Window_Poster_Inside_06.prefab
  artifactKey: Guid(65aa9096762c10449b946c3bc126d3cd) Importer(815301076,1909f56bfc062723c751e8b465ee728b)
Start importing Assets/Synty/PolygonShops/Prefabs/Buildings/SM_Bld_Window_Poster_Inside_06.prefab using Guid(65aa9096762c10449b946c3bc126d3cd) Importer(815301076,1909f56bfc062723c751e8b465ee728b) (PreviewImporter) -> (artifact id: 'df5901b35bfa71cda63673816499722b') in 0.0310952 seconds
Number of updated asset objects reloaded before import = 0Number of asset objects unloaded after import = 15

========================================================================
Received Import Request.
  Time since last request: 0.823853 seconds.
  path: Assets/Synty/PolygonShops/Prefabs/Buildings/SM_Bld_Window_Poster_Outside_01.prefab
  artifactKey: Guid(933149f41fc07fb44b24f3164004883f) Importer(815301076,1909f56bfc062723c751e8b465ee728b)
Start importing Assets/Synty/PolygonShops/Prefabs/Buildings/SM_Bld_Window_Poster_Outside_01.prefab using Guid(933149f41fc07fb44b24f3164004883f) Importer(815301076,1909f56bfc062723c751e8b465ee728b) (PreviewImporter) -> (artifact id: '42b2b79c99e83dc4d7099c7478067e2c') in 0.0231947 seconds
Number of updated asset objects reloaded before import = 0Number of asset objects unloaded after import = 15

========================================================================
Received Import Request.
  Time since last request: 0.000020 seconds.
  path: Assets/Synty/PolygonShops/Prefabs/Buildings/SM_Bld_Window_Poster_Outside_03.prefab
  artifactKey: Guid(091e2d6f5b747144da72d9dce472c77e) Importer(815301076,1909f56bfc062723c751e8b465ee728b)
Start importing Assets/Synty/PolygonShops/Prefabs/Buildings/SM_Bld_Window_Poster_Outside_03.prefab using Guid(091e2d6f5b747144da72d9dce472c77e) Importer(815301076,1909f56bfc062723c751e8b465ee728b) (PreviewImporter) -> (artifact id: 'de09adc9bd153950b024113de2ac5385') in 0.0234955 seconds
Number of updated asset objects reloaded before import = 0Number of asset objects unloaded after import = 15

========================================================================
Received Import Request.
  Time since last request: 0.004432 seconds.
  path: Assets/Synty/PolygonShops/Prefabs/Buildings/SM_Bld_Window_Poster_Outside_05.prefab
  artifactKey: Guid(5bb86dd3685c26b489e0bcba64da51b5) Importer(815301076,1909f56bfc062723c751e8b465ee728b)
Start importing Assets/Synty/PolygonShops/Prefabs/Buildings/SM_Bld_Window_Poster_Outside_05.prefab using Guid(5bb86dd3685c26b489e0bcba64da51b5) Importer(815301076,1909f56bfc062723c751e8b465ee728b) (PreviewImporter) -> (artifact id: 'fbeafae25de15e846aa9c82c2ac112e2') in 0.0244046 seconds
Number of updated asset objects reloaded before import = 0Number of asset objects unloaded after import = 15

========================================================================
Received Import Request.
  Time since last request: 0.343267 seconds.
  path: Assets/Synty/PolygonShops/Prefabs/Buildings/SM_Bld_Window_Poster_Outside_07.prefab
  artifactKey: Guid(24076f2f8d63b0f46ad8bc5e449ea865) Importer(815301076,1909f56bfc062723c751e8b465ee728b)
Start importing Assets/Synty/PolygonShops/Prefabs/Buildings/SM_Bld_Window_Poster_Outside_07.prefab using Guid(24076f2f8d63b0f46ad8bc5e449ea865) Importer(815301076,1909f56bfc062723c751e8b465ee728b) (PreviewImporter) -> (artifact id: 'e2f2022a98a44cb7c34e262eef66228e') in 0.0214132 seconds
Number of updated asset objects reloaded before import = 0Number of asset objects unloaded after import = 15

========================================================================
Received Import Request.
  Time since last request: 23.295216 seconds.
  path: Assets/Synty/PolygonShops/Prefabs/FX/FX_Escalator_Preset_01.prefab
  artifactKey: Guid(87153d3349aa9aa4791c1fdbf0e08ff7) Importer(815301076,1909f56bfc062723c751e8b465ee728b)
Start importing Assets/Synty/PolygonShops/Prefabs/FX/FX_Escalator_Preset_01.prefab using Guid(87153d3349aa9aa4791c1fdbf0e08ff7) Importer(815301076,1909f56bfc062723c751e8b465ee728b) (PreviewImporter) -> (artifact id: '763d2eb3edb9647cfd5f2af50d1ca93e') in 0.0230707 seconds
Number of updated asset objects reloaded before import = 0Number of asset objects unloaded after import = 50

========================================================================
Received Import Request.
  Time since last request: 0.246647 seconds.
  path: Assets/Synty/PolygonShops/Prefabs/Food/SM_Prop_Food_Apple_01.prefab
  artifactKey: Guid(b163d20bba821aa4b81d40ed68997567) Importer(815301076,1909f56bfc062723c751e8b465ee728b)
Start importing Assets/Synty/PolygonShops/Prefabs/Food/SM_Prop_Food_Apple_01.prefab using Guid(b163d20bba821aa4b81d40ed68997567) Importer(815301076,1909f56bfc062723c751e8b465ee728b) (PreviewImporter) -> (artifact id: '42645de326a238118b50580c4fa8cae9') in 0.0258397 seconds
Number of updated asset objects reloaded before import = 0Number of asset objects unloaded after import = 17

========================================================================
Received Import Request.
  Time since last request: 0.000020 seconds.
  path: Assets/Synty/PolygonShops/Prefabs/Food/SM_Prop_Food_Bacon_Cooked_01.prefab
  artifactKey: Guid(3f49f950ba5f04c4499e36d2e54b010c) Importer(815301076,1909f56bfc062723c751e8b465ee728b)
Start importing Assets/Synty/PolygonShops/Prefabs/Food/SM_Prop_Food_Bacon_Cooked_01.prefab using Guid(3f49f950ba5f04c4499e36d2e54b010c) Importer(815301076,1909f56bfc062723c751e8b465ee728b) (PreviewImporter) -> (artifact id: '6942be657fc5ed91097feaf2fae3b1d0') in 0.0235011 seconds
Number of updated asset objects reloaded before import = 0Number of asset objects unloaded after import = 17

========================================================================
Received Import Request.
  Time since last request: 0.000020 seconds.
  path: Assets/Synty/PolygonShops/Prefabs/Food/SM_Prop_Food_Baguette_01.prefab
  artifactKey: Guid(c56aba01dc92cdf47a56bed41adaa22d) Importer(815301076,1909f56bfc062723c751e8b465ee728b)
Start importing Assets/Synty/PolygonShops/Prefabs/Food/SM_Prop_Food_Baguette_01.prefab using Guid(c56aba01dc92cdf47a56bed41adaa22d) Importer(815301076,1909f56bfc062723c751e8b465ee728b) (PreviewImporter) -> (artifact id: 'b183d61ba7907bf26cf13a3cec295fb5') in 0.0307612 seconds
Number of updated asset objects reloaded before import = 0Number of asset objects unloaded after import = 17

========================================================================
Received Import Request.
  Time since last request: 0.000024 seconds.
  path: Assets/Synty/PolygonShops/Prefabs/Food/SM_Prop_Food_Banana_01.prefab
  artifactKey: Guid(8a9a33f15171d35428af6eb35bbcf952) Importer(815301076,1909f56bfc062723c751e8b465ee728b)
Start importing Assets/Synty/PolygonShops/Prefabs/Food/SM_Prop_Food_Banana_01.prefab using Guid(8a9a33f15171d35428af6eb35bbcf952) Importer(815301076,1909f56bfc062723c751e8b465ee728b) (PreviewImporter) -> (artifact id: '1edb8adfa93b01734422506130d3442d') in 0.0307627 seconds
Number of updated asset objects reloaded before import = 0Number of asset objects unloaded after import = 17

========================================================================
Received Import Request.
  Time since last request: 0.000034 seconds.
  path: Assets/Synty/PolygonShops/Prefabs/Food/SM_Prop_Food_Bagel_01.prefab
  artifactKey: Guid(90050ae07a32966429c4fc8f066dde11) Importer(815301076,1909f56bfc062723c751e8b465ee728b)
Start importing Assets/Synty/PolygonShops/Prefabs/Food/SM_Prop_Food_Bagel_01.prefab using Guid(90050ae07a32966429c4fc8f066dde11) Importer(815301076,1909f56bfc062723c751e8b465ee728b) (PreviewImporter) -> (artifact id: '8bc40a7da085a4dd15333a0eab04eca8') in 0.0467244 seconds
Number of updated asset objects reloaded before import = 0Number of asset objects unloaded after import = 17

========================================================================
Received Import Request.
  Time since last request: 0.406079 seconds.
  path: Assets/Synty/PolygonShops/Prefabs/Food/SM_Prop_Food_Bun_Cut_01.prefab
  artifactKey: Guid(d15ac1f6706b2c64cb6e2922d374f4d0) Importer(815301076,1909f56bfc062723c751e8b465ee728b)
Start importing Assets/Synty/PolygonShops/Prefabs/Food/SM_Prop_Food_Bun_Cut_01.prefab using Guid(d15ac1f6706b2c64cb6e2922d374f4d0) Importer(815301076,1909f56bfc062723c751e8b465ee728b) (PreviewImporter) -> (artifact id: '2543f19b017cd6866fd9c7e48de8ac4b') in 0.0240555 seconds
Number of updated asset objects reloaded before import = 0Number of asset objects unloaded after import = 17

========================================================================
Received Import Request.
  Time since last request: 0.000020 seconds.
  path: Assets/Synty/PolygonShops/Prefabs/Food/SM_Prop_Food_Bun_Top_02.prefab
  artifactKey: Guid(67250fd3ccb35e942ba0758fad4fe158) Importer(815301076,1909f56bfc062723c751e8b465ee728b)
Start importing Assets/Synty/PolygonShops/Prefabs/Food/SM_Prop_Food_Bun_Top_02.prefab using Guid(67250fd3ccb35e942ba0758fad4fe158) Importer(815301076,1909f56bfc062723c751e8b465ee728b) (PreviewImporter) -> (artifact id: 'aba03f1235eaa7d7f437172c74055e9d') in 0.043896 seconds
Number of updated asset objects reloaded before import = 0Number of asset objects unloaded after import = 17

========================================================================
Received Import Request.
  Time since last request: 0.645086 seconds.
  path: Assets/Synty/PolygonShops/Prefabs/Food/SM_Prop_Food_Burger_04.prefab
  artifactKey: Guid(7df4db953652b744ab073100b1e49418) Importer(815301076,1909f56bfc062723c751e8b465ee728b)
Start importing Assets/Synty/PolygonShops/Prefabs/Food/SM_Prop_Food_Burger_04.prefab using Guid(7df4db953652b744ab073100b1e49418) Importer(815301076,1909f56bfc062723c751e8b465ee728b) (PreviewImporter) -> (artifact id: 'b2fe880e39d99bfae6a7826409133692') in 0.0321179 seconds
Number of updated asset objects reloaded before import = 0Number of asset objects unloaded after import = 17

========================================================================
Received Import Request.
  Time since last request: 0.000018 seconds.
  path: Assets/Synty/PolygonShops/Prefabs/Food/SM_Prop_Food_Burger_Wrapped_01.prefab
  artifactKey: Guid(5c4b114d3d0da064eaf3c859596dec06) Importer(815301076,1909f56bfc062723c751e8b465ee728b)
Start importing Assets/Synty/PolygonShops/Prefabs/Food/SM_Prop_Food_Burger_Wrapped_01.prefab using Guid(5c4b114d3d0da064eaf3c859596dec06) Importer(815301076,1909f56bfc062723c751e8b465ee728b) (PreviewImporter) -> (artifact id: '7576ad6b6e6bbe2662f5b46970b5f9cd') in 0.0428755 seconds
Number of updated asset objects reloaded before import = 0Number of asset objects unloaded after import = 17

========================================================================
Received Import Request.
  Time since last request: 18.285891 seconds.
  path: Assets/Synty/PolygonShops/Prefabs/Food/SM_Prop_Food_Cake_01_Cut.prefab
  artifactKey: Guid(33d687c7c2fa2c34dac3ae2bae889fc5) Importer(815301076,1909f56bfc062723c751e8b465ee728b)
Start importing Assets/Synty/PolygonShops/Prefabs/Food/SM_Prop_Food_Cake_01_Cut.prefab using Guid(33d687c7c2fa2c34dac3ae2bae889fc5) Importer(815301076,1909f56bfc062723c751e8b465ee728b) (PreviewImporter) -> (artifact id: '31c2a9dd24597055029e99e3d1d0afb6') in 0.022598 seconds
Number of updated asset objects reloaded before import = 0Number of asset objects unloaded after import = 17

========================================================================
Received Import Request.
  Time since last request: 0.279010 seconds.
  path: Assets/Synty/PolygonShops/Prefabs/Food/SM_Prop_Food_Cake_02_Cut.prefab
  artifactKey: Guid(9845113ceb32ff04481d66f9e7dff040) Importer(815301076,1909f56bfc062723c751e8b465ee728b)
Start importing Assets/Synty/PolygonShops/Prefabs/Food/SM_Prop_Food_Cake_02_Cut.prefab using Guid(9845113ceb32ff04481d66f9e7dff040) Importer(815301076,1909f56bfc062723c751e8b465ee728b) (PreviewImporter) -> (artifact id: 'f15bdb929e87b2004ede44cc8e675cb7') in 0.0231456 seconds
Number of updated asset objects reloaded before import = 0Number of asset objects unloaded after import = 17

========================================================================
Received Import Request.
  Time since last request: 0.000022 seconds.
  path: Assets/Synty/PolygonShops/Prefabs/Food/SM_Prop_Food_Cake_03_Cut.prefab
  artifactKey: Guid(3a8c44fe2156c9d40be6a5a40d0b036f) Importer(815301076,1909f56bfc062723c751e8b465ee728b)
Start importing Assets/Synty/PolygonShops/Prefabs/Food/SM_Prop_Food_Cake_03_Cut.prefab using Guid(3a8c44fe2156c9d40be6a5a40d0b036f) Importer(815301076,1909f56bfc062723c751e8b465ee728b) (PreviewImporter) -> (artifact id: 'da07ddd85a63a3b3a9cd273d7f1469a7') in 0.0218096 seconds
Number of updated asset objects reloaded before import = 0Number of asset objects unloaded after import = 17

========================================================================
Received Import Request.
  Time since last request: 0.000019 seconds.
  path: Assets/Synty/PolygonShops/Prefabs/Food/SM_Prop_Food_Cake_05.prefab
  artifactKey: Guid(26a83ae366ef2a64aa796ac2727ca88a) Importer(815301076,1909f56bfc062723c751e8b465ee728b)
Start importing Assets/Synty/PolygonShops/Prefabs/Food/SM_Prop_Food_Cake_05.prefab using Guid(26a83ae366ef2a64aa796ac2727ca88a) Importer(815301076,1909f56bfc062723c751e8b465ee728b) (PreviewImporter) -> (artifact id: '8ee21ad6a9a0140ba83433f4047692a4') in 0.0225401 seconds
Number of updated asset objects reloaded before import = 0Number of asset objects unloaded after import = 17

========================================================================
Received Import Request.
  Time since last request: 0.432431 seconds.
  path: Assets/Synty/PolygonShops/Prefabs/Food/SM_Prop_Food_Cake_05_Cut.prefab
  artifactKey: Guid(63d62c1cb2e1f0b4caf0ed80a3600999) Importer(815301076,1909f56bfc062723c751e8b465ee728b)
Start importing Assets/Synty/PolygonShops/Prefabs/Food/SM_Prop_Food_Cake_05_Cut.prefab using Guid(63d62c1cb2e1f0b4caf0ed80a3600999) Importer(815301076,1909f56bfc062723c751e8b465ee728b) (PreviewImporter) -> (artifact id: '7fff77a74e0ea8d2df305b2e94b6129a') in 0.0339322 seconds
Number of updated asset objects reloaded before import = 0Number of asset objects unloaded after import = 17

========================================================================
Received Import Request.
  Time since last request: 0.365694 seconds.
  path: Assets/Synty/PolygonShops/Prefabs/Food/SM_Prop_Food_Cake_07.prefab
  artifactKey: Guid(8a644ba28166cfa4490a20349360b8ab) Importer(815301076,1909f56bfc062723c751e8b465ee728b)
Start importing Assets/Synty/PolygonShops/Prefabs/Food/SM_Prop_Food_Cake_07.prefab using Guid(8a644ba28166cfa4490a20349360b8ab) Importer(815301076,1909f56bfc062723c751e8b465ee728b) (PreviewImporter) -> (artifact id: '0fcf19e5a49c55e52ef7b0d16b2dffc0') in 0.029778 seconds
Number of updated asset objects reloaded before import = 0Number of asset objects unloaded after import = 17

========================================================================
Received Import Request.
  Time since last request: 0.000022 seconds.
  path: Assets/Synty/PolygonShops/Prefabs/Food/SM_Prop_Food_Cake_Slice_02.prefab
  artifactKey: Guid(9ad4e84173c81394091827393ec4cf97) Importer(815301076,1909f56bfc062723c751e8b465ee728b)
Start importing Assets/Synty/PolygonShops/Prefabs/Food/SM_Prop_Food_Cake_Slice_02.prefab using Guid(9ad4e84173c81394091827393ec4cf97) Importer(815301076,1909f56bfc062723c751e8b465ee728b) (PreviewImporter) -> (artifact id: '3d325e1403c5d458f6b4369b09fd95cf') in 0.0327162 seconds
Number of updated asset objects reloaded before import = 0Number of asset objects unloaded after import = 17

========================================================================
Received Import Request.
  Time since last request: 0.344829 seconds.
  path: Assets/Synty/PolygonShops/Prefabs/Food/SM_Prop_Food_Cake_Slice_04.prefab
  artifactKey: Guid(59b229b333aab0a44bfc78d70452a037) Importer(815301076,1909f56bfc062723c751e8b465ee728b)
Start importing Assets/Synty/PolygonShops/Prefabs/Food/SM_Prop_Food_Cake_Slice_04.prefab using Guid(59b229b333aab0a44bfc78d70452a037) Importer(815301076,1909f56bfc062723c751e8b465ee728b) (PreviewImporter) -> (artifact id: '51a1532207490d6126946c64af618d50') in 0.0255047 seconds
Number of updated asset objects reloaded before import = 0Number of asset objects unloaded after import = 17

========================================================================
Received Import Request.
  Time since last request: 0.000020 seconds.
  path: Assets/Synty/PolygonShops/Prefabs/Food/SM_Prop_Food_Carrot_01.prefab
  artifactKey: Guid(c7f7249adf184c9468622fe3d52213bc) Importer(815301076,1909f56bfc062723c751e8b465ee728b)
Start importing Assets/Synty/PolygonShops/Prefabs/Food/SM_Prop_Food_Carrot_01.prefab using Guid(c7f7249adf184c9468622fe3d52213bc) Importer(815301076,1909f56bfc062723c751e8b465ee728b) (PreviewImporter) -> (artifact id: '2e8a05d505d44c3623c3a665cf0aa78d') in 0.0239672 seconds
Number of updated asset objects reloaded before import = 0Number of asset objects unloaded after import = 17

========================================================================
Received Import Request.
  Time since last request: 0.525069 seconds.
  path: Assets/Synty/PolygonShops/Prefabs/Food/SM_Prop_Food_Cheese_Slice_01.prefab
  artifactKey: Guid(7379af6e63cd13b439b0944691b31932) Importer(815301076,1909f56bfc062723c751e8b465ee728b)
Start importing Assets/Synty/PolygonShops/Prefabs/Food/SM_Prop_Food_Cheese_Slice_01.prefab using Guid(7379af6e63cd13b439b0944691b31932) Importer(815301076,1909f56bfc062723c751e8b465ee728b) (PreviewImporter) -> (artifact id: 'af6284b6a88c8e1ccb2f10de132ec4ad') in 0.0241008 seconds
Number of updated asset objects reloaded before import = 0Number of asset objects unloaded after import = 17

========================================================================
Received Import Request.
  Time since last request: 0.000022 seconds.
  path: Assets/Synty/PolygonShops/Prefabs/Food/SM_Prop_Food_Cheese_Stack_02.prefab
  artifactKey: Guid(f84f10d1ddfeeb441a8df9622b805d3e) Importer(815301076,1909f56bfc062723c751e8b465ee728b)
Start importing Assets/Synty/PolygonShops/Prefabs/Food/SM_Prop_Food_Cheese_Stack_02.prefab using Guid(f84f10d1ddfeeb441a8df9622b805d3e) Importer(815301076,1909f56bfc062723c751e8b465ee728b) (PreviewImporter) -> (artifact id: '758c1f3390b903fc1dd8604587886113') in 0.0365429 seconds
Number of updated asset objects reloaded before import = 0Number of asset objects unloaded after import = 17

========================================================================
Received Import Request.
  Time since last request: 0.000030 seconds.
  path: Assets/Synty/PolygonShops/Prefabs/Food/SM_Prop_Food_Chicken_Breast_Cooked_01_Cut_01.prefab
  artifactKey: Guid(75669af44ceca4a40b2b86d5bdbb562f) Importer(815301076,1909f56bfc062723c751e8b465ee728b)
Start importing Assets/Synty/PolygonShops/Prefabs/Food/SM_Prop_Food_Chicken_Breast_Cooked_01_Cut_01.prefab using Guid(75669af44ceca4a40b2b86d5bdbb562f) Importer(815301076,1909f56bfc062723c751e8b465ee728b) (PreviewImporter) -> (artifact id: '2e5b71535b67d4c841a57a79a9981d29') in 0.0291405 seconds
Number of updated asset objects reloaded before import = 0Number of asset objects unloaded after import = 17

========================================================================
Received Import Request.
  Time since last request: 0.573743 seconds.
  path: Assets/Synty/PolygonShops/Prefabs/Food/SM_Prop_Food_Chicken_Breast_Cooked_02_Cut_01.prefab
  artifactKey: Guid(2a115fa96884db04fa9f8f2c2a942e72) Importer(815301076,1909f56bfc062723c751e8b465ee728b)
Start importing Assets/Synty/PolygonShops/Prefabs/Food/SM_Prop_Food_Chicken_Breast_Cooked_02_Cut_01.prefab using Guid(2a115fa96884db04fa9f8f2c2a942e72) Importer(815301076,1909f56bfc062723c751e8b465ee728b) (PreviewImporter) -> (artifact id: 'f466a328e7b01591fac0dbdfbf1df5b7') in 0.025135 seconds
Number of updated asset objects reloaded before import = 0Number of asset objects unloaded after import = 17

========================================================================
Received Import Request.
  Time since last request: 0.000027 seconds.
  path: Assets/Synty/PolygonShops/Prefabs/Food/SM_Prop_Food_Chicken_Leg_Burnt_01.prefab
  artifactKey: Guid(6704ef75bfaa8e14ebc2925f47c7aa71) Importer(815301076,1909f56bfc062723c751e8b465ee728b)
Start importing Assets/Synty/PolygonShops/Prefabs/Food/SM_Prop_Food_Chicken_Leg_Burnt_01.prefab using Guid(6704ef75bfaa8e14ebc2925f47c7aa71) Importer(815301076,1909f56bfc062723c751e8b465ee728b) (PreviewImporter) -> (artifact id: 'a75d36d980f80edce03cf6ff12b1b1b6') in 0.0283095 seconds
Number of updated asset objects reloaded before import = 0Number of asset objects unloaded after import = 17

========================================================================
Received Import Request.
  Time since last request: 0.000033 seconds.
  path: Assets/Synty/PolygonShops/Prefabs/Food/SM_Prop_Food_Chicken_Pile_02.prefab
  artifactKey: Guid(495bd718985bf8b4e971a1f449cbdf5f) Importer(815301076,1909f56bfc062723c751e8b465ee728b)
Start importing Assets/Synty/PolygonShops/Prefabs/Food/SM_Prop_Food_Chicken_Pile_02.prefab using Guid(495bd718985bf8b4e971a1f449cbdf5f) Importer(815301076,1909f56bfc062723c751e8b465ee728b) (PreviewImporter) -> (artifact id: '30d7ec4ab4e8c07336d10d218c68d443') in 0.0344204 seconds
Number of updated asset objects reloaded before import = 0Number of asset objects unloaded after import = 17

========================================================================
Received Import Request.
  Time since last request: 25.582120 seconds.
  path: Assets/Synty/PolygonShops/Prefabs/Food/SM_Prop_Food_Chicken_Whole_Raw_01.prefab
  artifactKey: Guid(7f1c49c04856cf848867c7757ca7a6aa) Importer(815301076,1909f56bfc062723c751e8b465ee728b)
Start importing Assets/Synty/PolygonShops/Prefabs/Food/SM_Prop_Food_Chicken_Whole_Raw_01.prefab using Guid(7f1c49c04856cf848867c7757ca7a6aa) Importer(815301076,1909f56bfc062723c751e8b465ee728b) (PreviewImporter) -> (artifact id: '9159065a5c6ac507b1557a501ed1dd5d') in 0.0252431 seconds
Number of updated asset objects reloaded before import = 0Number of asset objects unloaded after import = 17

========================================================================
Received Import Request.
  Time since last request: 0.316971 seconds.
  path: Assets/Synty/PolygonShops/Prefabs/Food/SM_Prop_Food_Chicken_Wing_Cooked_01.prefab
  artifactKey: Guid(3fcda8499dec97141b24e4eea6e4422d) Importer(815301076,1909f56bfc062723c751e8b465ee728b)
Start importing Assets/Synty/PolygonShops/Prefabs/Food/SM_Prop_Food_Chicken_Wing_Cooked_01.prefab using Guid(3fcda8499dec97141b24e4eea6e4422d) Importer(815301076,1909f56bfc062723c751e8b465ee728b) (PreviewImporter) -> (artifact id: '74475f89bc943abc3a94619bd14edef1') in 0.021764 seconds
Number of updated asset objects reloaded before import = 0Number of asset objects unloaded after import = 17

========================================================================
Received Import Request.
  Time since last request: 0.000020 seconds.
  path: Assets/Synty/PolygonShops/Prefabs/Food/SM_Prop_Food_Cinnamon_Roll_01.prefab
  artifactKey: Guid(5c83fb2e50f7dd745a77952e39cda083) Importer(815301076,1909f56bfc062723c751e8b465ee728b)
Start importing Assets/Synty/PolygonShops/Prefabs/Food/SM_Prop_Food_Cinnamon_Roll_01.prefab using Guid(5c83fb2e50f7dd745a77952e39cda083) Importer(815301076,1909f56bfc062723c751e8b465ee728b) (PreviewImporter) -> (artifact id: '991f6357fc40899e4f246a26002f6edd') in 0.0221784 seconds
Number of updated asset objects reloaded before import = 0Number of asset objects unloaded after import = 17

========================================================================
Received Import Request.
  Time since last request: 0.777122 seconds.
  path: Assets/Synty/PolygonShops/Prefabs/Food/SM_Prop_Food_Cookie_02.prefab
  artifactKey: Guid(584f73e1eee088c40b48fd731df8860d) Importer(815301076,1909f56bfc062723c751e8b465ee728b)
Start importing Assets/Synty/PolygonShops/Prefabs/Food/SM_Prop_Food_Cookie_02.prefab using Guid(584f73e1eee088c40b48fd731df8860d) Importer(815301076,1909f56bfc062723c751e8b465ee728b) (PreviewImporter) -> (artifact id: '8a9c17c3676286ab0583678fa1820bc1') in 0.0229148 seconds
Number of updated asset objects reloaded before import = 0Number of asset objects unloaded after import = 17

========================================================================
Received Import Request.
  Time since last request: 0.000019 seconds.
  path: Assets/Synty/PolygonShops/Prefabs/Food/SM_Prop_Food_Creamtube_01.prefab
  artifactKey: Guid(00384ba8f37e957408afd2c9bbf0878f) Importer(815301076,1909f56bfc062723c751e8b465ee728b)
Start importing Assets/Synty/PolygonShops/Prefabs/Food/SM_Prop_Food_Creamtube_01.prefab using Guid(00384ba8f37e957408afd2c9bbf0878f) Importer(815301076,1909f56bfc062723c751e8b465ee728b) (PreviewImporter) -> (artifact id: '59d7e383b25836090363d1e8ef20c720') in 0.0228223 seconds
Number of updated asset objects reloaded before import = 0Number of asset objects unloaded after import = 17

========================================================================
Received Import Request.
  Time since last request: 0.000023 seconds.
  path: Assets/Synty/PolygonShops/Prefabs/Food/SM_Prop_Food_Cucumber_01.prefab
  artifactKey: Guid(9376a8f96bdf08b449d8d88fa831efaf) Importer(815301076,1909f56bfc062723c751e8b465ee728b)
Start importing Assets/Synty/PolygonShops/Prefabs/Food/SM_Prop_Food_Cucumber_01.prefab using Guid(9376a8f96bdf08b449d8d88fa831efaf) Importer(815301076,1909f56bfc062723c751e8b465ee728b) (PreviewImporter) -> (artifact id: 'bb5da58b1ca7670f6d22a67483add09d') in 0.0221002 seconds
Number of updated asset objects reloaded before import = 0Number of asset objects unloaded after import = 17

========================================================================
Received Import Request.
  Time since last request: 0.288911 seconds.
  path: Assets/Synty/PolygonShops/Prefabs/Food/SM_Prop_Food_Cup_02.prefab
  artifactKey: Guid(467d05ea841bf8949b3578d8fc02707c) Importer(815301076,1909f56bfc062723c751e8b465ee728b)
Start importing Assets/Synty/PolygonShops/Prefabs/Food/SM_Prop_Food_Cup_02.prefab using Guid(467d05ea841bf8949b3578d8fc02707c) Importer(815301076,1909f56bfc062723c751e8b465ee728b) (PreviewImporter) -> (artifact id: 'f578aa180ff81d8216aa043ac783c208') in 0.0220706 seconds
Number of updated asset objects reloaded before import = 0Number of asset objects unloaded after import = 17

========================================================================
Received Import Request.
  Time since last request: 0.000019 seconds.
  path: Assets/Synty/PolygonShops/Prefabs/Food/SM_Prop_Food_Cup_05.prefab
  artifactKey: Guid(3948f9b62a0e7cf40b9e17f8be7bca6d) Importer(815301076,1909f56bfc062723c751e8b465ee728b)
Start importing Assets/Synty/PolygonShops/Prefabs/Food/SM_Prop_Food_Cup_05.prefab using Guid(3948f9b62a0e7cf40b9e17f8be7bca6d) Importer(815301076,1909f56bfc062723c751e8b465ee728b) (PreviewImporter) -> (artifact id: '5a7e3864f94ad3c25de9a5d76e2c0975') in 0.0209512 seconds
Number of updated asset objects reloaded before import = 0Number of asset objects unloaded after import = 17

========================================================================
Received Import Request.
  Time since last request: 0.330252 seconds.
  path: Assets/Synty/PolygonShops/Prefabs/Food/SM_Prop_Food_Cup_Full_01.prefab
  artifactKey: Guid(4dde863e1a2be684aa82c1672a466a8d) Importer(815301076,1909f56bfc062723c751e8b465ee728b)
Start importing Assets/Synty/PolygonShops/Prefabs/Food/SM_Prop_Food_Cup_Full_01.prefab using Guid(4dde863e1a2be684aa82c1672a466a8d) Importer(815301076,1909f56bfc062723c751e8b465ee728b) (PreviewImporter) -> (artifact id: '11a77cac411f642bd6708515705dae69') in 0.0212154 seconds
Number of updated asset objects reloaded before import = 0Number of asset objects unloaded after import = 17

========================================================================
Received Import Request.
  Time since last request: 0.000021 seconds.
  path: Assets/Synty/PolygonShops/Prefabs/Food/SM_Prop_Food_Cupcake_02.prefab
  artifactKey: Guid(b658db8dfc262434995c4ce39180652b) Importer(815301076,1909f56bfc062723c751e8b465ee728b)
Start importing Assets/Synty/PolygonShops/Prefabs/Food/SM_Prop_Food_Cupcake_02.prefab using Guid(b658db8dfc262434995c4ce39180652b) Importer(815301076,1909f56bfc062723c751e8b465ee728b) (PreviewImporter) -> (artifact id: 'f567ba1952580b037be4e90b3a8ce631') in 0.02067 seconds
Number of updated asset objects reloaded before import = 0Number of asset objects unloaded after import = 17

========================================================================
Received Import Request.
  Time since last request: 6.593369 seconds.
  path: Assets/Synty/PolygonShops/Prefabs/Food/SM_Prop_Food_Donut_02.prefab
  artifactKey: Guid(2e23dc5c3bd5134479fa7dfe4468fbf0) Importer(815301076,1909f56bfc062723c751e8b465ee728b)
Start importing Assets/Synty/PolygonShops/Prefabs/Food/SM_Prop_Food_Donut_02.prefab using Guid(2e23dc5c3bd5134479fa7dfe4468fbf0) Importer(815301076,1909f56bfc062723c751e8b465ee728b) (PreviewImporter) -> (artifact id: '1078c3a604ccfd2be8e62526b097769a') in 0.023765 seconds
Number of updated asset objects reloaded before import = 0Number of asset objects unloaded after import = 17

========================================================================
Received Import Request.
  Time since last request: 0.000024 seconds.
  path: Assets/Synty/PolygonShops/Prefabs/Food/SM_Prop_Food_Donut_04.prefab
  artifactKey: Guid(5a04857f88a628c49b9e297074fa6eb7) Importer(815301076,1909f56bfc062723c751e8b465ee728b)
Start importing Assets/Synty/PolygonShops/Prefabs/Food/SM_Prop_Food_Donut_04.prefab using Guid(5a04857f88a628c49b9e297074fa6eb7) Importer(815301076,1909f56bfc062723c751e8b465ee728b) (PreviewImporter) -> (artifact id: '3e1e23213656fdc800f43ac940bd1736') in 0.0262823 seconds
Number of updated asset objects reloaded before import = 0Number of asset objects unloaded after import = 17

========================================================================
Received Import Request.
  Time since last request: 0.220188 seconds.
  path: Assets/Synty/PolygonShops/Prefabs/Food/SM_Prop_Food_Egg_Raw_01.prefab
  artifactKey: Guid(49e106295138e2b428f49e91b626e7f1) Importer(815301076,1909f56bfc062723c751e8b465ee728b)
Start importing Assets/Synty/PolygonShops/Prefabs/Food/SM_Prop_Food_Egg_Raw_01.prefab using Guid(49e106295138e2b428f49e91b626e7f1) Importer(815301076,1909f56bfc062723c751e8b465ee728b) (PreviewImporter) -> (artifact id: '75598a337f5cbad2f52c9f53e0025fc1') in 0.0208299 seconds
Number of updated asset objects reloaded before import = 0Number of asset objects unloaded after import = 17

========================================================================
Received Import Request.
  Time since last request: 0.000021 seconds.
  path: Assets/Synty/PolygonShops/Prefabs/Food/SM_Prop_Food_Fish_Fillet_03.prefab
  artifactKey: Guid(b8e3718fa04204842b0aad9ddd62872c) Importer(815301076,1909f56bfc062723c751e8b465ee728b)
Start importing Assets/Synty/PolygonShops/Prefabs/Food/SM_Prop_Food_Fish_Fillet_03.prefab using Guid(b8e3718fa04204842b0aad9ddd62872c) Importer(815301076,1909f56bfc062723c751e8b465ee728b) (PreviewImporter) -> (artifact id: '44eb642ea035feb96f449c184493f6b9') in 0.0202401 seconds
Number of updated asset objects reloaded before import = 0Number of asset objects unloaded after import = 17

========================================================================
Received Import Request.
  Time since last request: 0.000020 seconds.
  path: Assets/Synty/PolygonShops/Prefabs/Food/SM_Prop_Food_Fish_Steak_02.prefab
  artifactKey: Guid(6e88594a4c9f4fa47bdea6c81495fc5c) Importer(815301076,1909f56bfc062723c751e8b465ee728b)
Start importing Assets/Synty/PolygonShops/Prefabs/Food/SM_Prop_Food_Fish_Steak_02.prefab using Guid(6e88594a4c9f4fa47bdea6c81495fc5c) Importer(815301076,1909f56bfc062723c751e8b465ee728b) (PreviewImporter) -> (artifact id: '1a5a1289d730d1b351dbbe8ce6c23da1') in 0.024084 seconds
Number of updated asset objects reloaded before import = 0Number of asset objects unloaded after import = 17

========================================================================
Received Import Request.
  Time since last request: 0.000027 seconds.
  path: Assets/Synty/PolygonShops/Prefabs/Food/SM_Prop_Food_Fish_Whole_03.prefab
  artifactKey: Guid(ae4c7655b7e17a84eaf0fa1a63794343) Importer(815301076,1909f56bfc062723c751e8b465ee728b)
Start importing Assets/Synty/PolygonShops/Prefabs/Food/SM_Prop_Food_Fish_Whole_03.prefab using Guid(ae4c7655b7e17a84eaf0fa1a63794343) Importer(815301076,1909f56bfc062723c751e8b465ee728b) (PreviewImporter) -> (artifact id: '1c2e213258b12f16b3ac8c3d33d9d814') in 0.021901 seconds
Number of updated asset objects reloaded before import = 0Number of asset objects unloaded after import = 17

========================================================================
Received Import Request.
  Time since last request: 0.000024 seconds.
  path: Assets/Synty/PolygonShops/Prefabs/Food/SM_Prop_Food_Ice_Cream_02.prefab
  artifactKey: Guid(05d2c7025270ed74ba361ef6a1cf6610) Importer(815301076,1909f56bfc062723c751e8b465ee728b)
Start importing Assets/Synty/PolygonShops/Prefabs/Food/SM_Prop_Food_Ice_Cream_02.prefab using Guid(05d2c7025270ed74ba361ef6a1cf6610) Importer(815301076,1909f56bfc062723c751e8b465ee728b) (PreviewImporter) -> (artifact id: '048a028a3cec8cb5f956a66944028450') in 0.0251191 seconds
Number of updated asset objects reloaded before import = 0Number of asset objects unloaded after import = 17

========================================================================
Received Import Request.
  Time since last request: 0.000029 seconds.
  path: Assets/Synty/PolygonShops/Prefabs/Food/SM_Prop_Food_Hot_Dog_01.prefab
  artifactKey: Guid(0dbda6287a24b164ebe951b48d3aee2a) Importer(815301076,1909f56bfc062723c751e8b465ee728b)
Start importing Assets/Synty/PolygonShops/Prefabs/Food/SM_Prop_Food_Hot_Dog_01.prefab using Guid(0dbda6287a24b164ebe951b48d3aee2a) Importer(815301076,1909f56bfc062723c751e8b465ee728b) (PreviewImporter) -> (artifact id: '146db2833ca974e630e739de678470b0') in 0.0217482 seconds
Number of updated asset objects reloaded before import = 0Number of asset objects unloaded after import = 17

========================================================================
Received Import Request.
  Time since last request: 3.243449 seconds.
  path: Assets/Synty/PolygonShops/Prefabs/Food/SM_Prop_Food_Kebab_02.prefab
  artifactKey: Guid(ec1d0186a2c4deb43b6c2a9699164532) Importer(815301076,1909f56bfc062723c751e8b465ee728b)
Start importing Assets/Synty/PolygonShops/Prefabs/Food/SM_Prop_Food_Kebab_02.prefab using Guid(ec1d0186a2c4deb43b6c2a9699164532) Importer(815301076,1909f56bfc062723c751e8b465ee728b) (PreviewImporter) -> (artifact id: '70596774c5729e6a04564eb9aacbd473') in 0.0240096 seconds
Number of updated asset objects reloaded before import = 0Number of asset objects unloaded after import = 17

========================================================================
Received Import Request.
  Time since last request: 0.000021 seconds.
  path: Assets/Synty/PolygonShops/Prefabs/Food/SM_Prop_Food_Kebab_Skewer_01.prefab
  artifactKey: Guid(2729bc2fc049150449dbfaf7b999aeea) Importer(815301076,1909f56bfc062723c751e8b465ee728b)
Start importing Assets/Synty/PolygonShops/Prefabs/Food/SM_Prop_Food_Kebab_Skewer_01.prefab using Guid(2729bc2fc049150449dbfaf7b999aeea) Importer(815301076,1909f56bfc062723c751e8b465ee728b) (PreviewImporter) -> (artifact id: 'a976d28220e6442dbc230496614f7f68') in 0.025755 seconds
Number of updated asset objects reloaded before import = 0Number of asset objects unloaded after import = 17

========================================================================
Received Import Request.
  Time since last request: 0.300654 seconds.
  path: Assets/Synty/PolygonShops/Prefabs/Food/SM_Prop_Food_Lettuce_Whole_01.prefab
  artifactKey: Guid(e9ea5a504237db149bc33b062da25976) Importer(815301076,1909f56bfc062723c751e8b465ee728b)
Start importing Assets/Synty/PolygonShops/Prefabs/Food/SM_Prop_Food_Lettuce_Whole_01.prefab using Guid(e9ea5a504237db149bc33b062da25976) Importer(815301076,1909f56bfc062723c751e8b465ee728b) (PreviewImporter) -> (artifact id: 'e3187bba04fb124b2fb0c170d82bf244') in 0.0226717 seconds
Number of updated asset objects reloaded before import = 0Number of asset objects unloaded after import = 17

========================================================================
Received Import Request.
  Time since last request: 0.000021 seconds.
  path: Assets/Synty/PolygonShops/Prefabs/Food/SM_Prop_Food_Luncheon_Sliced_01.prefab
  artifactKey: Guid(471d77968cce88b4b83001df304c6d7f) Importer(815301076,1909f56bfc062723c751e8b465ee728b)
Start importing Assets/Synty/PolygonShops/Prefabs/Food/SM_Prop_Food_Luncheon_Sliced_01.prefab using Guid(471d77968cce88b4b83001df304c6d7f) Importer(815301076,1909f56bfc062723c751e8b465ee728b) (PreviewImporter) -> (artifact id: '3198e653189fb02782fe55197115840c') in 0.025963 seconds
Number of updated asset objects reloaded before import = 0Number of asset objects unloaded after import = 17

========================================================================
Received Import Request.
  Time since last request: 0.000026 seconds.
  path: Assets/Synty/PolygonShops/Prefabs/Food/SM_Prop_Food_Muffin_01.prefab
  artifactKey: Guid(2196a7fd039a7e7419d4905a676082b4) Importer(815301076,1909f56bfc062723c751e8b465ee728b)
Start importing Assets/Synty/PolygonShops/Prefabs/Food/SM_Prop_Food_Muffin_01.prefab using Guid(2196a7fd039a7e7419d4905a676082b4) Importer(815301076,1909f56bfc062723c751e8b465ee728b) (PreviewImporter) -> (artifact id: '3275ed904c78cf57d2a4ae2db5fcc931') in 0.0224098 seconds
Number of updated asset objects reloaded before import = 0Number of asset objects unloaded after import = 17

========================================================================
Received Import Request.
  Time since last request: 0.253462 seconds.
  path: Assets/Synty/PolygonShops/Prefabs/Food/SM_Prop_Food_Mushroom_Slice_01.prefab
  artifactKey: Guid(4d84159feecba1f4ba750873a49d1293) Importer(815301076,1909f56bfc062723c751e8b465ee728b)
Start importing Assets/Synty/PolygonShops/Prefabs/Food/SM_Prop_Food_Mushroom_Slice_01.prefab using Guid(4d84159feecba1f4ba750873a49d1293) Importer(815301076,1909f56bfc062723c751e8b465ee728b) (PreviewImporter) -> (artifact id: '00ede051e4efbf43da450bd520d7e9ae') in 0.0235596 seconds
Number of updated asset objects reloaded before import = 0Number of asset objects unloaded after import = 17

========================================================================
Received Import Request.
  Time since last request: 0.000039 seconds.
  path: Assets/Synty/PolygonShops/Prefabs/Food/SM_Prop_Food_Napkins_02.prefab
  artifactKey: Guid(74eb58ee3f1f84242b15283d4114617a) Importer(815301076,1909f56bfc062723c751e8b465ee728b)
Start importing Assets/Synty/PolygonShops/Prefabs/Food/SM_Prop_Food_Napkins_02.prefab using Guid(74eb58ee3f1f84242b15283d4114617a) Importer(815301076,1909f56bfc062723c751e8b465ee728b) (PreviewImporter) -> (artifact id: 'fcc3edda10172ea32b574b9888a7b843') in 0.0209248 seconds
Number of updated asset objects reloaded before import = 0Number of asset objects unloaded after import = 17

========================================================================
Received Import Request.
  Time since last request: 0.443918 seconds.
  path: Assets/Synty/PolygonShops/Prefabs/Food/SM_Prop_Food_Onion_Raw_01.prefab
  artifactKey: Guid(d7597c67718ec9445846c49221cf3782) Importer(815301076,1909f56bfc062723c751e8b465ee728b)
Start importing Assets/Synty/PolygonShops/Prefabs/Food/SM_Prop_Food_Onion_Raw_01.prefab using Guid(d7597c67718ec9445846c49221cf3782) Importer(815301076,1909f56bfc062723c751e8b465ee728b) (PreviewImporter) -> (artifact id: '2556d27141a423790c6e405ed3c3dade') in 0.0212336 seconds
Number of updated asset objects reloaded before import = 0Number of asset objects unloaded after import = 17

========================================================================
Received Import Request.
  Time since last request: 0.000023 seconds.
  path: Assets/Synty/PolygonShops/Prefabs/Food/SM_Prop_Food_Onion_Sliced_01.prefab
  artifactKey: Guid(d9f6314e4883c524bba20489994e7db8) Importer(815301076,1909f56bfc062723c751e8b465ee728b)
Start importing Assets/Synty/PolygonShops/Prefabs/Food/SM_Prop_Food_Onion_Sliced_01.prefab using Guid(d9f6314e4883c524bba20489994e7db8) Importer(815301076,1909f56bfc062723c751e8b465ee728b) (PreviewImporter) -> (artifact id: 'f3180303899243805356e1890f3bb507') in 0.0214824 seconds
Number of updated asset objects reloaded before import = 0Number of asset objects unloaded after import = 17

========================================================================
Received Import Request.
  Time since last request: 6.312424 seconds.
  path: Assets/Synty/PolygonShops/Prefabs/Food/SM_Prop_Food_Oven_Tray_01.prefab
  artifactKey: Guid(12f2d2ca442466c4eacdf69346e9021b) Importer(815301076,1909f56bfc062723c751e8b465ee728b)
Start importing Assets/Synty/PolygonShops/Prefabs/Food/SM_Prop_Food_Oven_Tray_01.prefab using Guid(12f2d2ca442466c4eacdf69346e9021b) Importer(815301076,1909f56bfc062723c751e8b465ee728b) (PreviewImporter) -> (artifact id: '32f15e3e079bd7372c4c5b9a5ddaec54') in 0.0225473 seconds
Number of updated asset objects reloaded before import = 0Number of asset objects unloaded after import = 17

========================================================================
Received Import Request.
  Time since last request: 0.000021 seconds.
  path: Assets/Synty/PolygonShops/Prefabs/Food/SM_Prop_Food_Oven_Tray_01_Ribs_Cooked_01.prefab
  artifactKey: Guid(8d3a5b0dbc349fd489ddaf245961eb03) Importer(815301076,1909f56bfc062723c751e8b465ee728b)
Start importing Assets/Synty/PolygonShops/Prefabs/Food/SM_Prop_Food_Oven_Tray_01_Ribs_Cooked_01.prefab using Guid(8d3a5b0dbc349fd489ddaf245961eb03) Importer(815301076,1909f56bfc062723c751e8b465ee728b) (PreviewImporter) -> (artifact id: '2c436f9b042f6bd86aebb819b9f00388') in 0.0254617 seconds
Number of updated asset objects reloaded before import = 0Number of asset objects unloaded after import = 17

========================================================================
Received Import Request.
  Time since last request: 0.000026 seconds.
  path: Assets/Synty/PolygonShops/Prefabs/Food/SM_Prop_Food_Pickle_Cut_01.prefab
  artifactKey: Guid(d6c35024f3ce9314ab19a240b3a4492a) Importer(815301076,1909f56bfc062723c751e8b465ee728b)
Start importing Assets/Synty/PolygonShops/Prefabs/Food/SM_Prop_Food_Pickle_Cut_01.prefab using Guid(d6c35024f3ce9314ab19a240b3a4492a) Importer(815301076,1909f56bfc062723c751e8b465ee728b) (PreviewImporter) -> (artifact id: '489850ea13c30f238b001edae17eb0c0') in 0.0232849 seconds
Number of updated asset objects reloaded before import = 0Number of asset objects unloaded after import = 17

========================================================================
Received Import Request.
  Time since last request: 0.227435 seconds.
  path: Assets/Synty/PolygonShops/Prefabs/Food/SM_Prop_Food_Pickle_Slices_01.prefab
  artifactKey: Guid(39add5f569268a04d9879b04dc7b254c) Importer(815301076,1909f56bfc062723c751e8b465ee728b)
Start importing Assets/Synty/PolygonShops/Prefabs/Food/SM_Prop_Food_Pickle_Slices_01.prefab using Guid(39add5f569268a04d9879b04dc7b254c) Importer(815301076,1909f56bfc062723c751e8b465ee728b) (PreviewImporter) -> (artifact id: 'e4f542eb15ff37bd0c5d4f6cf6afce64') in 0.0235096 seconds
Number of updated asset objects reloaded before import = 0Number of asset objects unloaded after import = 17

========================================================================
Received Import Request.
  Time since last request: 0.055907 seconds.
  path: Assets/Synty/PolygonShops/Prefabs/Food/SM_Prop_Food_Pie_Fruit_01.prefab
  artifactKey: Guid(d1257f0667b02ff4e915a838881cc859) Importer(815301076,1909f56bfc062723c751e8b465ee728b)
Start importing Assets/Synty/PolygonShops/Prefabs/Food/SM_Prop_Food_Pie_Fruit_01.prefab using Guid(d1257f0667b02ff4e915a838881cc859) Importer(815301076,1909f56bfc062723c751e8b465ee728b) (PreviewImporter) -> (artifact id: '844f9f08675df7cd6a29f5c21f29e436') in 0.0223293 seconds
Number of updated asset objects reloaded before import = 0Number of asset objects unloaded after import = 17

========================================================================
Received Import Request.
  Time since last request: 0.286181 seconds.
  path: Assets/Synty/PolygonShops/Prefabs/Food/SM_Prop_Food_Pie_Fruit_Slice_01.prefab
  artifactKey: Guid(06aa476bf8ebb2d4d941a4d9ad4f7897) Importer(815301076,1909f56bfc062723c751e8b465ee728b)
Start importing Assets/Synty/PolygonShops/Prefabs/Food/SM_Prop_Food_Pie_Fruit_Slice_01.prefab using Guid(06aa476bf8ebb2d4d941a4d9ad4f7897) Importer(815301076,1909f56bfc062723c751e8b465ee728b) (PreviewImporter) -> (artifact id: '457b9b46cad90351d47670e8be3027a6') in 0.0224902 seconds
Number of updated asset objects reloaded before import = 0Number of asset objects unloaded after import = 17

========================================================================
Received Import Request.
  Time since last request: 0.000023 seconds.
  path: Assets/Synty/PolygonShops/Prefabs/Food/SM_Prop_Food_Pie_Pumpkin_01.prefab
  artifactKey: Guid(ecd077dd31c2f294583afaa2f71e0a40) Importer(815301076,1909f56bfc062723c751e8b465ee728b)
Start importing Assets/Synty/PolygonShops/Prefabs/Food/SM_Prop_Food_Pie_Pumpkin_01.prefab using Guid(ecd077dd31c2f294583afaa2f71e0a40) Importer(815301076,1909f56bfc062723c751e8b465ee728b) (PreviewImporter) -> (artifact id: 'ac6b8ec2e445760732784150fbe3460c') in 0.0221391 seconds
Number of updated asset objects reloaded before import = 0Number of asset objects unloaded after import = 17

========================================================================
Received Import Request.
  Time since last request: 0.324514 seconds.
  path: Assets/Synty/PolygonShops/Prefabs/Food/SM_Prop_Food_Pie_Pumpkin_Cut_01.prefab
  artifactKey: Guid(05e13ef5af14cd440a703906e7702e41) Importer(815301076,1909f56bfc062723c751e8b465ee728b)
Start importing Assets/Synty/PolygonShops/Prefabs/Food/SM_Prop_Food_Pie_Pumpkin_Cut_01.prefab using Guid(05e13ef5af14cd440a703906e7702e41) Importer(815301076,1909f56bfc062723c751e8b465ee728b) (PreviewImporter) -> (artifact id: '793e202bcfda8441eb8cda8850883f5e') in 0.0212623 seconds
Number of updated asset objects reloaded before import = 0Number of asset objects unloaded after import = 17

========================================================================
Received Import Request.
  Time since last request: 0.000021 seconds.
  path: Assets/Synty/PolygonShops/Prefabs/Food/SM_Prop_Food_Pineapple_Cut_01.prefab
  artifactKey: Guid(b8e8d8f4c6680ee45838d97e3a785b56) Importer(815301076,1909f56bfc062723c751e8b465ee728b)
Start importing Assets/Synty/PolygonShops/Prefabs/Food/SM_Prop_Food_Pineapple_Cut_01.prefab using Guid(b8e8d8f4c6680ee45838d97e3a785b56) Importer(815301076,1909f56bfc062723c751e8b465ee728b) (PreviewImporter) -> (artifact id: 'b1bfc7c7da537fd7c886bca47e5047eb') in 0.0233043 seconds
Number of updated asset objects reloaded before import = 0Number of asset objects unloaded after import = 17

========================================================================
Received Import Request.
  Time since last request: 0.000022 seconds.
  path: Assets/Synty/PolygonShops/Prefabs/Food/SM_Prop_Food_Pineapple_Whole_01.prefab
  artifactKey: Guid(98d2e8cdb0424e64e8629b4793fd889d) Importer(815301076,1909f56bfc062723c751e8b465ee728b)
Start importing Assets/Synty/PolygonShops/Prefabs/Food/SM_Prop_Food_Pineapple_Whole_01.prefab using Guid(98d2e8cdb0424e64e8629b4793fd889d) Importer(815301076,1909f56bfc062723c751e8b465ee728b) (PreviewImporter) -> (artifact id: 'f59912e014080ced48502730dcd5275c') in 0.0231861 seconds
Number of updated asset objects reloaded before import = 0Number of asset objects unloaded after import = 17

========================================================================
Received Import Request.
  Time since last request: 0.268364 seconds.
  path: Assets/Synty/PolygonShops/Prefabs/Food/SM_Prop_Food_Pizza_Burnt_01.prefab
  artifactKey: Guid(8e997ca65ce7ed549a6e0b642b1dc63b) Importer(815301076,1909f56bfc062723c751e8b465ee728b)
Start importing Assets/Synty/PolygonShops/Prefabs/Food/SM_Prop_Food_Pizza_Burnt_01.prefab using Guid(8e997ca65ce7ed549a6e0b642b1dc63b) Importer(815301076,1909f56bfc062723c751e8b465ee728b) (PreviewImporter) -> (artifact id: '623ff067702e5dd55a5ee53960dc8834') in 0.0222883 seconds
Number of updated asset objects reloaded before import = 0Number of asset objects unloaded after import = 17

========================================================================
Received Import Request.
  Time since last request: 0.000025 seconds.
  path: Assets/Synty/PolygonShops/Prefabs/Food/SM_Prop_Food_Pizza_Burnt_05.prefab
  artifactKey: Guid(a4b1343fdffab7e4db3173bd3c691472) Importer(815301076,1909f56bfc062723c751e8b465ee728b)
Start importing Assets/Synty/PolygonShops/Prefabs/Food/SM_Prop_Food_Pizza_Burnt_05.prefab using Guid(a4b1343fdffab7e4db3173bd3c691472) Importer(815301076,1909f56bfc062723c751e8b465ee728b) (PreviewImporter) -> (artifact id: '008fdfa3d33346ea6f544431c9b9e31a') in 0.0217787 seconds
Number of updated asset objects reloaded before import = 0Number of asset objects unloaded after import = 17

========================================================================
Received Import Request.
  Time since last request: 0.000019 seconds.
  path: Assets/Synty/PolygonShops/Prefabs/Food/SM_Prop_Food_Pizza_Burnt_08.prefab
  artifactKey: Guid(bb5a002ca396ba54280a7ae83c2694a1) Importer(815301076,1909f56bfc062723c751e8b465ee728b)
Start importing Assets/Synty/PolygonShops/Prefabs/Food/SM_Prop_Food_Pizza_Burnt_08.prefab using Guid(bb5a002ca396ba54280a7ae83c2694a1) Importer(815301076,1909f56bfc062723c751e8b465ee728b) (PreviewImporter) -> (artifact id: '72cb31a1fba9df4780d99e2bb3068ab7') in 0.0208613 seconds
Number of updated asset objects reloaded before import = 0Number of asset objects unloaded after import = 17

========================================================================
Received Import Request.
  Time since last request: 0.517566 seconds.
  path: Assets/Synty/PolygonShops/Prefabs/Food/SM_Prop_Food_Pizza_Burnt_09.prefab
  artifactKey: Guid(143a27da44f14d7408fb26ee73769205) Importer(815301076,1909f56bfc062723c751e8b465ee728b)
Start importing Assets/Synty/PolygonShops/Prefabs/Food/SM_Prop_Food_Pizza_Burnt_09.prefab using Guid(143a27da44f14d7408fb26ee73769205) Importer(815301076,1909f56bfc062723c751e8b465ee728b) (PreviewImporter) -> (artifact id: '4476c0530bc4f9186d475ff6718a4c7e') in 0.0211058 seconds
Number of updated asset objects reloaded before import = 0Number of asset objects unloaded after import = 17

========================================================================
Received Import Request.
  Time since last request: 0.000024 seconds.
  path: Assets/Synty/PolygonShops/Prefabs/Food/SM_Prop_Food_Pizza_Cooked_03.prefab
  artifactKey: Guid(d8bef3fd08cd7924ebfbcb2f6bdd6b01) Importer(815301076,1909f56bfc062723c751e8b465ee728b)
Start importing Assets/Synty/PolygonShops/Prefabs/Food/SM_Prop_Food_Pizza_Cooked_03.prefab using Guid(d8bef3fd08cd7924ebfbcb2f6bdd6b01) Importer(815301076,1909f56bfc062723c751e8b465ee728b) (PreviewImporter) -> (artifact id: '58f1df3e89e013445e059b66811373a7') in 0.0217411 seconds
Number of updated asset objects reloaded before import = 0Number of asset objects unloaded after import = 17

========================================================================
Received Import Request.
  Time since last request: 0.000024 seconds.
  path: Assets/Synty/PolygonShops/Prefabs/Food/SM_Prop_Food_Pizza_Cooked_06.prefab
  artifactKey: Guid(b14cce06c11ea614080766373cdceea1) Importer(815301076,1909f56bfc062723c751e8b465ee728b)
Start importing Assets/Synty/PolygonShops/Prefabs/Food/SM_Prop_Food_Pizza_Cooked_06.prefab using Guid(b14cce06c11ea614080766373cdceea1) Importer(815301076,1909f56bfc062723c751e8b465ee728b) (PreviewImporter) -> (artifact id: 'd057bac6552b538b7563628375d06b2b') in 0.0254351 seconds
Number of updated asset objects reloaded before import = 0Number of asset objects unloaded after import = 17

========================================================================
Received Import Request.
  Time since last request: 0.304380 seconds.
  path: Assets/Synty/PolygonShops/Prefabs/Food/SM_Prop_Food_Pizza_Cooked_08.prefab
  artifactKey: Guid(5d82f59001331cd4985239a9d1a1e46d) Importer(815301076,1909f56bfc062723c751e8b465ee728b)
Start importing Assets/Synty/PolygonShops/Prefabs/Food/SM_Prop_Food_Pizza_Cooked_08.prefab using Guid(5d82f59001331cd4985239a9d1a1e46d) Importer(815301076,1909f56bfc062723c751e8b465ee728b) (PreviewImporter) -> (artifact id: 'ed4ac2544bfba4f2c5b4b15a81bdad88') in 0.0254414 seconds
Number of updated asset objects reloaded before import = 0Number of asset objects unloaded after import = 17

========================================================================
Received Import Request.
  Time since last request: 0.004493 seconds.
  path: Assets/Synty/PolygonShops/Prefabs/Food/SM_Prop_Food_Pizza_Raw_02.prefab
  artifactKey: Guid(03c7a2c31ee379045a0d781e94688a4d) Importer(815301076,1909f56bfc062723c751e8b465ee728b)
Start importing Assets/Synty/PolygonShops/Prefabs/Food/SM_Prop_Food_Pizza_Raw_02.prefab using Guid(03c7a2c31ee379045a0d781e94688a4d) Importer(815301076,1909f56bfc062723c751e8b465ee728b) (PreviewImporter) -> (artifact id: 'ce5a768d9153825931df25287e68541f') in 0.0290071 seconds
Number of updated asset objects reloaded before import = 0Number of asset objects unloaded after import = 17

========================================================================
Received Import Request.
  Time since last request: 0.720165 seconds.
  path: Assets/Synty/PolygonShops/Prefabs/Food/SM_Prop_Food_Pizza_Raw_04.prefab
  artifactKey: Guid(f39eca92e6443994a8c1b4ea22506097) Importer(815301076,1909f56bfc062723c751e8b465ee728b)
Start importing Assets/Synty/PolygonShops/Prefabs/Food/SM_Prop_Food_Pizza_Raw_04.prefab using Guid(f39eca92e6443994a8c1b4ea22506097) Importer(815301076,1909f56bfc062723c751e8b465ee728b) (PreviewImporter) -> (artifact id: '9f6942f326922091e3a0d5f5cc9dea60') in 0.0231366 seconds
Number of updated asset objects reloaded before import = 0Number of asset objects unloaded after import = 17

========================================================================
Received Import Request.
  Time since last request: 0.000023 seconds.
  path: Assets/Synty/PolygonShops/Prefabs/Food/SM_Prop_Food_Pizza_Raw_08.prefab
  artifactKey: Guid(3de1c33f7d3beef4e8f745302f01882e) Importer(815301076,1909f56bfc062723c751e8b465ee728b)
Start importing Assets/Synty/PolygonShops/Prefabs/Food/SM_Prop_Food_Pizza_Raw_08.prefab using Guid(3de1c33f7d3beef4e8f745302f01882e) Importer(815301076,1909f56bfc062723c751e8b465ee728b) (PreviewImporter) -> (artifact id: 'bb5a33d043cced37e1ca62184b741aab') in 0.0247133 seconds
Number of updated asset objects reloaded before import = 0Number of asset objects unloaded after import = 17

========================================================================
Received Import Request.
  Time since last request: 0.306512 seconds.
  path: Assets/Synty/PolygonShops/Prefabs/Food/SM_Prop_Food_Pizza_Slice_01.prefab
  artifactKey: Guid(8c4641ef43e1ecd4ea00988c33686870) Importer(815301076,1909f56bfc062723c751e8b465ee728b)
Start importing Assets/Synty/PolygonShops/Prefabs/Food/SM_Prop_Food_Pizza_Slice_01.prefab using Guid(8c4641ef43e1ecd4ea00988c33686870) Importer(815301076,1909f56bfc062723c751e8b465ee728b) (PreviewImporter) -> (artifact id: '724aab14b77f980cb88a6bdd8d9a704e') in 0.0242381 seconds
Number of updated asset objects reloaded before import = 0Number of asset objects unloaded after import = 17

========================================================================
Received Import Request.
  Time since last request: 0.000023 seconds.
  path: Assets/Synty/PolygonShops/Prefabs/Food/SM_Prop_Food_Pizza_Slice_04.prefab
  artifactKey: Guid(90016d5511ab9cf489328128ac7078b9) Importer(815301076,1909f56bfc062723c751e8b465ee728b)
Start importing Assets/Synty/PolygonShops/Prefabs/Food/SM_Prop_Food_Pizza_Slice_04.prefab using Guid(90016d5511ab9cf489328128ac7078b9) Importer(815301076,1909f56bfc062723c751e8b465ee728b) (PreviewImporter) -> (artifact id: '1cbb10948d06abc2d083a432ac7e0bc8') in 0.030238 seconds
Number of updated asset objects reloaded before import = 0Number of asset objects unloaded after import = 17

========================================================================
Received Import Request.
  Time since last request: 0.000027 seconds.
  path: Assets/Synty/PolygonShops/Prefabs/Food/SM_Prop_Food_Pizza_Slice_08.prefab
  artifactKey: Guid(9e028624e21d8ac40b3ca0556dc8541d) Importer(815301076,1909f56bfc062723c751e8b465ee728b)
Start importing Assets/Synty/PolygonShops/Prefabs/Food/SM_Prop_Food_Pizza_Slice_08.prefab using Guid(9e028624e21d8ac40b3ca0556dc8541d) Importer(815301076,1909f56bfc062723c751e8b465ee728b) (PreviewImporter) -> (artifact id: '6dcc3cbe7c011a800ca79ca7a1ceaf6d') in 0.0357114 seconds
Number of updated asset objects reloaded before import = 0Number of asset objects unloaded after import = 17

========================================================================
Received Import Request.
  Time since last request: 0.214030 seconds.
  path: Assets/Synty/PolygonShops/Prefabs/Food/SM_Prop_Food_Pizza_Slice_09.prefab
  artifactKey: Guid(1d426088a98db394eb17c52851a7a2b3) Importer(815301076,1909f56bfc062723c751e8b465ee728b)
Start importing Assets/Synty/PolygonShops/Prefabs/Food/SM_Prop_Food_Pizza_Slice_09.prefab using Guid(1d426088a98db394eb17c52851a7a2b3) Importer(815301076,1909f56bfc062723c751e8b465ee728b) (PreviewImporter) -> (artifact id: '955ff9c9900e86501a3969ce21b04c31') in 0.0215274 seconds
Number of updated asset objects reloaded before import = 0Number of asset objects unloaded after import = 17

========================================================================
Received Import Request.
  Time since last request: 0.000027 seconds.
  path: Assets/Synty/PolygonShops/Prefabs/Food/SM_Prop_Food_Plate_Ribs_01.prefab
  artifactKey: Guid(248c7ebeb5bdad24096677773331dce4) Importer(815301076,1909f56bfc062723c751e8b465ee728b)
Start importing Assets/Synty/PolygonShops/Prefabs/Food/SM_Prop_Food_Plate_Ribs_01.prefab using Guid(248c7ebeb5bdad24096677773331dce4) Importer(815301076,1909f56bfc062723c751e8b465ee728b) (PreviewImporter) -> (artifact id: '39dc06dd54f9801251fc1763f44db096') in 0.0215596 seconds
Number of updated asset objects reloaded before import = 0Number of asset objects unloaded after import = 17

========================================================================
Received Import Request.
  Time since last request: 0.256263 seconds.
  path: Assets/Synty/PolygonShops/Prefabs/Food/SM_Prop_Food_Ribs_Large_Burnt_01.prefab
  artifactKey: Guid(80f95f8f4f2c09d42ad7350372742c52) Importer(815301076,1909f56bfc062723c751e8b465ee728b)
Start importing Assets/Synty/PolygonShops/Prefabs/Food/SM_Prop_Food_Ribs_Large_Burnt_01.prefab using Guid(80f95f8f4f2c09d42ad7350372742c52) Importer(815301076,1909f56bfc062723c751e8b465ee728b) (PreviewImporter) -> (artifact id: '764d477f5ad3d7fe78526e9f2f5b45e5') in 0.0221927 seconds
Number of updated asset objects reloaded before import = 0Number of asset objects unloaded after import = 17

========================================================================
Received Import Request.
  Time since last request: 0.000023 seconds.
  path: Assets/Synty/PolygonShops/Prefabs/Food/SM_Prop_Food_Ribs_Single_01.prefab
  artifactKey: Guid(27572a6abb2d8a44982b70c61a929bd3) Importer(815301076,1909f56bfc062723c751e8b465ee728b)
Start importing Assets/Synty/PolygonShops/Prefabs/Food/SM_Prop_Food_Ribs_Single_01.prefab using Guid(27572a6abb2d8a44982b70c61a929bd3) Importer(815301076,1909f56bfc062723c751e8b465ee728b) (PreviewImporter) -> (artifact id: '24301d7ea4fe8d4b27ddd78f4bde04df') in 0.0219165 seconds
Number of updated asset objects reloaded before import = 0Number of asset objects unloaded after import = 17

========================================================================
Received Import Request.
  Time since last request: 0.000031 seconds.
  path: Assets/Synty/PolygonShops/Prefabs/Food/SM_Prop_Food_Salami_Cut_01.prefab
  artifactKey: Guid(6949c59ac36039b44b034afd10e8ff30) Importer(815301076,1909f56bfc062723c751e8b465ee728b)
Start importing Assets/Synty/PolygonShops/Prefabs/Food/SM_Prop_Food_Salami_Cut_01.prefab using Guid(6949c59ac36039b44b034afd10e8ff30) Importer(815301076,1909f56bfc062723c751e8b465ee728b) (PreviewImporter) -> (artifact id: '1733bb289bd0888788aeecd453f8c1d0') in 0.0251181 seconds
Number of updated asset objects reloaded before import = 0Number of asset objects unloaded after import = 17

========================================================================
Received Import Request.
  Time since last request: 0.000027 seconds.
  path: Assets/Synty/PolygonShops/Prefabs/Food/SM_Prop_Food_Sandwich_03.prefab
  artifactKey: Guid(7ccf21bb3d6f86f41bc32ae7f8ee83c4) Importer(815301076,1909f56bfc062723c751e8b465ee728b)
Start importing Assets/Synty/PolygonShops/Prefabs/Food/SM_Prop_Food_Sandwich_03.prefab using Guid(7ccf21bb3d6f86f41bc32ae7f8ee83c4) Importer(815301076,1909f56bfc062723c751e8b465ee728b) (PreviewImporter) -> (artifact id: 'b8d72b0986cfb9a6cdd53c32f082a381') in 0.0265758 seconds
Number of updated asset objects reloaded before import = 0Number of asset objects unloaded after import = 17

========================================================================
Received Import Request.
  Time since last request: 0.000028 seconds.
  path: Assets/Synty/PolygonShops/Prefabs/Food/SM_Prop_Food_Sauce_Ketchup_01.prefab
  artifactKey: Guid(5493fba8dbb39d34d877dea602ae4919) Importer(815301076,1909f56bfc062723c751e8b465ee728b)
Start importing Assets/Synty/PolygonShops/Prefabs/Food/SM_Prop_Food_Sauce_Ketchup_01.prefab using Guid(5493fba8dbb39d34d877dea602ae4919) Importer(815301076,1909f56bfc062723c751e8b465ee728b) (PreviewImporter) -> (artifact id: 'cb7c36d812641abe9daa3c82fb7c7d14') in 0.02288 seconds
Number of updated asset objects reloaded before import = 0Number of asset objects unloaded after import = 17

========================================================================
Received Import Request.
  Time since last request: 0.000022 seconds.
  path: Assets/Synty/PolygonShops/Prefabs/Food/SM_Prop_Food_Salami_Sliced_01.prefab
  artifactKey: Guid(2e2fa0127b02f1a48a8eae21715a70d8) Importer(815301076,1909f56bfc062723c751e8b465ee728b)
Start importing Assets/Synty/PolygonShops/Prefabs/Food/SM_Prop_Food_Salami_Sliced_01.prefab using Guid(2e2fa0127b02f1a48a8eae21715a70d8) Importer(815301076,1909f56bfc062723c751e8b465ee728b) (PreviewImporter) -> (artifact id: '9dda4ba3bf73daaec9e4f652923f3360') in 0.0237302 seconds
Number of updated asset objects reloaded before import = 0Number of asset objects unloaded after import = 17

========================================================================
Received Import Request.
  Time since last request: 0.000035 seconds.
  path: Assets/Synty/PolygonShops/Prefabs/Food/SM_Prop_Food_Sandwich_Half_02.prefab
  artifactKey: Guid(ccabbc74cd1a6b84492285be76a6b27c) Importer(815301076,1909f56bfc062723c751e8b465ee728b)
Start importing Assets/Synty/PolygonShops/Prefabs/Food/SM_Prop_Food_Sandwich_Half_02.prefab using Guid(ccabbc74cd1a6b84492285be76a6b27c) Importer(815301076,1909f56bfc062723c751e8b465ee728b) (PreviewImporter) -> (artifact id: 'ea1b177d45aaa14577c38184f1109023') in 0.0246025 seconds
Number of updated asset objects reloaded before import = 0Number of asset objects unloaded after import = 17

========================================================================
Received Import Request.
  Time since last request: 0.237034 seconds.
  path: Assets/Synty/PolygonShops/Prefabs/Food/SM_Prop_Food_Saucer_01.prefab
  artifactKey: Guid(b0863948d1fc8634c93e665142e89faa) Importer(815301076,1909f56bfc062723c751e8b465ee728b)
Start importing Assets/Synty/PolygonShops/Prefabs/Food/SM_Prop_Food_Saucer_01.prefab using Guid(b0863948d1fc8634c93e665142e89faa) Importer(815301076,1909f56bfc062723c751e8b465ee728b) (PreviewImporter) -> (artifact id: '7b6c623efe287983907ac728fe2a8783') in 0.0222742 seconds
Number of updated asset objects reloaded before import = 0Number of asset objects unloaded after import = 17

========================================================================
Received Import Request.
  Time since last request: 0.000021 seconds.
  path: Assets/Synty/PolygonShops/Prefabs/Food/SM_Prop_Food_Sausage_Cooked_01.prefab
  artifactKey: Guid(e5c49d3eba0992746925b4eb38876a43) Importer(815301076,1909f56bfc062723c751e8b465ee728b)
Start importing Assets/Synty/PolygonShops/Prefabs/Food/SM_Prop_Food_Sausage_Cooked_01.prefab using Guid(e5c49d3eba0992746925b4eb38876a43) Importer(815301076,1909f56bfc062723c751e8b465ee728b) (PreviewImporter) -> (artifact id: '831ec74243f78e1778d02924a9939f6f') in 0.0217447 seconds
Number of updated asset objects reloaded before import = 0Number of asset objects unloaded after import = 17

========================================================================
Received Import Request.
  Time since last request: 0.000022 seconds.
  path: Assets/Synty/PolygonShops/Prefabs/Food/SM_Prop_Food_Shrimp_Tray_01.prefab
  artifactKey: Guid(e9a43004e3c564649847ea6900614c21) Importer(815301076,1909f56bfc062723c751e8b465ee728b)
Start importing Assets/Synty/PolygonShops/Prefabs/Food/SM_Prop_Food_Shrimp_Tray_01.prefab using Guid(e9a43004e3c564649847ea6900614c21) Importer(815301076,1909f56bfc062723c751e8b465ee728b) (PreviewImporter) -> (artifact id: 'de132080d0adbfba72b16d2c3db0186d') in 0.0222856 seconds
Number of updated asset objects reloaded before import = 0Number of asset objects unloaded after import = 17

========================================================================
Received Import Request.
  Time since last request: 0.000037 seconds.
  path: Assets/Synty/PolygonShops/Prefabs/Food/SM_Prop_Food_Sushi_02.prefab
  artifactKey: Guid(a905081bb1dbea94fac3d915984f9832) Importer(815301076,1909f56bfc062723c751e8b465ee728b)
Start importing Assets/Synty/PolygonShops/Prefabs/Food/SM_Prop_Food_Sushi_02.prefab using Guid(a905081bb1dbea94fac3d915984f9832) Importer(815301076,1909f56bfc062723c751e8b465ee728b) (PreviewImporter) -> (artifact id: 'f20263f04dbbaccd48b2c42dc7faaef9') in 0.0213693 seconds
Number of updated asset objects reloaded before import = 0Number of asset objects unloaded after import = 17

========================================================================
Received Import Request.
  Time since last request: 0.446081 seconds.
  path: Assets/Synty/PolygonShops/Prefabs/Food/SM_Prop_Food_Sushi_04.prefab
  artifactKey: Guid(1f914260885c6e04c961fdca934cd2cc) Importer(815301076,1909f56bfc062723c751e8b465ee728b)
Start importing Assets/Synty/PolygonShops/Prefabs/Food/SM_Prop_Food_Sushi_04.prefab using Guid(1f914260885c6e04c961fdca934cd2cc) Importer(815301076,1909f56bfc062723c751e8b465ee728b) (PreviewImporter) -> (artifact id: '14c4e17819f3b37b8a6afa146e4a9612') in 0.0229313 seconds
Number of updated asset objects reloaded before import = 0Number of asset objects unloaded after import = 17

========================================================================
Received Import Request.
  Time since last request: 0.000021 seconds.
  path: Assets/Synty/PolygonShops/Prefabs/Food/SM_Prop_Food_Sushi_07.prefab
  artifactKey: Guid(b89bdd3e309f30049b4fdcf562b77023) Importer(815301076,1909f56bfc062723c751e8b465ee728b)
Start importing Assets/Synty/PolygonShops/Prefabs/Food/SM_Prop_Food_Sushi_07.prefab using Guid(b89bdd3e309f30049b4fdcf562b77023) Importer(815301076,1909f56bfc062723c751e8b465ee728b) (PreviewImporter) -> (artifact id: 'd7c3133ff262afbefbcf214ff215fc5f') in 0.0219264 seconds
Number of updated asset objects reloaded before import = 0Number of asset objects unloaded after import = 17

========================================================================
Received Import Request.
  Time since last request: 0.219748 seconds.
  path: Assets/Synty/PolygonShops/Prefabs/Food/SM_Prop_Food_Taco_03.prefab
  artifactKey: Guid(d3cb16568dff9ff469f8d3bf37491be4) Importer(815301076,1909f56bfc062723c751e8b465ee728b)
Start importing Assets/Synty/PolygonShops/Prefabs/Food/SM_Prop_Food_Taco_03.prefab using Guid(d3cb16568dff9ff469f8d3bf37491be4) Importer(815301076,1909f56bfc062723c751e8b465ee728b) (PreviewImporter) -> (artifact id: 'b25ebe8afc9f67765eda1e9a6ea89e94') in 0.021289 seconds
Number of updated asset objects reloaded before import = 0Number of asset objects unloaded after import = 17

========================================================================
Received Import Request.
  Time since last request: 0.286627 seconds.
  path: Assets/Synty/PolygonShops/Prefabs/Food/SM_Prop_Food_Taco_05.prefab
  artifactKey: Guid(d475eaf1e23d37e4c936e68ed0749005) Importer(815301076,1909f56bfc062723c751e8b465ee728b)
Start importing Assets/Synty/PolygonShops/Prefabs/Food/SM_Prop_Food_Taco_05.prefab using Guid(d475eaf1e23d37e4c936e68ed0749005) Importer(815301076,1909f56bfc062723c751e8b465ee728b) (PreviewImporter) -> (artifact id: '090cbfa34af8c702b6291921f5a4ba41') in 0.0206112 seconds
Number of updated asset objects reloaded before import = 0Number of asset objects unloaded after import = 17

========================================================================
Received Import Request.
  Time since last request: 0.000030 seconds.
  path: Assets/Synty/PolygonShops/Prefabs/Food/SM_Prop_Food_Takeaway_Bag_01.prefab
  artifactKey: Guid(8779ec2e7fbe9f1468c9456eb0bc52eb) Importer(815301076,1909f56bfc062723c751e8b465ee728b)
Start importing Assets/Synty/PolygonShops/Prefabs/Food/SM_Prop_Food_Takeaway_Bag_01.prefab using Guid(8779ec2e7fbe9f1468c9456eb0bc52eb) Importer(815301076,1909f56bfc062723c751e8b465ee728b) (PreviewImporter) -> (artifact id: '46e5977c09069a088a0458e4dec48143') in 0.0199046 seconds
Number of updated asset objects reloaded before import = 0Number of asset objects unloaded after import = 17

========================================================================
Received Import Request.
  Time since last request: 0.233032 seconds.
  path: Assets/Synty/PolygonShops/Prefabs/Food/SM_Prop_Food_Takeaway_Container_01.prefab
  artifactKey: Guid(9a81257047d642a44a95440f8c493f29) Importer(815301076,1909f56bfc062723c751e8b465ee728b)
Start importing Assets/Synty/PolygonShops/Prefabs/Food/SM_Prop_Food_Takeaway_Container_01.prefab using Guid(9a81257047d642a44a95440f8c493f29) Importer(815301076,1909f56bfc062723c751e8b465ee728b) (PreviewImporter) -> (artifact id: 'b688e12937daeee452dfe1dfc4df93ce') in 0.0221224 seconds
Number of updated asset objects reloaded before import = 0Number of asset objects unloaded after import = 17

========================================================================
Received Import Request.
  Time since last request: 0.000025 seconds.
  path: Assets/Synty/PolygonShops/Prefabs/Food/SM_Prop_Food_Tomato_Chunk_01.prefab
  artifactKey: Guid(716538ff017559944a61aa7777c808e7) Importer(815301076,1909f56bfc062723c751e8b465ee728b)
Start importing Assets/Synty/PolygonShops/Prefabs/Food/SM_Prop_Food_Tomato_Chunk_01.prefab using Guid(716538ff017559944a61aa7777c808e7) Importer(815301076,1909f56bfc062723c751e8b465ee728b) (PreviewImporter) -> (artifact id: 'fe9c1bb790021cb06f82d0a98a71d022') in 0.0242718 seconds
Number of updated asset objects reloaded before import = 0Number of asset objects unloaded after import = 17

========================================================================
Received Import Request.
  Time since last request: 0.000026 seconds.
  path: Assets/Synty/PolygonShops/Prefabs/Food/SM_Prop_Food_Tomato_Sliced_01.prefab
  artifactKey: Guid(d18bef735e912664f92fba62cebd627b) Importer(815301076,1909f56bfc062723c751e8b465ee728b)
Start importing Assets/Synty/PolygonShops/Prefabs/Food/SM_Prop_Food_Tomato_Sliced_01.prefab using Guid(d18bef735e912664f92fba62cebd627b) Importer(815301076,1909f56bfc062723c751e8b465ee728b) (PreviewImporter) -> (artifact id: 'bdace2876bffdb87955eedf2775a634d') in 0.023182 seconds
Number of updated asset objects reloaded before import = 0Number of asset objects unloaded after import = 17

========================================================================
Received Import Request.
  Time since last request: 0.317457 seconds.
  path: Assets/Synty/PolygonShops/Prefabs/Food/SM_Prop_Food_Tray_01.prefab
  artifactKey: Guid(83b16f3f717cb9242928a7a489f272c1) Importer(815301076,1909f56bfc062723c751e8b465ee728b)
Start importing Assets/Synty/PolygonShops/Prefabs/Food/SM_Prop_Food_Tray_01.prefab using Guid(83b16f3f717cb9242928a7a489f272c1) Importer(815301076,1909f56bfc062723c751e8b465ee728b) (PreviewImporter) -> (artifact id: '2d6621be1eab2cf71505e87fe3dcc557') in 0.020775 seconds
Number of updated asset objects reloaded before import = 0Number of asset objects unloaded after import = 17

========================================================================
Received Import Request.
  Time since last request: 0.000022 seconds.
  path: Assets/Synty/PolygonShops/Prefabs/Food/SM_Prop_Food_Tray_01_Food_02.prefab
  artifactKey: Guid(1f3d14f193d8eb44cb319aa0fd637226) Importer(815301076,1909f56bfc062723c751e8b465ee728b)
Start importing Assets/Synty/PolygonShops/Prefabs/Food/SM_Prop_Food_Tray_01_Food_02.prefab using Guid(1f3d14f193d8eb44cb319aa0fd637226) Importer(815301076,1909f56bfc062723c751e8b465ee728b) (PreviewImporter) -> (artifact id: '2530d72487eedec5e060f9c9f14cc222') in 0.0261661 seconds
Number of updated asset objects reloaded before import = 0Number of asset objects unloaded after import = 17

========================================================================
Received Import Request.
  Time since last request: 0.745757 seconds.
  path: Assets/Synty/PolygonShops/Prefabs/Food/SM_Prop_Food_Waffle_01.prefab
  artifactKey: Guid(7b92df4ca0cfee24696c4b4b39fdae7b) Importer(815301076,1909f56bfc062723c751e8b465ee728b)
Start importing Assets/Synty/PolygonShops/Prefabs/Food/SM_Prop_Food_Waffle_01.prefab using Guid(7b92df4ca0cfee24696c4b4b39fdae7b) Importer(815301076,1909f56bfc062723c751e8b465ee728b) (PreviewImporter) -> (artifact id: '7ef74eb2bc9ea9d8ea5b48414b3af929') in 0.0222766 seconds
Number of updated asset objects reloaded before import = 0Number of asset objects unloaded after import = 17

========================================================================
Received Import Request.
  Time since last request: 0.000022 seconds.
  path: Assets/Synty/PolygonShops/Prefabs/Food/SM_Prop_Food_Watermelon_Slice_01.prefab
  artifactKey: Guid(f566a44bcce779045be479e0092074de) Importer(815301076,1909f56bfc062723c751e8b465ee728b)
Start importing Assets/Synty/PolygonShops/Prefabs/Food/SM_Prop_Food_Watermelon_Slice_01.prefab using Guid(f566a44bcce779045be479e0092074de) Importer(815301076,1909f56bfc062723c751e8b465ee728b) (PreviewImporter) -> (artifact id: '76544830b603d9d0780f1febb8023fe3') in 0.0208185 seconds
Number of updated asset objects reloaded before import = 0Number of asset objects unloaded after import = 17

========================================================================
Received Import Request.
  Time since last request: 0.000023 seconds.
  path: Assets/Synty/PolygonShops/Prefabs/Food/SM_Prop_Food_Wrap_01.prefab
  artifactKey: Guid(839df01f439d2c349990ce056dfac3f9) Importer(815301076,1909f56bfc062723c751e8b465ee728b)
Start importing Assets/Synty/PolygonShops/Prefabs/Food/SM_Prop_Food_Wrap_01.prefab using Guid(839df01f439d2c349990ce056dfac3f9) Importer(815301076,1909f56bfc062723c751e8b465ee728b) (PreviewImporter) -> (artifact id: '522fe6c4f9d28b19deb518fd0b2bec21') in 0.0207631 seconds
Number of updated asset objects reloaded before import = 0Number of asset objects unloaded after import = 17

========================================================================
Received Import Request.
  Time since last request: 0.849510 seconds.
  path: Assets/Synty/PolygonShops/Prefabs/Food/SM_Prop_Product_Milk_01.prefab
  artifactKey: Guid(6385d27c729218a48928814c096cda28) Importer(815301076,1909f56bfc062723c751e8b465ee728b)
Start importing Assets/Synty/PolygonShops/Prefabs/Food/SM_Prop_Product_Milk_01.prefab using Guid(6385d27c729218a48928814c096cda28) Importer(815301076,1909f56bfc062723c751e8b465ee728b) (PreviewImporter) -> (artifact id: '65392662567c8546aee74ef6f0e903ca') in 0.0249458 seconds
Number of updated asset objects reloaded before import = 0Number of asset objects unloaded after import = 17

========================================================================
Received Import Request.
  Time since last request: 141.141821 seconds.
  path: Assets/Synty/PolygonShops/Materials/Misc/PolygonShops_Glass_01.mat
  artifactKey: Guid(815265f0bd174eb4eb30a87cc5550102) Importer(2089858483,b0f066a214c2f5e87bad3c948f4d605d)
Start importing Assets/Synty/PolygonShops/Materials/Misc/PolygonShops_Glass_01.mat using Guid(815265f0bd174eb4eb30a87cc5550102) Importer(2089858483,b0f066a214c2f5e87bad3c948f4d605d) (ScriptedImporter) -> (artifact id: '86c64a4138574fffcd8a309bf55e3d86') in 0.0313303 seconds
Number of updated asset objects reloaded before import = 0Number of asset objects unloaded after import = 6

========================================================================
Received Import Request.
  Time since last request: 534.038427 seconds.
  path: Assets/Scenes/SampleScene.unity
  artifactKey: Guid(99c9720ab356a0642a771bea13969a05) Importer(2089858483,b0f066a214c2f5e87bad3c948f4d605d)
Start importing Assets/Scenes/SampleScene.unity using Guid(99c9720ab356a0642a771bea13969a05) Importer(2089858483,b0f066a214c2f5e87bad3c948f4d605d) (ScriptedImporter) -> (artifact id: '93cf3455380f36dce04058e6bf1fdc7c') in 0.0152029 seconds
Number of updated asset objects reloaded before import = 0Number of asset objects unloaded after import = 1

