[Licensing::Module] Trying to connect to existing licensing client channel...
[Licensing::IpcConnector] Successfully connected to: "LicenseClient-zieli" at "2026-04-22T03:05:42.7941177Z"
Built from '6000.3/staging' branch; Version is '6000.3.13f1 (8c4f11e4fb20) revision 9195281'; Using compiler version '194234433'; Build Type 'Release'
OS: 'Windows 11  (10.0.26200) Core' Language: 'en' Physical Memory: 32347 MB
BatchMode: 1, IsHumanControllingUs: 0, StartBugReporterOnCrash: 0, Is64bit: 1
System  architecture: x64
Process architecture: x64
Date: 2026-04-22T03:05:42Z

COMMAND LINE ARGUMENTS:
C:\Program Files\Unity\Hub\Editor\6000.3.13f1\Editor\Unity.exe
-adb2
-batchMode
-noUpm
-name
AssetImportWorker65
-projectPath
C:/Game Development/DisasterDiner
-logFile
Logs/AssetImportWorker65.log
-srvPort
60058
-licensingIpc
LicenseClient-zieli
-job-worker-count
7
-background-job-worker-count
8
-gc-helper-count
1
-name
AssetImport
Successfully changed project path to: C:/Game Development/DisasterDiner
C:/Game Development/DisasterDiner
[UnityMemory] Configuration Parameters - Can be set up in boot.config
    "memorysetup-temp-allocator-size-nav-mesh-worker=65536"
    "memorysetup-temp-allocator-size-audio-worker=65536"
    "memorysetup-temp-allocator-size-gfx=262144"
    "memorysetup-allocator-temp-initial-block-size-main=262144"
    "memorysetup-allocator-temp-initial-block-size-worker=262144"
    "memorysetup-temp-allocator-size-background-worker=32768"
    "memorysetup-temp-allocator-size-job-worker=262144"
    "memorysetup-temp-allocator-size-preload-manager=33554432"
    "memorysetup-temp-allocator-size-gi-baking-worker=262144"
    "memorysetup-temp-allocator-size-gi-baking-worker=262144"
    "memorysetup-temp-allocator-size-gi-baking-worker=262144"
    "memorysetup-temp-allocator-size-gi-baking-worker=262144"
    "memorysetup-temp-allocator-size-gi-baking-worker=262144"
    "memorysetup-bucket-allocator-granularity=16"
    "memorysetup-bucket-allocator-bucket-count=8"
    "memorysetup-bucket-allocator-block-size=33554432"
    "memorysetup-bucket-allocator-block-count=8"
    "memorysetup-main-allocator-block-size=16777216"
    "memorysetup-thread-allocator-block-size=16777216"
    "memorysetup-gfx-main-allocator-block-size=16777216"
    "memorysetup-gfx-thread-allocator-block-size=16777216"
    "memorysetup-cache-allocator-block-size=4194304"
    "memorysetup-typetree-allocator-block-size=2097152"
    "memorysetup-profiler-bucket-allocator-granularity=16"
    "memorysetup-profiler-bucket-allocator-bucket-count=8"
    "memorysetup-profiler-bucket-allocator-block-size=33554432"
    "memorysetup-profiler-bucket-allocator-block-count=8"
    "memorysetup-profiler-allocator-block-size=16777216"
    "memorysetup-profiler-editor-allocator-block-size=1048576"
    "memorysetup-temp-allocator-size-main=16777216"
    "memorysetup-job-temp-allocator-block-size=2097152"
    "memorysetup-job-temp-allocator-block-size-background=1048576"
    "memorysetup-job-temp-allocator-reduction-small-platforms=262144"
    "memorysetup-temp-allocator-size-cloud-worker=32768"
Player connection [40648]  Target information:

Player connection [40648]  * "[IP] 192.168.86.22 [Port] 0 [Flags] 2 [Guid] 301878679 [EditorId] 301878679 [Version] 1048832 [Id] WindowsEditor(7,Johns_PC) [Debug] 1 [PackageName] WindowsEditor [ProjectName] Editor" 

Player connection [40648] Host joined multi-casting on [225.0.0.222:54997]...
Player connection [40648] Host joined alternative multi-casting on [225.0.0.222:34997]...
JobSystem: Creating JobQueue using job-worker-count value 7
Input System module state changed to: Initialized.
[Physics::Module] Initialized fallback backend.
[Physics::Module] Id: 0xdecafbad
Library Redirect Path: Library/
[Physics::Module] Selected backend.
[Physics::Module] Name: PhysX
[Physics::Module] Id: 0xf2b8ea05
[Physics::Module] SDK Version: 4.1.2
[Physics::Module] Integration Version: 1.0.0
[Physics::Module] Threading Mode: Multi-Threaded
Refreshing native plugins compatible for Editor in 4.50 ms, found 4 plugins.
Preloading 0 native plugins for Editor in 0.00 ms.
Initialize engine version: 6000.3.13f1 (8c4f11e4fb20)
[Subsystems] Discovering subsystems at path C:/Program Files/Unity/Hub/Editor/6000.3.13f1/Editor/Data/Resources/UnitySubsystems
[Subsystems] Discovering subsystems at path C:/Game Development/DisasterDiner/Assets
GfxDevice: creating device client; kGfxThreadingModeNonThreaded
Direct3D:
    Version:  Direct3D 11.0 [level 11.1]
    Renderer: NVIDIA GeForce RTX 4070 SUPER (ID=0x2783)
    Vendor:   NVIDIA
    VRAM:     11999 MB
    Driver:   32.0.15.8157
Initialize mono
Mono path[0] = 'C:/Program Files/Unity/Hub/Editor/6000.3.13f1/Editor/Data/Managed'
Mono path[1] = 'C:/Program Files/Unity/Hub/Editor/6000.3.13f1/Editor/Data/MonoBleedingEdge/lib/mono/unityjit-win32'
Mono config path = 'C:/Program Files/Unity/Hub/Editor/6000.3.13f1/Editor/Data/MonoBleedingEdge/etc'
Using monoOptions --debugger-agent=transport=dt_socket,embedding=1,server=y,suspend=n,address=127.0.0.1:56776
Begin MonoManager ReloadAssembly
Registering precompiled unity dll's ...
Register platform support module: C:/Program Files/Unity/Hub/Editor/6000.3.13f1/Editor/Data/PlaybackEngines/WindowsStandaloneSupport/UnityEditor.WindowsStandalone.Extensions.dll
Registered in 0.002057 seconds.
[Licensing::Client] Error: HandshakeResponse reported an error:
	ResponseCode: 505
	ResponseStatus: Unsupported protocol version '1.18.1'.
[Licensing::Module] Error: Failed to handshake to channel: "LicenseClient-zieli"
[Licensing::IpcConnector] LicenseClient-zieli channel disconnected successfully.
[Licensing::IpcConnector] Successfully connected to: "LicenseClient-zieli-6000.3.13" at "2026-04-22T03:05:43.8738021Z"
- Loaded All Assemblies, in  0.365 seconds
Native extension for WindowsStandalone target not found
Package Manager log level set to [2]
[Package Manager] Failed to launch server process. Reason: Unity was launched with the -noUpm command-line argument
[Package Manager] Unable to send message (not connected to server process).
[Package Manager] Cannot connect to Unity Package Manager local server
ScheduleIndexationOnStartup MainProcess:False IndexOnStartup:True
Mono: successfully reloaded assembly
- Finished resetting the current domain, in  0.377 seconds
Domain Reload Profiling: 739ms
	BeginReloadAssembly (109ms)
		ExecutionOrderSort (0ms)
		DisableScriptedObjects (0ms)
		BackupInstance (0ms)
		ReleaseScriptingObjects (0ms)
		CreateAndSetChildDomain (1ms)
	RebuildCommonClasses (31ms)
	RebuildNativeTypeToScriptingClass (11ms)
	initialDomainReloadingComplete (42ms)
	LoadAllAssembliesAndSetupDomain (170ms)
		LoadAssemblies (106ms)
		RebuildTransferFunctionScriptingTraits (0ms)
		AnalyzeDomain (166ms)
			TypeCache.Refresh (164ms)
				TypeCache.ScanAssembly (147ms)
			BuildScriptInfoCaches (0ms)
			ResolveRequiredComponents (1ms)
	FinalizeReload (377ms)
		ReleaseScriptCaches (0ms)
		RebuildScriptCaches (0ms)
		SetupLoadedEditorAssemblies (317ms)
			LogAssemblyErrors (0ms)
			InitializePlatformSupportModulesInManaged (44ms)
			SetLoadedEditorAssemblies (4ms)
			BeforeProcessingInitializeOnLoad (72ms)
			ProcessInitializeOnLoadAttributes (120ms)
			ProcessInitializeOnLoadMethodAttributes (78ms)
			AfterProcessingInitializeOnLoad (0ms)
			EditorAssembliesLoaded (0ms)
		ExecutionOrderSort2 (0ms)
		AwakeInstancesAfterBackupRestoration (0ms)
========================================================================
Worker process is ready to serve import requests
Import Worker Mode flag is 0x00
Begin MonoManager ReloadAssembly
[Licensing::Module] Licensing is not yet initialized.
[Licensing::Client] Handshaking with LicensingClient:
  Version:                 1.18.1+9fbee8e
  Session Id:              04309667d2c9499aa2f603ddc6a0f69d
  Correlation Id:          2b999b7551c4f1abd27547e4a7907d59
  External correlation Id: 7824076235520061624
  Machine Id:              a0OP954qVZmt5azPS5PrvPW5hTY=
[Licensing::Module] Successfully connected to LicensingClient on channel: "LicenseClient-zieli-6000.3.13" (connect: 0.00s, validation: 0.00s, handshake: 0.96s)
[Licensing::IpcConnector] Successfully connected to: "LicenseClient-zieli-6000.3.13-notifications" at "2026-04-22T03:05:44.8359488Z"
[Licensing::Module] Licensing Background thread has ended after 2.04s
[Licensing::Module] Licensing is initialized (took 0.22s).
[Licensing::Client] Successfully resolved entitlement details
[Licensing::Module] License group:
  Id: 2475483376267-UnityPersXXXX
  Product: Unity Personal
  Type: Assigned
  Expiration: Unlimited
- Loaded All Assemblies, in  0.889 seconds
Refreshing native plugins compatible for Editor in 1.80 ms, found 4 plugins.
Native extension for WindowsStandalone target not found
[Package Manager] Failed to launch server process. Reason: Unity was launched with the -noUpm command-line argument
[Package Manager] Unable to send message (not connected to server process).
[Package Manager] Cannot connect to Unity Package Manager local server
Refreshing native plugins compatible for Editor in 1.59 ms, found 4 plugins.
[Package Manager] Failed to launch server process. Reason: Unity was launched with the -noUpm command-line argument
[Package Manager] Unable to send message (not connected to server process).
[Package Manager] Cannot connect to Unity Package Manager local server
ScheduleIndexationOnStartup MainProcess:False IndexOnStartup:True
Mono: successfully reloaded assembly
- Finished resetting the current domain, in  0.633 seconds
Domain Reload Profiling: 1518ms
	BeginReloadAssembly (373ms)
		ExecutionOrderSort (0ms)
		DisableScriptedObjects (4ms)
		BackupInstance (0ms)
		ReleaseScriptingObjects (0ms)
		CreateAndSetChildDomain (28ms)
	RebuildCommonClasses (30ms)
	RebuildNativeTypeToScriptingClass (10ms)
	initialDomainReloadingComplete (33ms)
	LoadAllAssembliesAndSetupDomain (439ms)
		LoadAssemblies (297ms)
		RebuildTransferFunctionScriptingTraits (0ms)
		AnalyzeDomain (219ms)
			TypeCache.Refresh (147ms)
				TypeCache.ScanAssembly (136ms)
			BuildScriptInfoCaches (57ms)
			ResolveRequiredComponents (11ms)
	FinalizeReload (634ms)
		ReleaseScriptCaches (0ms)
		RebuildScriptCaches (0ms)
		SetupLoadedEditorAssemblies (472ms)
			LogAssemblyErrors (0ms)
			InitializePlatformSupportModulesInManaged (1ms)
			SetLoadedEditorAssemblies (3ms)
			BeforeProcessingInitializeOnLoad (111ms)
			ProcessInitializeOnLoadAttributes (302ms)
			ProcessInitializeOnLoadMethodAttributes (51ms)
			AfterProcessingInitializeOnLoad (5ms)
			EditorAssembliesLoaded (0ms)
		ExecutionOrderSort2 (0ms)
		AwakeInstancesAfterBackupRestoration (6ms)
Launched and connected shader compiler UnityShaderCompiler.exe after 0.01 seconds
Refreshing native plugins compatible for Editor in 1.67 ms, found 4 plugins.
Preloading 0 native plugins for Editor in 0.00 ms.
Unloading 16 Unused Serialized files (Serialized files now loaded: 0)
Unloading 6447 unused Assets / (4.9 MB). Loaded Objects now: 7248.
Memory consumption went from 162.7 MB to 157.9 MB.
Total: 7.168300 ms (FindLiveObjects: 0.586600 ms CreateObjectMapping: 0.385800 ms MarkObjects: 4.058900 ms  DeleteObjects: 2.135600 ms)

========================================================================
Received Import Request.
  Time since last request: 20139.476506 seconds.
  path: Assets/Synty/PolygonShops/Prefabs/Props/SM_Prop_Mall_Kiosk_Cafe_01_Sign_01.prefab
  artifactKey: Guid(9efe0f9a9cf2ede49bf9096b8dfa4a9c) Importer(815301076,1909f56bfc062723c751e8b465ee728b)
Start importing Assets/Synty/PolygonShops/Prefabs/Props/SM_Prop_Mall_Kiosk_Cafe_01_Sign_01.prefab using Guid(9efe0f9a9cf2ede49bf9096b8dfa4a9c) Importer(815301076,1909f56bfc062723c751e8b465ee728b) (PreviewImporter) -> (artifact id: '2e9db9180f2421c41c283dd46e8ad9c4') in 0.4353856 seconds
Number of updated asset objects reloaded before import = 0Number of asset objects unloaded after import = 23

========================================================================
Received Import Request.
  Time since last request: 0.361436 seconds.
  path: Assets/Synty/PolygonShops/Models/Collision/Convex/SM_Prop_Mall_Kiosk_Cafe_01_Sign_01_Convex 2.asset
  artifactKey: Guid(061cd60402c2aef41b6a7ff00bb804fa) Importer(815301076,1909f56bfc062723c751e8b465ee728b)
Start importing Assets/Synty/PolygonShops/Models/Collision/Convex/SM_Prop_Mall_Kiosk_Cafe_01_Sign_01_Convex 2.asset using Guid(061cd60402c2aef41b6a7ff00bb804fa) Importer(815301076,1909f56bfc062723c751e8b465ee728b) (PreviewImporter) -> (artifact id: '57583a285ce9113ccd5ffe5c80de08b5') in 0.0380111 seconds
Number of updated asset objects reloaded before import = 0Number of asset objects unloaded after import = 6

========================================================================
Received Import Request.
  Time since last request: 0.808816 seconds.
  path: Assets/Synty/PolygonShops/Models/Collision/Convex/SM_Prop_Mall_Kiosk_Cafe_01_Sign_01_Convex 3.asset
  artifactKey: Guid(4ac7042a15324ed4f8c407917472f532) Importer(815301076,1909f56bfc062723c751e8b465ee728b)
Start importing Assets/Synty/PolygonShops/Models/Collision/Convex/SM_Prop_Mall_Kiosk_Cafe_01_Sign_01_Convex 3.asset using Guid(4ac7042a15324ed4f8c407917472f532) Importer(815301076,1909f56bfc062723c751e8b465ee728b) (PreviewImporter) -> (artifact id: 'd6dec0bd8d219c38af4ad6a7f7fc1505') in 0.0184901 seconds
Number of updated asset objects reloaded before import = 0Number of asset objects unloaded after import = 5

========================================================================
Received Import Request.
  Time since last request: 0.383854 seconds.
  path: Assets/Synty/PolygonShops/Models/SM_Prop_Mall_Kiosk_Information_Sign_01.fbx
  artifactKey: Guid(f43b713b5b5582f4aac155dee1d6e9f1) Importer(815301076,1909f56bfc062723c751e8b465ee728b)
Start importing Assets/Synty/PolygonShops/Models/SM_Prop_Mall_Kiosk_Information_Sign_01.fbx using Guid(f43b713b5b5582f4aac155dee1d6e9f1) Importer(815301076,1909f56bfc062723c751e8b465ee728b) (PreviewImporter) -> (artifact id: 'c2934a969da4945a3cdfc310edb867ae') in 0.0184599 seconds
Number of updated asset objects reloaded before import = 0Number of asset objects unloaded after import = 7

========================================================================
Received Import Request.
  Time since last request: 0.311484 seconds.
  path: Assets/Synty/PolygonShops/Prefabs/Props/SM_Prop_Mall_Kiosk_Information_Sign_01.prefab
  artifactKey: Guid(20b4a835363248d40ad701a3729cabc7) Importer(815301076,1909f56bfc062723c751e8b465ee728b)
Start importing Assets/Synty/PolygonShops/Prefabs/Props/SM_Prop_Mall_Kiosk_Information_Sign_01.prefab using Guid(20b4a835363248d40ad701a3729cabc7) Importer(815301076,1909f56bfc062723c751e8b465ee728b) (PreviewImporter) -> (artifact id: '7463cd5e25675925da76561be54f317a') in 0.0246083 seconds
Number of updated asset objects reloaded before import = 0Number of asset objects unloaded after import = 19

========================================================================
Received Import Request.
  Time since last request: 0.000027 seconds.
  path: Assets/Synty/PolygonShops/Models/Collision/Convex/SM_Prop_Mall_Kiosk_Information_Sign_01_Convex 1.asset
  artifactKey: Guid(4c1eb673f443b1540a84030942354a56) Importer(815301076,1909f56bfc062723c751e8b465ee728b)
Start importing Assets/Synty/PolygonShops/Models/Collision/Convex/SM_Prop_Mall_Kiosk_Information_Sign_01_Convex 1.asset using Guid(4c1eb673f443b1540a84030942354a56) Importer(815301076,1909f56bfc062723c751e8b465ee728b) (PreviewImporter) -> (artifact id: '7833d4269e73a59ca46775796af91f55') in 0.0145656 seconds
Number of updated asset objects reloaded before import = 0Number of asset objects unloaded after import = 3

========================================================================
Received Import Request.
  Time since last request: 0.420642 seconds.
  path: Assets/Synty/PolygonShops/Prefabs/Props/SM_Prop_Mall_Kiosk_Sign_01.prefab
  artifactKey: Guid(a611377e45eb6324dbed75433dc63975) Importer(815301076,1909f56bfc062723c751e8b465ee728b)
Start importing Assets/Synty/PolygonShops/Prefabs/Props/SM_Prop_Mall_Kiosk_Sign_01.prefab using Guid(a611377e45eb6324dbed75433dc63975) Importer(815301076,1909f56bfc062723c751e8b465ee728b) (PreviewImporter) -> (artifact id: '1a98352604afd66b8ae7b8c6db9badd9') in 0.0187695 seconds
Number of updated asset objects reloaded before import = 0Number of asset objects unloaded after import = 17

========================================================================
Received Import Request.
  Time since last request: 0.410647 seconds.
  path: Assets/Synty/PolygonShops/Models/Collision/Convex/SM_Prop_Mall_Kiosk_Sign_01_Convex.asset
  artifactKey: Guid(8742d1a9a2856eb4fa23fd98ce311a7e) Importer(815301076,1909f56bfc062723c751e8b465ee728b)
Start importing Assets/Synty/PolygonShops/Models/Collision/Convex/SM_Prop_Mall_Kiosk_Sign_01_Convex.asset using Guid(8742d1a9a2856eb4fa23fd98ce311a7e) Importer(815301076,1909f56bfc062723c751e8b465ee728b) (PreviewImporter) -> (artifact id: '7b869fb4e701bdc06ee16dfdd96be932') in 0.0132034 seconds
Number of updated asset objects reloaded before import = 0Number of asset objects unloaded after import = 2

========================================================================
Received Import Request.
  Time since last request: 0.000018 seconds.
  path: Assets/Synty/PolygonApocalypse/Prefabs/Props/SM_Prop_Sign_01.prefab
  artifactKey: Guid(91e46eb6682ce7a48a5872711334c257) Importer(815301076,1909f56bfc062723c751e8b465ee728b)
Start importing Assets/Synty/PolygonApocalypse/Prefabs/Props/SM_Prop_Sign_01.prefab using Guid(91e46eb6682ce7a48a5872711334c257) Importer(815301076,1909f56bfc062723c751e8b465ee728b) (PreviewImporter) -> (artifact id: '57e318d385213a20fa6f424d5807eee3') in 0.0455882 seconds
Number of updated asset objects reloaded before import = 0Number of asset objects unloaded after import = 18

========================================================================
Received Import Request.
  Time since last request: 0.303629 seconds.
  path: Assets/Synty/PolygonApocalypse/Models/Convex/SM_Prop_Sign_01_Convex.asset
  artifactKey: Guid(59796721559ebe548894769178ae4867) Importer(815301076,1909f56bfc062723c751e8b465ee728b)
Start importing Assets/Synty/PolygonApocalypse/Models/Convex/SM_Prop_Sign_01_Convex.asset using Guid(59796721559ebe548894769178ae4867) Importer(815301076,1909f56bfc062723c751e8b465ee728b) (PreviewImporter) -> (artifact id: 'ab828fc04fc6b2c2066a3969693db147') in 0.0151671 seconds
Number of updated asset objects reloaded before import = 0Number of asset objects unloaded after import = 2

========================================================================
Received Import Request.
  Time since last request: 0.001141 seconds.
  path: Assets/Synty/PolygonApocalypse/Prefabs/Props/SM_Prop_Sign_Arcade_01.prefab
  artifactKey: Guid(e6b169e9f505f294094f304e25698488) Importer(815301076,1909f56bfc062723c751e8b465ee728b)
Start importing Assets/Synty/PolygonApocalypse/Prefabs/Props/SM_Prop_Sign_Arcade_01.prefab using Guid(e6b169e9f505f294094f304e25698488) Importer(815301076,1909f56bfc062723c751e8b465ee728b) (PreviewImporter) -> (artifact id: '353fd28ff6a56c33a4ebcd17a2ab64fc') in 0.0354641 seconds
Number of updated asset objects reloaded before import = 0Number of asset objects unloaded after import = 18

========================================================================
Received Import Request.
  Time since last request: 0.270834 seconds.
  path: Assets/Synty/PolygonApocalypse/Models/SM_Prop_Sign_Arcade_01.fbx
  artifactKey: Guid(78205d65da61e2f49a94f7d2efc4ddc1) Importer(815301076,1909f56bfc062723c751e8b465ee728b)
Start importing Assets/Synty/PolygonApocalypse/Models/SM_Prop_Sign_Arcade_01.fbx using Guid(78205d65da61e2f49a94f7d2efc4ddc1) Importer(815301076,1909f56bfc062723c751e8b465ee728b) (PreviewImporter) -> (artifact id: '5cbd46d1bdd8cebc9e79041cb1205a30') in 0.0145322 seconds
Number of updated asset objects reloaded before import = 0Number of asset objects unloaded after import = 7

========================================================================
Received Import Request.
  Time since last request: 0.018227 seconds.
  path: Assets/Synty/PolygonApocalypse/Models/Convex/SM_Prop_Sign_Arcade_01_Convex.asset
  artifactKey: Guid(1666bec535036924c840345c6c770d4d) Importer(815301076,1909f56bfc062723c751e8b465ee728b)
Start importing Assets/Synty/PolygonApocalypse/Models/Convex/SM_Prop_Sign_Arcade_01_Convex.asset using Guid(1666bec535036924c840345c6c770d4d) Importer(815301076,1909f56bfc062723c751e8b465ee728b) (PreviewImporter) -> (artifact id: 'f2fb3dcea5b78399420a70799743b620') in 0.0164777 seconds
Number of updated asset objects reloaded before import = 0Number of asset objects unloaded after import = 2

========================================================================
Received Import Request.
  Time since last request: 0.471537 seconds.
  path: Assets/Synty/PolygonShops/Prefabs/Props/SM_Prop_Sign_Balloon_01.prefab
  artifactKey: Guid(e192908ec04957a4c988e16adf5d96ff) Importer(815301076,1909f56bfc062723c751e8b465ee728b)
Start importing Assets/Synty/PolygonShops/Prefabs/Props/SM_Prop_Sign_Balloon_01.prefab using Guid(e192908ec04957a4c988e16adf5d96ff) Importer(815301076,1909f56bfc062723c751e8b465ee728b) (PreviewImporter) -> (artifact id: '87eb650e28ddbea34342e005fd2634a1') in 0.0163468 seconds
Number of updated asset objects reloaded before import = 0Number of asset objects unloaded after import = 15

========================================================================
Received Import Request.
  Time since last request: 0.000021 seconds.
  path: Assets/Synty/PolygonShops/Models/SM_Prop_Sign_Balloon_01.fbx
  artifactKey: Guid(ad2be2c13344d2a4c913fb96cf7d8d04) Importer(815301076,1909f56bfc062723c751e8b465ee728b)
Start importing Assets/Synty/PolygonShops/Models/SM_Prop_Sign_Balloon_01.fbx using Guid(ad2be2c13344d2a4c913fb96cf7d8d04) Importer(815301076,1909f56bfc062723c751e8b465ee728b) (PreviewImporter) -> (artifact id: '31e7ad3249fe722afe1d64599ccf16cf') in 0.0132083 seconds
Number of updated asset objects reloaded before import = 0Number of asset objects unloaded after import = 7

========================================================================
Received Import Request.
  Time since last request: 1.613977 seconds.
  path: Assets/Synty/PolygonApocalypse/Prefabs/Props/SM_Prop_Sign_Caution_01.prefab
  artifactKey: Guid(c03af3d34a4ccce4bb92c2d6351069a7) Importer(815301076,1909f56bfc062723c751e8b465ee728b)
Start importing Assets/Synty/PolygonApocalypse/Prefabs/Props/SM_Prop_Sign_Caution_01.prefab using Guid(c03af3d34a4ccce4bb92c2d6351069a7) Importer(815301076,1909f56bfc062723c751e8b465ee728b) (PreviewImporter) -> (artifact id: '5447af86c31a74761843166544a9f95a') in 0.0302471 seconds
Number of updated asset objects reloaded before import = 0Number of asset objects unloaded after import = 18

========================================================================
Received Import Request.
  Time since last request: 0.000024 seconds.
  path: Assets/Synty/PolygonShops/Prefabs/Props/SM_Prop_Sign_Caution_01.prefab
  artifactKey: Guid(8e89f2b0b49a56044940f8f0126acc94) Importer(815301076,1909f56bfc062723c751e8b465ee728b)
Start importing Assets/Synty/PolygonShops/Prefabs/Props/SM_Prop_Sign_Caution_01.prefab using Guid(8e89f2b0b49a56044940f8f0126acc94) Importer(815301076,1909f56bfc062723c751e8b465ee728b) (PreviewImporter) -> (artifact id: '7c4166f8f74dd1dbd1eb1ba43096484c') in 0.0146723 seconds
Number of updated asset objects reloaded before import = 0Number of asset objects unloaded after import = 17

========================================================================
Received Import Request.
  Time since last request: 0.862325 seconds.
  path: Assets/Synty/PolygonApocalypse/Models/SM_Prop_Sign_Caution_01.fbx
  artifactKey: Guid(2c4d3d0d871f43741b8a28124d369f49) Importer(815301076,1909f56bfc062723c751e8b465ee728b)
Start importing Assets/Synty/PolygonApocalypse/Models/SM_Prop_Sign_Caution_01.fbx using Guid(2c4d3d0d871f43741b8a28124d369f49) Importer(815301076,1909f56bfc062723c751e8b465ee728b) (PreviewImporter) -> (artifact id: '2d50653c806bd84d9c5eb2efd94bb20e') in 0.0170099 seconds
Number of updated asset objects reloaded before import = 0Number of asset objects unloaded after import = 7

========================================================================
Received Import Request.
  Time since last request: 0.035930 seconds.
  path: Assets/Synty/PolygonShops/Models/SM_Prop_Sign_Caution_01.fbx
  artifactKey: Guid(61fada2cd026f86479d81a0b4917777f) Importer(815301076,1909f56bfc062723c751e8b465ee728b)
Start importing Assets/Synty/PolygonShops/Models/SM_Prop_Sign_Caution_01.fbx using Guid(61fada2cd026f86479d81a0b4917777f) Importer(815301076,1909f56bfc062723c751e8b465ee728b) (PreviewImporter) -> (artifact id: '4ea01ca505a69ce8025b03f9b6e5a406') in 0.0131468 seconds
Number of updated asset objects reloaded before import = 0Number of asset objects unloaded after import = 7

========================================================================
Received Import Request.
  Time since last request: 2.510515 seconds.
  path: Assets/Synty/PolygonApocalypse/Models/Convex/SM_Prop_Sign_Caution_01_Convex.asset
  artifactKey: Guid(5f32d6337de7ef44cb7aa714cf851d64) Importer(815301076,1909f56bfc062723c751e8b465ee728b)
Start importing Assets/Synty/PolygonApocalypse/Models/Convex/SM_Prop_Sign_Caution_01_Convex.asset using Guid(5f32d6337de7ef44cb7aa714cf851d64) Importer(815301076,1909f56bfc062723c751e8b465ee728b) (PreviewImporter) -> (artifact id: '5de7f4a1c5007731b71be5ee28ca37ee') in 0.0162178 seconds
Number of updated asset objects reloaded before import = 0Number of asset objects unloaded after import = 2

========================================================================
Received Import Request.
  Time since last request: 0.965798 seconds.
  path: Assets/Synty/PolygonShops/Models/Collision/Convex/SM_Prop_Sign_Caution_01_Convex.asset
  artifactKey: Guid(28aeeecfdae1b0544a2d6b7e7d210c2d) Importer(815301076,1909f56bfc062723c751e8b465ee728b)
Start importing Assets/Synty/PolygonShops/Models/Collision/Convex/SM_Prop_Sign_Caution_01_Convex.asset using Guid(28aeeecfdae1b0544a2d6b7e7d210c2d) Importer(815301076,1909f56bfc062723c751e8b465ee728b) (PreviewImporter) -> (artifact id: '2d45cc15523d80e714605e5a46dffa6d') in 0.0101767 seconds
Number of updated asset objects reloaded before import = 0Number of asset objects unloaded after import = 2

========================================================================
Received Import Request.
  Time since last request: 0.000025 seconds.
  path: Assets/Synty/PolygonShops/Models/SM_Prop_Sign_Chicken_01.fbx
  artifactKey: Guid(9ba12fdc0e5ea0a4d8558823faaf3b77) Importer(815301076,1909f56bfc062723c751e8b465ee728b)
Start importing Assets/Synty/PolygonShops/Models/SM_Prop_Sign_Chicken_01.fbx using Guid(9ba12fdc0e5ea0a4d8558823faaf3b77) Importer(815301076,1909f56bfc062723c751e8b465ee728b) (PreviewImporter) -> (artifact id: '3fca779980d868367541b7fb7e50d40f') in 0.01306 seconds
Number of updated asset objects reloaded before import = 0Number of asset objects unloaded after import = 7

========================================================================
Received Import Request.
  Time since last request: 0.313080 seconds.
  path: Assets/Synty/PolygonShops/Prefabs/Props/SM_Prop_Sign_Chicken_01.prefab
  artifactKey: Guid(3e87ca28e6922ab408d25a906555fcd7) Importer(815301076,1909f56bfc062723c751e8b465ee728b)
Start importing Assets/Synty/PolygonShops/Prefabs/Props/SM_Prop_Sign_Chicken_01.prefab using Guid(3e87ca28e6922ab408d25a906555fcd7) Importer(815301076,1909f56bfc062723c751e8b465ee728b) (PreviewImporter) -> (artifact id: '652abc6877db1069b72b2358a115848f') in 0.0183927 seconds
Number of updated asset objects reloaded before import = 0Number of asset objects unloaded after import = 17

========================================================================
Received Import Request.
  Time since last request: 0.000020 seconds.
  path: Assets/Synty/PolygonShops/Models/Collision/Convex/SM_Prop_Sign_Chicken_01_Convex 1.asset
  artifactKey: Guid(3b3cf395faf7114459fff7270d82c318) Importer(815301076,1909f56bfc062723c751e8b465ee728b)
Start importing Assets/Synty/PolygonShops/Models/Collision/Convex/SM_Prop_Sign_Chicken_01_Convex 1.asset using Guid(3b3cf395faf7114459fff7270d82c318) Importer(815301076,1909f56bfc062723c751e8b465ee728b) (PreviewImporter) -> (artifact id: '9774718564de0d84e501eb1180d13b95') in 0.0125557 seconds
Number of updated asset objects reloaded before import = 0Number of asset objects unloaded after import = 3

========================================================================
Received Import Request.
  Time since last request: 0.238429 seconds.
  path: Assets/Synty/PolygonApocalypse/Models/SM_Prop_Sign_Danger_01.fbx
  artifactKey: Guid(af5aa96ee93e35241b006faa33a5834a) Importer(815301076,1909f56bfc062723c751e8b465ee728b)
Start importing Assets/Synty/PolygonApocalypse/Models/SM_Prop_Sign_Danger_01.fbx using Guid(af5aa96ee93e35241b006faa33a5834a) Importer(815301076,1909f56bfc062723c751e8b465ee728b) (PreviewImporter) -> (artifact id: '30fcc7f1c2f6304eab86da4e74151567') in 0.0130433 seconds
Number of updated asset objects reloaded before import = 0Number of asset objects unloaded after import = 7

========================================================================
Received Import Request.
  Time since last request: 9.925798 seconds.
  path: Assets/Synty/PolygonApocalypse/Models/Convex/SM_Prop_Sign_Danger_01_Convex.asset
  artifactKey: Guid(ecfe7e4593fa87f489759aaa0656378e) Importer(815301076,1909f56bfc062723c751e8b465ee728b)
Start importing Assets/Synty/PolygonApocalypse/Models/Convex/SM_Prop_Sign_Danger_01_Convex.asset using Guid(ecfe7e4593fa87f489759aaa0656378e) Importer(815301076,1909f56bfc062723c751e8b465ee728b) (PreviewImporter) -> (artifact id: '5e2b75a5eb44a455e66ac616899c4195') in 0.0163333 seconds
Number of updated asset objects reloaded before import = 0Number of asset objects unloaded after import = 2

========================================================================
Received Import Request.
  Time since last request: 0.356128 seconds.
  path: Assets/Synty/PolygonApocalypse/Prefabs/Props/SM_Prop_Sign_Emergency_01.prefab
  artifactKey: Guid(bfdfabae76210d6439403a34f43b9147) Importer(815301076,1909f56bfc062723c751e8b465ee728b)
Start importing Assets/Synty/PolygonApocalypse/Prefabs/Props/SM_Prop_Sign_Emergency_01.prefab using Guid(bfdfabae76210d6439403a34f43b9147) Importer(815301076,1909f56bfc062723c751e8b465ee728b) (PreviewImporter) -> (artifact id: '3204b28fc692cfeba4ccd25a2065a0bf') in 0.0334194 seconds
Number of updated asset objects reloaded before import = 0Number of asset objects unloaded after import = 18

========================================================================
Received Import Request.
  Time since last request: 0.000022 seconds.
  path: Assets/Synty/PolygonApocalypse/Models/SM_Prop_Sign_Emergency_01.fbx
  artifactKey: Guid(b4b4f7c780a5c274bb304d77e2e517f6) Importer(815301076,1909f56bfc062723c751e8b465ee728b)
Start importing Assets/Synty/PolygonApocalypse/Models/SM_Prop_Sign_Emergency_01.fbx using Guid(b4b4f7c780a5c274bb304d77e2e517f6) Importer(815301076,1909f56bfc062723c751e8b465ee728b) (PreviewImporter) -> (artifact id: '6d92fe8a406d656ab637cdd58272cdb0') in 0.0166856 seconds
Number of updated asset objects reloaded before import = 0Number of asset objects unloaded after import = 7

========================================================================
Received Import Request.
  Time since last request: 0.257777 seconds.
  path: Assets/Synty/PolygonApocalypse/Models/Convex/SM_Prop_Sign_Emergency_01_Convex.asset
  artifactKey: Guid(76341604ce869d84cbf084c1cc2ddf74) Importer(815301076,1909f56bfc062723c751e8b465ee728b)
Start importing Assets/Synty/PolygonApocalypse/Models/Convex/SM_Prop_Sign_Emergency_01_Convex.asset using Guid(76341604ce869d84cbf084c1cc2ddf74) Importer(815301076,1909f56bfc062723c751e8b465ee728b) (PreviewImporter) -> (artifact id: '16b77ae9cd05ea2a1705bf5dfafcdc9b') in 0.015597 seconds
Number of updated asset objects reloaded before import = 0Number of asset objects unloaded after import = 2

========================================================================
Received Import Request.
  Time since last request: 0.000024 seconds.
  path: Assets/Synty/PolygonShops/Prefabs/Props/SM_Prop_Sign_Entry_01.prefab
  artifactKey: Guid(dd308cf76b90bb042883bee0214aeb06) Importer(815301076,1909f56bfc062723c751e8b465ee728b)
Start importing Assets/Synty/PolygonShops/Prefabs/Props/SM_Prop_Sign_Entry_01.prefab using Guid(dd308cf76b90bb042883bee0214aeb06) Importer(815301076,1909f56bfc062723c751e8b465ee728b) (PreviewImporter) -> (artifact id: '1917df61bc86565894bd084e4dde26b7') in 0.0151617 seconds
Number of updated asset objects reloaded before import = 0Number of asset objects unloaded after import = 17

========================================================================
Received Import Request.
  Time since last request: 4.698866 seconds.
  path: Assets/Synty/PolygonShops/Models/Collision/Convex/SM_Prop_Sign_Entry_01_Convex.asset
  artifactKey: Guid(810affd04d9fd014198f16b040482da2) Importer(815301076,1909f56bfc062723c751e8b465ee728b)
Start importing Assets/Synty/PolygonShops/Models/Collision/Convex/SM_Prop_Sign_Entry_01_Convex.asset using Guid(810affd04d9fd014198f16b040482da2) Importer(815301076,1909f56bfc062723c751e8b465ee728b) (PreviewImporter) -> (artifact id: '3fa9b78ac87cfea002eccbfbac62eacc') in 0.0107746 seconds
Number of updated asset objects reloaded before import = 0Number of asset objects unloaded after import = 2

========================================================================
Received Import Request.
  Time since last request: 0.000018 seconds.
  path: Assets/Synty/PolygonShops/Models/SM_Prop_Sign_Fish_01.fbx
  artifactKey: Guid(70d764fbd08f41e41bf5e15beceebe75) Importer(815301076,1909f56bfc062723c751e8b465ee728b)
Start importing Assets/Synty/PolygonShops/Models/SM_Prop_Sign_Fish_01.fbx using Guid(70d764fbd08f41e41bf5e15beceebe75) Importer(815301076,1909f56bfc062723c751e8b465ee728b) (PreviewImporter) -> (artifact id: 'aeee02dd49480f6ad60b0bd158b9c882') in 0.015092 seconds
Number of updated asset objects reloaded before import = 0Number of asset objects unloaded after import = 7

========================================================================
Received Import Request.
  Time since last request: 0.392331 seconds.
  path: Assets/Synty/PolygonShops/Models/Collision/Convex/SM_Prop_Sign_Fish_01_Convex.asset
  artifactKey: Guid(fce1787b778ab5840921e849ed272b9e) Importer(815301076,1909f56bfc062723c751e8b465ee728b)
Start importing Assets/Synty/PolygonShops/Models/Collision/Convex/SM_Prop_Sign_Fish_01_Convex.asset using Guid(fce1787b778ab5840921e849ed272b9e) Importer(815301076,1909f56bfc062723c751e8b465ee728b) (PreviewImporter) -> (artifact id: '271478233a6dfc97bb82654e8c53809a') in 0.0109605 seconds
Number of updated asset objects reloaded before import = 0Number of asset objects unloaded after import = 2

========================================================================
Received Import Request.
  Time since last request: 0.000023 seconds.
  path: Assets/Synty/PolygonShops/Models/Collision/Convex/SM_Prop_Sign_Fish_01_Convex 1.asset
  artifactKey: Guid(e7fa163a92cb6b448867bfbc01a9c132) Importer(815301076,1909f56bfc062723c751e8b465ee728b)
Start importing Assets/Synty/PolygonShops/Models/Collision/Convex/SM_Prop_Sign_Fish_01_Convex 1.asset using Guid(e7fa163a92cb6b448867bfbc01a9c132) Importer(815301076,1909f56bfc062723c751e8b465ee728b) (PreviewImporter) -> (artifact id: '928cd90c75a287940c6b47cbb7cd045d') in 0.0141022 seconds
Number of updated asset objects reloaded before import = 0Number of asset objects unloaded after import = 3

========================================================================
Received Import Request.
  Time since last request: 0.527460 seconds.
  path: Assets/Synty/PolygonApocalypse/Models/SM_Prop_Sign_Food_01.fbx
  artifactKey: Guid(ce9ef9aa6ec69de4d8d55a1f4009bbbe) Importer(815301076,1909f56bfc062723c751e8b465ee728b)
Start importing Assets/Synty/PolygonApocalypse/Models/SM_Prop_Sign_Food_01.fbx using Guid(ce9ef9aa6ec69de4d8d55a1f4009bbbe) Importer(815301076,1909f56bfc062723c751e8b465ee728b) (PreviewImporter) -> (artifact id: '75c9480fcd7e298999dc176a44bcf3a2') in 0.0144205 seconds
Number of updated asset objects reloaded before import = 0Number of asset objects unloaded after import = 7

========================================================================
Received Import Request.
  Time since last request: 0.024215 seconds.
  path: Assets/Synty/PolygonApocalypse/Prefabs/Props/SM_Prop_Sign_Food_01.prefab
  artifactKey: Guid(010860b9d797fed47b4b882506752d74) Importer(815301076,1909f56bfc062723c751e8b465ee728b)
Start importing Assets/Synty/PolygonApocalypse/Prefabs/Props/SM_Prop_Sign_Food_01.prefab using Guid(010860b9d797fed47b4b882506752d74) Importer(815301076,1909f56bfc062723c751e8b465ee728b) (PreviewImporter) -> (artifact id: '88cc8e86749c8ee17d38456bfca4eaab') in 0.0273414 seconds
Number of updated asset objects reloaded before import = 0Number of asset objects unloaded after import = 18

========================================================================
Received Import Request.
  Time since last request: 0.613090 seconds.
  path: Assets/Synty/PolygonApocalypse/Models/Convex/SM_Prop_Sign_Food_01_Convex.asset
  artifactKey: Guid(ce13add974117b144a0f15a6234de059) Importer(815301076,1909f56bfc062723c751e8b465ee728b)
Start importing Assets/Synty/PolygonApocalypse/Models/Convex/SM_Prop_Sign_Food_01_Convex.asset using Guid(ce13add974117b144a0f15a6234de059) Importer(815301076,1909f56bfc062723c751e8b465ee728b) (PreviewImporter) -> (artifact id: '76a15ba00833d8f53eeb7f8440fcbcbd') in 0.0187904 seconds
Number of updated asset objects reloaded before import = 0Number of asset objects unloaded after import = 2

========================================================================
Received Import Request.
  Time since last request: 0.000021 seconds.
  path: Assets/Synty/PolygonApocalypse/Models/SM_Prop_Sign_Grocery_01.fbx
  artifactKey: Guid(03ddfb85d663588489d255ac07dbf4e2) Importer(815301076,1909f56bfc062723c751e8b465ee728b)
Start importing Assets/Synty/PolygonApocalypse/Models/SM_Prop_Sign_Grocery_01.fbx using Guid(03ddfb85d663588489d255ac07dbf4e2) Importer(815301076,1909f56bfc062723c751e8b465ee728b) (PreviewImporter) -> (artifact id: '06f0de1f63523a920f0439b771521d89') in 0.0146555 seconds
Number of updated asset objects reloaded before import = 0Number of asset objects unloaded after import = 7

========================================================================
Received Import Request.
  Time since last request: 0.000025 seconds.
  path: Assets/Synty/PolygonApocalypse/Prefabs/Props/SM_Prop_Sign_Grocery_01.prefab
  artifactKey: Guid(0a22d46f2c7d8f24ba08712cdf09dc16) Importer(815301076,1909f56bfc062723c751e8b465ee728b)
Start importing Assets/Synty/PolygonApocalypse/Prefabs/Props/SM_Prop_Sign_Grocery_01.prefab using Guid(0a22d46f2c7d8f24ba08712cdf09dc16) Importer(815301076,1909f56bfc062723c751e8b465ee728b) (PreviewImporter) -> (artifact id: '60f9f7c686109cfd725880e2ba5f7898') in 0.029674 seconds
Number of updated asset objects reloaded before import = 0Number of asset objects unloaded after import = 18

========================================================================
Received Import Request.
  Time since last request: 0.388361 seconds.
  path: Assets/Synty/PolygonApocalypse/Models/Convex/SM_Prop_Sign_Grocery_01_Convex.asset
  artifactKey: Guid(723547ae1ca511f4f84bfc8cc4837c3e) Importer(815301076,1909f56bfc062723c751e8b465ee728b)
Start importing Assets/Synty/PolygonApocalypse/Models/Convex/SM_Prop_Sign_Grocery_01_Convex.asset using Guid(723547ae1ca511f4f84bfc8cc4837c3e) Importer(815301076,1909f56bfc062723c751e8b465ee728b) (PreviewImporter) -> (artifact id: '734b655645c0d297ea91a548d0dec8ec') in 0.0162566 seconds
Number of updated asset objects reloaded before import = 0Number of asset objects unloaded after import = 2

========================================================================
Received Import Request.
  Time since last request: 0.000018 seconds.
  path: Assets/Synty/PolygonApocalypse/Prefabs/Props/SM_Prop_Sign_Hospital_01.prefab
  artifactKey: Guid(318aac4e537c0da4fa49db6696be689c) Importer(815301076,1909f56bfc062723c751e8b465ee728b)
Start importing Assets/Synty/PolygonApocalypse/Prefabs/Props/SM_Prop_Sign_Hospital_01.prefab using Guid(318aac4e537c0da4fa49db6696be689c) Importer(815301076,1909f56bfc062723c751e8b465ee728b) (PreviewImporter) -> (artifact id: '6ebbda062251482f63f6026b9ccec256') in 0.0310165 seconds
Number of updated asset objects reloaded before import = 0Number of asset objects unloaded after import = 18

========================================================================
Received Import Request.
  Time since last request: 1.155161 seconds.
  path: Assets/Synty/PolygonApocalypse/Models/SM_Prop_Sign_Hospital_01.fbx
  artifactKey: Guid(bae02c56f06f23447a76f218ad13b46f) Importer(815301076,1909f56bfc062723c751e8b465ee728b)
Start importing Assets/Synty/PolygonApocalypse/Models/SM_Prop_Sign_Hospital_01.fbx using Guid(bae02c56f06f23447a76f218ad13b46f) Importer(815301076,1909f56bfc062723c751e8b465ee728b) (PreviewImporter) -> (artifact id: '00627c09db0ed6dede3a80440d0c7023') in 0.0155236 seconds
Number of updated asset objects reloaded before import = 0Number of asset objects unloaded after import = 7

========================================================================
Received Import Request.
  Time since last request: 0.000024 seconds.
  path: Assets/Synty/PolygonApocalypse/Models/Convex/SM_Prop_Sign_Hospital_01_Convex.asset
  artifactKey: Guid(9b6a68a3fdfe51a4e87e0cd0baaf0f67) Importer(815301076,1909f56bfc062723c751e8b465ee728b)
Start importing Assets/Synty/PolygonApocalypse/Models/Convex/SM_Prop_Sign_Hospital_01_Convex.asset using Guid(9b6a68a3fdfe51a4e87e0cd0baaf0f67) Importer(815301076,1909f56bfc062723c751e8b465ee728b) (PreviewImporter) -> (artifact id: 'e711c5948aa9e1bc55c6186af592e0a9') in 0.0153963 seconds
Number of updated asset objects reloaded before import = 0Number of asset objects unloaded after import = 2

========================================================================
Received Import Request.
  Time since last request: 0.398466 seconds.
  path: Assets/Synty/PolygonApocalypse/Models/SM_Prop_Sign_Hotel_01.fbx
  artifactKey: Guid(267fb8a9c8442ae42a396d34a6529f53) Importer(815301076,1909f56bfc062723c751e8b465ee728b)
Start importing Assets/Synty/PolygonApocalypse/Models/SM_Prop_Sign_Hotel_01.fbx using Guid(267fb8a9c8442ae42a396d34a6529f53) Importer(815301076,1909f56bfc062723c751e8b465ee728b) (PreviewImporter) -> (artifact id: '021ce0fa6d61c4e46d474433695badfa') in 0.0133699 seconds
Number of updated asset objects reloaded before import = 0Number of asset objects unloaded after import = 7

========================================================================
Received Import Request.
  Time since last request: 0.015646 seconds.
  path: Assets/Synty/PolygonApocalypse/Models/Convex/SM_Prop_Sign_Hotel_01_Convex.asset
  artifactKey: Guid(8dc803cc6a0a5104c90b8b92c390bf0d) Importer(815301076,1909f56bfc062723c751e8b465ee728b)
Start importing Assets/Synty/PolygonApocalypse/Models/Convex/SM_Prop_Sign_Hotel_01_Convex.asset using Guid(8dc803cc6a0a5104c90b8b92c390bf0d) Importer(815301076,1909f56bfc062723c751e8b465ee728b) (PreviewImporter) -> (artifact id: 'ed502b683d751edac4934d104feed6a5') in 0.0164449 seconds
Number of updated asset objects reloaded before import = 0Number of asset objects unloaded after import = 2

========================================================================
Received Import Request.
  Time since last request: 1.325007 seconds.
  path: Assets/Synty/PolygonApocalypse/Prefabs/Props/SM_Prop_Sign_Hunting_01.prefab
  artifactKey: Guid(5489b68e137251348b9f6f7a4053a168) Importer(815301076,1909f56bfc062723c751e8b465ee728b)
Start importing Assets/Synty/PolygonApocalypse/Prefabs/Props/SM_Prop_Sign_Hunting_01.prefab using Guid(5489b68e137251348b9f6f7a4053a168) Importer(815301076,1909f56bfc062723c751e8b465ee728b) (PreviewImporter) -> (artifact id: '1df25a20049be0c389ebea01de7c5e80') in 0.03587 seconds
Number of updated asset objects reloaded before import = 0Number of asset objects unloaded after import = 18

========================================================================
Received Import Request.
  Time since last request: 0.000029 seconds.
  path: Assets/Synty/PolygonApocalypse/Models/SM_Prop_Sign_Hunting_01.fbx
  artifactKey: Guid(6dd9f05d76733f64fb08d88d31fb3cb8) Importer(815301076,1909f56bfc062723c751e8b465ee728b)
Start importing Assets/Synty/PolygonApocalypse/Models/SM_Prop_Sign_Hunting_01.fbx using Guid(6dd9f05d76733f64fb08d88d31fb3cb8) Importer(815301076,1909f56bfc062723c751e8b465ee728b) (PreviewImporter) -> (artifact id: '8cd8d63ad6f67a636e23ec13f4bc4d39') in 0.0146361 seconds
Number of updated asset objects reloaded before import = 0Number of asset objects unloaded after import = 7

========================================================================
Received Import Request.
  Time since last request: 0.000025 seconds.
  path: Assets/Synty/PolygonApocalypse/Models/Convex/SM_Prop_Sign_Hunting_01_Convex.asset
  artifactKey: Guid(0e6693c75c1218146ae7f32846aedee0) Importer(815301076,1909f56bfc062723c751e8b465ee728b)
Start importing Assets/Synty/PolygonApocalypse/Models/Convex/SM_Prop_Sign_Hunting_01_Convex.asset using Guid(0e6693c75c1218146ae7f32846aedee0) Importer(815301076,1909f56bfc062723c751e8b465ee728b) (PreviewImporter) -> (artifact id: 'a9e5ce80696517778261278fe4fbeacc') in 0.0154026 seconds
Number of updated asset objects reloaded before import = 0Number of asset objects unloaded after import = 2

========================================================================
Received Import Request.
  Time since last request: 10.172121 seconds.
  path: Assets/Synty/PolygonApocalypse/Models/SM_Prop_Sign_KeepOut_01.fbx
  artifactKey: Guid(04b62919b95102c478de62fd69e03541) Importer(815301076,1909f56bfc062723c751e8b465ee728b)
Start importing Assets/Synty/PolygonApocalypse/Models/SM_Prop_Sign_KeepOut_01.fbx using Guid(04b62919b95102c478de62fd69e03541) Importer(815301076,1909f56bfc062723c751e8b465ee728b) (PreviewImporter) -> (artifact id: '71ae9cb11fd404891133dc5f62b30cab') in 0.0139069 seconds
Number of updated asset objects reloaded before import = 0Number of asset objects unloaded after import = 7

========================================================================
Received Import Request.
  Time since last request: 0.036068 seconds.
  path: Assets/Synty/PolygonApocalypse/Prefabs/Props/SM_Prop_Sign_KeepOut_01.prefab
  artifactKey: Guid(b76f90c5b43064a44b984d96c49d5e57) Importer(815301076,1909f56bfc062723c751e8b465ee728b)
Start importing Assets/Synty/PolygonApocalypse/Prefabs/Props/SM_Prop_Sign_KeepOut_01.prefab using Guid(b76f90c5b43064a44b984d96c49d5e57) Importer(815301076,1909f56bfc062723c751e8b465ee728b) (PreviewImporter) -> (artifact id: '8067f7689220092e34c026b5f2e366c0') in 0.0302878 seconds
Number of updated asset objects reloaded before import = 0Number of asset objects unloaded after import = 18

========================================================================
Received Import Request.
  Time since last request: 4.048744 seconds.
  path: Assets/Synty/PolygonApocalypse/Models/Convex/SM_Prop_Sign_KeepOut_01_Convex.asset
  artifactKey: Guid(c73b1ca6d558fc046904a06a67065d1b) Importer(815301076,1909f56bfc062723c751e8b465ee728b)
Start importing Assets/Synty/PolygonApocalypse/Models/Convex/SM_Prop_Sign_KeepOut_01_Convex.asset using Guid(c73b1ca6d558fc046904a06a67065d1b) Importer(815301076,1909f56bfc062723c751e8b465ee728b) (PreviewImporter) -> (artifact id: 'babf6429fd02a4715980c0c0b3608571') in 0.0168408 seconds
Number of updated asset objects reloaded before import = 0Number of asset objects unloaded after import = 2

========================================================================
Received Import Request.
  Time since last request: 0.000033 seconds.
  path: Assets/Synty/PolygonApocalypse/Prefabs/Props/SM_Prop_Sign_Market_01.prefab
  artifactKey: Guid(584548db2e864ec4fa70062516018ea3) Importer(815301076,1909f56bfc062723c751e8b465ee728b)
Start importing Assets/Synty/PolygonApocalypse/Prefabs/Props/SM_Prop_Sign_Market_01.prefab using Guid(584548db2e864ec4fa70062516018ea3) Importer(815301076,1909f56bfc062723c751e8b465ee728b) (PreviewImporter) -> (artifact id: '7ed25497c86a2bce9b4dfbcac0c75184') in 0.0317061 seconds
Number of updated asset objects reloaded before import = 0Number of asset objects unloaded after import = 18

========================================================================
Received Import Request.
  Time since last request: 0.313965 seconds.
  path: Assets/Synty/PolygonApocalypse/Models/Convex/SM_Prop_Sign_Market_01_Convex.asset
  artifactKey: Guid(6b68ef9cb871de641be06e4d9955433d) Importer(815301076,1909f56bfc062723c751e8b465ee728b)
Start importing Assets/Synty/PolygonApocalypse/Models/Convex/SM_Prop_Sign_Market_01_Convex.asset using Guid(6b68ef9cb871de641be06e4d9955433d) Importer(815301076,1909f56bfc062723c751e8b465ee728b) (PreviewImporter) -> (artifact id: '930ab489223c013d94e4b25a635e2ebb') in 0.0193245 seconds
Number of updated asset objects reloaded before import = 0Number of asset objects unloaded after import = 2

========================================================================
Received Import Request.
  Time since last request: 0.320929 seconds.
  path: Assets/Synty/PolygonShops/Prefabs/Props/SM_Prop_Sign_Mask_01.prefab
  artifactKey: Guid(9f9abbd82fb238243918e6f1e4ae3e74) Importer(815301076,1909f56bfc062723c751e8b465ee728b)
Start importing Assets/Synty/PolygonShops/Prefabs/Props/SM_Prop_Sign_Mask_01.prefab using Guid(9f9abbd82fb238243918e6f1e4ae3e74) Importer(815301076,1909f56bfc062723c751e8b465ee728b) (PreviewImporter) -> (artifact id: '3070c9ea9a37e94cdf4760ee602e80c7') in 0.0145774 seconds
Number of updated asset objects reloaded before import = 0Number of asset objects unloaded after import = 17

========================================================================
Received Import Request.
  Time since last request: 0.000021 seconds.
  path: Assets/Synty/PolygonShops/Models/Collision/Convex/SM_Prop_Sign_Mask_01_Convex.asset
  artifactKey: Guid(9c8b934cf631d9b43b57ae68ca1bb12c) Importer(815301076,1909f56bfc062723c751e8b465ee728b)
Start importing Assets/Synty/PolygonShops/Models/Collision/Convex/SM_Prop_Sign_Mask_01_Convex.asset using Guid(9c8b934cf631d9b43b57ae68ca1bb12c) Importer(815301076,1909f56bfc062723c751e8b465ee728b) (PreviewImporter) -> (artifact id: '2bdfd9ea452daa7aa01d5752f2dfb4ce') in 0.0102365 seconds
Number of updated asset objects reloaded before import = 0Number of asset objects unloaded after import = 2

========================================================================
Received Import Request.
  Time since last request: 0.691592 seconds.
  path: Assets/Synty/PolygonApocalypse/Models/SM_Prop_Sign_Military_01.fbx
  artifactKey: Guid(5a290d6ce4c10cc458e7c69242419e19) Importer(815301076,1909f56bfc062723c751e8b465ee728b)
Start importing Assets/Synty/PolygonApocalypse/Models/SM_Prop_Sign_Military_01.fbx using Guid(5a290d6ce4c10cc458e7c69242419e19) Importer(815301076,1909f56bfc062723c751e8b465ee728b) (PreviewImporter) -> (artifact id: '843a38077aa34ddc302505d904c8c94a') in 0.0135484 seconds
Number of updated asset objects reloaded before import = 0Number of asset objects unloaded after import = 7

========================================================================
Received Import Request.
  Time since last request: 0.822805 seconds.
  path: Assets/Synty/PolygonApocalypse/Prefabs/Props/SM_Prop_Sign_Military_01.prefab
  artifactKey: Guid(240ae9d003d73b845b5ece35219c2de9) Importer(815301076,1909f56bfc062723c751e8b465ee728b)
Start importing Assets/Synty/PolygonApocalypse/Prefabs/Props/SM_Prop_Sign_Military_01.prefab using Guid(240ae9d003d73b845b5ece35219c2de9) Importer(815301076,1909f56bfc062723c751e8b465ee728b) (PreviewImporter) -> (artifact id: 'a53e98a3a04f7063a95ac800da61a21f') in 0.0278443 seconds
Number of updated asset objects reloaded before import = 0Number of asset objects unloaded after import = 18

========================================================================
Received Import Request.
  Time since last request: 0.285787 seconds.
  path: Assets/Synty/PolygonApocalypse/Models/SM_Prop_Sign_MissingPapers_01.fbx
  artifactKey: Guid(d4c4d9a37446be14bbbd06e21b308da1) Importer(815301076,1909f56bfc062723c751e8b465ee728b)
Start importing Assets/Synty/PolygonApocalypse/Models/SM_Prop_Sign_MissingPapers_01.fbx using Guid(d4c4d9a37446be14bbbd06e21b308da1) Importer(815301076,1909f56bfc062723c751e8b465ee728b) (PreviewImporter) -> (artifact id: '3d2dc0f857ccd342d53c7deab62491d1') in 0.0127789 seconds
Number of updated asset objects reloaded before import = 0Number of asset objects unloaded after import = 7

========================================================================
Received Import Request.
  Time since last request: 0.000017 seconds.
  path: Assets/Synty/PolygonApocalypse/Prefabs/Props/SM_Prop_Sign_MissingPapers_01.prefab
  artifactKey: Guid(c0b87f43a49598f41978f75f0d3265d3) Importer(815301076,1909f56bfc062723c751e8b465ee728b)
Start importing Assets/Synty/PolygonApocalypse/Prefabs/Props/SM_Prop_Sign_MissingPapers_01.prefab using Guid(c0b87f43a49598f41978f75f0d3265d3) Importer(815301076,1909f56bfc062723c751e8b465ee728b) (PreviewImporter) -> (artifact id: '9204419ee1a6d27063a698c89f4e3057') in 0.0256627 seconds
Number of updated asset objects reloaded before import = 0Number of asset objects unloaded after import = 18

========================================================================
Received Import Request.
  Time since last request: 0.261743 seconds.
  path: Assets/Synty/PolygonApocalypse/Models/Convex/SM_Prop_Sign_MissingPapers_01_Convex.asset
  artifactKey: Guid(9a322969433caf649a22fd1654e73568) Importer(815301076,1909f56bfc062723c751e8b465ee728b)
Start importing Assets/Synty/PolygonApocalypse/Models/Convex/SM_Prop_Sign_MissingPapers_01_Convex.asset using Guid(9a322969433caf649a22fd1654e73568) Importer(815301076,1909f56bfc062723c751e8b465ee728b) (PreviewImporter) -> (artifact id: 'ebe321d4928ebbb535cfab92703461f9') in 0.016587 seconds
Number of updated asset objects reloaded before import = 0Number of asset objects unloaded after import = 2

========================================================================
Received Import Request.
  Time since last request: 0.000023 seconds.
  path: Assets/Synty/PolygonApocalypse/Models/SM_Prop_Sign_MissingPapers_02.fbx
  artifactKey: Guid(207afa297fd21f342bc21a84cd97aee4) Importer(815301076,1909f56bfc062723c751e8b465ee728b)
Start importing Assets/Synty/PolygonApocalypse/Models/SM_Prop_Sign_MissingPapers_02.fbx using Guid(207afa297fd21f342bc21a84cd97aee4) Importer(815301076,1909f56bfc062723c751e8b465ee728b) (PreviewImporter) -> (artifact id: '30ee10fa91b1f574f1d2903dab71430d') in 0.0141512 seconds
Number of updated asset objects reloaded before import = 0Number of asset objects unloaded after import = 7

========================================================================
Received Import Request.
  Time since last request: 0.261039 seconds.
  path: Assets/Synty/PolygonApocalypse/Models/Convex/SM_Prop_Sign_MissingPapers_02_Convex.asset
  artifactKey: Guid(6d1c9bc2589c18e4c8688e264625b9b2) Importer(815301076,1909f56bfc062723c751e8b465ee728b)
Start importing Assets/Synty/PolygonApocalypse/Models/Convex/SM_Prop_Sign_MissingPapers_02_Convex.asset using Guid(6d1c9bc2589c18e4c8688e264625b9b2) Importer(815301076,1909f56bfc062723c751e8b465ee728b) (PreviewImporter) -> (artifact id: '2e9b437b8b37fd3567d03df7ad4d9a7b') in 0.0159916 seconds
Number of updated asset objects reloaded before import = 0Number of asset objects unloaded after import = 2

========================================================================
Received Import Request.
  Time since last request: 0.000022 seconds.
  path: Assets/Synty/PolygonApocalypse/Prefabs/Props/SM_Prop_Sign_NotSafe_01.prefab
  artifactKey: Guid(8e8b4eee056db474d926639c221e302f) Importer(815301076,1909f56bfc062723c751e8b465ee728b)
Start importing Assets/Synty/PolygonApocalypse/Prefabs/Props/SM_Prop_Sign_NotSafe_01.prefab using Guid(8e8b4eee056db474d926639c221e302f) Importer(815301076,1909f56bfc062723c751e8b465ee728b) (PreviewImporter) -> (artifact id: '683a223cae492340f34d5467ca09b5f8') in 0.033399 seconds
Number of updated asset objects reloaded before import = 0Number of asset objects unloaded after import = 18

========================================================================
Received Import Request.
  Time since last request: 0.015052 seconds.
  path: Assets/Synty/PolygonApocalypse/Models/Convex/SM_Prop_Sign_NotSafe_01_Convex.asset
  artifactKey: Guid(8966d0175e0339b499db68526c75d374) Importer(815301076,1909f56bfc062723c751e8b465ee728b)
Start importing Assets/Synty/PolygonApocalypse/Models/Convex/SM_Prop_Sign_NotSafe_01_Convex.asset using Guid(8966d0175e0339b499db68526c75d374) Importer(815301076,1909f56bfc062723c751e8b465ee728b) (PreviewImporter) -> (artifact id: '68f64c6a3ecd6c837a5d3e420cbcc04c') in 0.016292 seconds
Number of updated asset objects reloaded before import = 0Number of asset objects unloaded after import = 2

========================================================================
Received Import Request.
  Time since last request: 0.000030 seconds.
  path: Assets/Synty/PolygonApocalypse/Models/SM_Prop_Sign_Pets_01.fbx
  artifactKey: Guid(cc65db23b8bc93c46ac9f13d161f5f4b) Importer(815301076,1909f56bfc062723c751e8b465ee728b)
Start importing Assets/Synty/PolygonApocalypse/Models/SM_Prop_Sign_Pets_01.fbx using Guid(cc65db23b8bc93c46ac9f13d161f5f4b) Importer(815301076,1909f56bfc062723c751e8b465ee728b) (PreviewImporter) -> (artifact id: 'a4e6823554b5af9a6f68e518f4f2e2a3') in 0.0133325 seconds
Number of updated asset objects reloaded before import = 0Number of asset objects unloaded after import = 7

========================================================================
Received Import Request.
  Time since last request: 0.303196 seconds.
  path: Assets/Synty/PolygonApocalypse/Prefabs/Props/SM_Prop_Sign_Pets_01.prefab
  artifactKey: Guid(69bde8cf3b49c784199eb64c6990ff35) Importer(815301076,1909f56bfc062723c751e8b465ee728b)
Start importing Assets/Synty/PolygonApocalypse/Prefabs/Props/SM_Prop_Sign_Pets_01.prefab using Guid(69bde8cf3b49c784199eb64c6990ff35) Importer(815301076,1909f56bfc062723c751e8b465ee728b) (PreviewImporter) -> (artifact id: 'dd09fc16602c57d906bd1a1516aab861') in 0.0266318 seconds
Number of updated asset objects reloaded before import = 0Number of asset objects unloaded after import = 18

========================================================================
Received Import Request.
  Time since last request: 0.001313 seconds.
  path: Assets/Synty/PolygonApocalypse/Prefabs/Props/SM_Prop_Sign_Quarantine_01.prefab
  artifactKey: Guid(57765ca4085e2dd429c5269354fd64a5) Importer(815301076,1909f56bfc062723c751e8b465ee728b)
Start importing Assets/Synty/PolygonApocalypse/Prefabs/Props/SM_Prop_Sign_Quarantine_01.prefab using Guid(57765ca4085e2dd429c5269354fd64a5) Importer(815301076,1909f56bfc062723c751e8b465ee728b) (PreviewImporter) -> (artifact id: '1e44fe0796961ef3915ad347f25a796a') in 0.0353877 seconds
Number of updated asset objects reloaded before import = 0Number of asset objects unloaded after import = 18

========================================================================
Received Import Request.
  Time since last request: 0.038964 seconds.
  path: Assets/Synty/PolygonApocalypse/Models/Convex/SM_Prop_Sign_Quarantine_01_Convex.asset
  artifactKey: Guid(ac3561c74d45fdb478648687b9b32281) Importer(815301076,1909f56bfc062723c751e8b465ee728b)
Start importing Assets/Synty/PolygonApocalypse/Models/Convex/SM_Prop_Sign_Quarantine_01_Convex.asset using Guid(ac3561c74d45fdb478648687b9b32281) Importer(815301076,1909f56bfc062723c751e8b465ee728b) (PreviewImporter) -> (artifact id: '93d93b17c8cb31885320ccbba5d11afd') in 0.0184341 seconds
Number of updated asset objects reloaded before import = 0Number of asset objects unloaded after import = 2

========================================================================
Received Import Request.
  Time since last request: 0.013455 seconds.
  path: Assets/Synty/PolygonApocalypse/Prefabs/Props/SM_Prop_Sign_Radioactive_01.prefab
  artifactKey: Guid(fe81ed542aa9fae47b4a95373407a1e6) Importer(815301076,1909f56bfc062723c751e8b465ee728b)
Start importing Assets/Synty/PolygonApocalypse/Prefabs/Props/SM_Prop_Sign_Radioactive_01.prefab using Guid(fe81ed542aa9fae47b4a95373407a1e6) Importer(815301076,1909f56bfc062723c751e8b465ee728b) (PreviewImporter) -> (artifact id: '9378df8172b35e4ca2cfa33de2af89f3') in 0.0340487 seconds
Number of updated asset objects reloaded before import = 0Number of asset objects unloaded after import = 18

========================================================================
Received Import Request.
  Time since last request: 0.489719 seconds.
  path: Assets/Synty/PolygonApocalypse/Models/SM_Prop_Sign_Radioactive_01.fbx
  artifactKey: Guid(81ddc01d07abf5142b1659082e826b16) Importer(815301076,1909f56bfc062723c751e8b465ee728b)
Start importing Assets/Synty/PolygonApocalypse/Models/SM_Prop_Sign_Radioactive_01.fbx using Guid(81ddc01d07abf5142b1659082e826b16) Importer(815301076,1909f56bfc062723c751e8b465ee728b) (PreviewImporter) -> (artifact id: '68f6317b2a134bb4f87a613e1d3863b4') in 0.0135065 seconds
Number of updated asset objects reloaded before import = 0Number of asset objects unloaded after import = 7

========================================================================
Received Import Request.
  Time since last request: 0.000018 seconds.
  path: Assets/Synty/PolygonApocalypse/Models/Convex/SM_Prop_Sign_Radioactive_01_Convex.asset
  artifactKey: Guid(945ff0206b03c3547b147a8818fe58b8) Importer(815301076,1909f56bfc062723c751e8b465ee728b)
Start importing Assets/Synty/PolygonApocalypse/Models/Convex/SM_Prop_Sign_Radioactive_01_Convex.asset using Guid(945ff0206b03c3547b147a8818fe58b8) Importer(815301076,1909f56bfc062723c751e8b465ee728b) (PreviewImporter) -> (artifact id: 'fb15ebbe5fc4f780d082b73ff58dea9e') in 0.0154628 seconds
Number of updated asset objects reloaded before import = 0Number of asset objects unloaded after import = 2

========================================================================
Received Import Request.
  Time since last request: 0.010907 seconds.
  path: Assets/Synty/PolygonApocalypse/Prefabs/Props/SM_Prop_Sign_Repairs_01.prefab
  artifactKey: Guid(37f39f951352b924f81373a7b3f07aaf) Importer(815301076,1909f56bfc062723c751e8b465ee728b)
Start importing Assets/Synty/PolygonApocalypse/Prefabs/Props/SM_Prop_Sign_Repairs_01.prefab using Guid(37f39f951352b924f81373a7b3f07aaf) Importer(815301076,1909f56bfc062723c751e8b465ee728b) (PreviewImporter) -> (artifact id: '227ae0dd2da9d7ab642e307f9cdb3de7') in 0.0234257 seconds
Number of updated asset objects reloaded before import = 0Number of asset objects unloaded after import = 18

========================================================================
Received Import Request.
  Time since last request: 0.000025 seconds.
  path: Assets/Synty/PolygonApocalypse/Models/SM_Prop_Sign_Safe_01.fbx
  artifactKey: Guid(8285f26d3ab0a944ab724154e784b98c) Importer(815301076,1909f56bfc062723c751e8b465ee728b)
Start importing Assets/Synty/PolygonApocalypse/Models/SM_Prop_Sign_Safe_01.fbx using Guid(8285f26d3ab0a944ab724154e784b98c) Importer(815301076,1909f56bfc062723c751e8b465ee728b) (PreviewImporter) -> (artifact id: '6e36c73fbfd201b929ce8573445a9080') in 0.0077961 seconds
Number of updated asset objects reloaded before import = 0Number of asset objects unloaded after import = 7

========================================================================
Received Import Request.
  Time since last request: 0.000029 seconds.
  path: Assets/Synty/PolygonApocalypse/Prefabs/Props/SM_Prop_Sign_Safe_01.prefab
  artifactKey: Guid(eab0280217d8d1147b6457a1ecc772ae) Importer(815301076,1909f56bfc062723c751e8b465ee728b)
Start importing Assets/Synty/PolygonApocalypse/Prefabs/Props/SM_Prop_Sign_Safe_01.prefab using Guid(eab0280217d8d1147b6457a1ecc772ae) Importer(815301076,1909f56bfc062723c751e8b465ee728b) (PreviewImporter) -> (artifact id: '0dfee194068fd8c0c3469d0c63496453') in 0.0266257 seconds
Number of updated asset objects reloaded before import = 0Number of asset objects unloaded after import = 18

========================================================================
Received Import Request.
  Time since last request: 0.000024 seconds.
  path: Assets/Synty/PolygonApocalypse/Models/SM_Prop_Sign_SafeHouse_01.fbx
  artifactKey: Guid(dd984a6bacda81443a2bacbc97a15c0c) Importer(815301076,1909f56bfc062723c751e8b465ee728b)
Start importing Assets/Synty/PolygonApocalypse/Models/SM_Prop_Sign_SafeHouse_01.fbx using Guid(dd984a6bacda81443a2bacbc97a15c0c) Importer(815301076,1909f56bfc062723c751e8b465ee728b) (PreviewImporter) -> (artifact id: 'ebd5e8db89f40118fb25cf974ed4047e') in 0.0126828 seconds
Number of updated asset objects reloaded before import = 0Number of asset objects unloaded after import = 7

========================================================================
Received Import Request.
  Time since last request: 0.507660 seconds.
  path: Assets/Synty/PolygonApocalypse/Models/Convex/SM_Prop_Sign_SafeHouse_01_Convex.asset
  artifactKey: Guid(7b63da32ea7a0e44283c4e3633fa948e) Importer(815301076,1909f56bfc062723c751e8b465ee728b)
Start importing Assets/Synty/PolygonApocalypse/Models/Convex/SM_Prop_Sign_SafeHouse_01_Convex.asset using Guid(7b63da32ea7a0e44283c4e3633fa948e) Importer(815301076,1909f56bfc062723c751e8b465ee728b) (PreviewImporter) -> (artifact id: '149bbfcf73cfd5f0313262245426b58e') in 0.0237901 seconds
Number of updated asset objects reloaded before import = 0Number of asset objects unloaded after import = 2

========================================================================
Received Import Request.
  Time since last request: 0.000049 seconds.
  path: Assets/Synty/PolygonApocalypse/Prefabs/Props/SM_Prop_Sign_Shop_01.prefab
  artifactKey: Guid(8f443944f5b95e3418520d680dd2fc41) Importer(815301076,1909f56bfc062723c751e8b465ee728b)
Start importing Assets/Synty/PolygonApocalypse/Prefabs/Props/SM_Prop_Sign_Shop_01.prefab using Guid(8f443944f5b95e3418520d680dd2fc41) Importer(815301076,1909f56bfc062723c751e8b465ee728b) (PreviewImporter) -> (artifact id: 'e8bb9c0fc287a7c9cb335baed7cc1339') in 0.048313 seconds
Number of updated asset objects reloaded before import = 0Number of asset objects unloaded after import = 18

========================================================================
Received Import Request.
  Time since last request: 0.000027 seconds.
  path: Assets/Synty/PolygonApocalypse/Models/Convex/SM_Prop_Sign_Stop_01_Convex.asset
  artifactKey: Guid(338ff342cd025ba41a746547c88d7db0) Importer(815301076,1909f56bfc062723c751e8b465ee728b)
Start importing Assets/Synty/PolygonApocalypse/Models/Convex/SM_Prop_Sign_Stop_01_Convex.asset using Guid(338ff342cd025ba41a746547c88d7db0) Importer(815301076,1909f56bfc062723c751e8b465ee728b) (PreviewImporter) -> (artifact id: '05ce8c4c8ceaf843b3cba97d5c692c61') in 0.0264206 seconds
Number of updated asset objects reloaded before import = 0Number of asset objects unloaded after import = 2

========================================================================
Received Import Request.
  Time since last request: 0.000052 seconds.
  path: Assets/Synty/PolygonShops/Models/SM_Prop_Sign_Toilets_01.fbx
  artifactKey: Guid(9759e22e44149fd47bb04096a5c580b2) Importer(815301076,1909f56bfc062723c751e8b465ee728b)
Start importing Assets/Synty/PolygonShops/Models/SM_Prop_Sign_Toilets_01.fbx using Guid(9759e22e44149fd47bb04096a5c580b2) Importer(815301076,1909f56bfc062723c751e8b465ee728b) (PreviewImporter) -> (artifact id: '87a227993d43690643a75cbf159ac497') in 0.0164385 seconds
Number of updated asset objects reloaded before import = 0Number of asset objects unloaded after import = 7

========================================================================
Received Import Request.
  Time since last request: 0.000025 seconds.
  path: Assets/Synty/PolygonShops/Models/Collision/Convex/SM_Prop_Sign_Toilets_01_Convex.asset
  artifactKey: Guid(15741eafdb2862e4d991097f15d54b06) Importer(815301076,1909f56bfc062723c751e8b465ee728b)
Start importing Assets/Synty/PolygonShops/Models/Collision/Convex/SM_Prop_Sign_Toilets_01_Convex.asset using Guid(15741eafdb2862e4d991097f15d54b06) Importer(815301076,1909f56bfc062723c751e8b465ee728b) (PreviewImporter) -> (artifact id: 'cc3ea8cd7130a067c69d8c0ba89b59ca') in 0.0098881 seconds
Number of updated asset objects reloaded before import = 0Number of asset objects unloaded after import = 2

========================================================================
Received Import Request.
  Time since last request: 0.310917 seconds.
  path: Assets/Synty/PolygonShops/Prefabs/Props/SM_Prop_Sign_Toilets_02.prefab
  artifactKey: Guid(fddafb911fbba404cbb0706b105d6214) Importer(815301076,1909f56bfc062723c751e8b465ee728b)
Start importing Assets/Synty/PolygonShops/Prefabs/Props/SM_Prop_Sign_Toilets_02.prefab using Guid(fddafb911fbba404cbb0706b105d6214) Importer(815301076,1909f56bfc062723c751e8b465ee728b) (PreviewImporter) -> (artifact id: '152261d76d400e24d29be1678c192b35') in 0.014456 seconds
Number of updated asset objects reloaded before import = 0Number of asset objects unloaded after import = 17

========================================================================
Received Import Request.
  Time since last request: 0.013723 seconds.
  path: Assets/Synty/PolygonShops/Models/Collision/Convex/SM_Prop_Sign_Toilets_02_Convex.asset
  artifactKey: Guid(7491a15f5019a634ab41f06b464a222f) Importer(815301076,1909f56bfc062723c751e8b465ee728b)
Start importing Assets/Synty/PolygonShops/Models/Collision/Convex/SM_Prop_Sign_Toilets_02_Convex.asset using Guid(7491a15f5019a634ab41f06b464a222f) Importer(815301076,1909f56bfc062723c751e8b465ee728b) (PreviewImporter) -> (artifact id: '1a548e257af65a8fe992fb97c617d52e') in 0.0109641 seconds
Number of updated asset objects reloaded before import = 0Number of asset objects unloaded after import = 2

========================================================================
Received Import Request.
  Time since last request: 0.013361 seconds.
  path: Assets/Synty/PolygonShops/Models/SM_Prop_Sign_Toilets_Arrow_01.fbx
  artifactKey: Guid(2485ef9451db2b547a87b2cb9892d7ee) Importer(815301076,1909f56bfc062723c751e8b465ee728b)
Start importing Assets/Synty/PolygonShops/Models/SM_Prop_Sign_Toilets_Arrow_01.fbx using Guid(2485ef9451db2b547a87b2cb9892d7ee) Importer(815301076,1909f56bfc062723c751e8b465ee728b) (PreviewImporter) -> (artifact id: '9823629d32eeb255a7576a5881abcc1a') in 0.0134991 seconds
Number of updated asset objects reloaded before import = 0Number of asset objects unloaded after import = 7

========================================================================
Received Import Request.
  Time since last request: 0.018326 seconds.
  path: Assets/Synty/PolygonShops/Prefabs/Props/SM_Prop_Sign_Toilets_Arrow_01.prefab
  artifactKey: Guid(35d140d8283291c439a368760aaaa027) Importer(815301076,1909f56bfc062723c751e8b465ee728b)
Start importing Assets/Synty/PolygonShops/Prefabs/Props/SM_Prop_Sign_Toilets_Arrow_01.prefab using Guid(35d140d8283291c439a368760aaaa027) Importer(815301076,1909f56bfc062723c751e8b465ee728b) (PreviewImporter) -> (artifact id: '58def179cae25fe63ca97bbaad159d08') in 0.014374 seconds
Number of updated asset objects reloaded before import = 0Number of asset objects unloaded after import = 17

========================================================================
Received Import Request.
  Time since last request: 0.340304 seconds.
  path: Assets/Synty/PolygonShops/Models/Collision/Convex/SM_Prop_Sign_Toilets_Arrow_01_Convex.asset
  artifactKey: Guid(2e94d9897a78bb4468aadc8a481d8bf6) Importer(815301076,1909f56bfc062723c751e8b465ee728b)
Start importing Assets/Synty/PolygonShops/Models/Collision/Convex/SM_Prop_Sign_Toilets_Arrow_01_Convex.asset using Guid(2e94d9897a78bb4468aadc8a481d8bf6) Importer(815301076,1909f56bfc062723c751e8b465ee728b) (PreviewImporter) -> (artifact id: '909642521f93491408a58b73d3af4b48') in 0.0142313 seconds
Number of updated asset objects reloaded before import = 0Number of asset objects unloaded after import = 2

========================================================================
Received Import Request.
  Time since last request: 0.000025 seconds.
  path: Assets/Synty/PolygonShops/Models/SM_Prop_Sign_Toilets_Disabled_01.fbx
  artifactKey: Guid(f25a5a2a712c606469748cb4e7e562b5) Importer(815301076,1909f56bfc062723c751e8b465ee728b)
Start importing Assets/Synty/PolygonShops/Models/SM_Prop_Sign_Toilets_Disabled_01.fbx using Guid(f25a5a2a712c606469748cb4e7e562b5) Importer(815301076,1909f56bfc062723c751e8b465ee728b) (PreviewImporter) -> (artifact id: '9052ce20f9939ecd44bedce4d0678261') in 0.0127917 seconds
Number of updated asset objects reloaded before import = 0Number of asset objects unloaded after import = 7

========================================================================
Received Import Request.
  Time since last request: 0.000024 seconds.
  path: Assets/Synty/PolygonShops/Models/Collision/Convex/SM_Prop_Sign_Toilets_Disabled_01_Convex.asset
  artifactKey: Guid(794768ed290ff1e449628d036279ba47) Importer(815301076,1909f56bfc062723c751e8b465ee728b)
Start importing Assets/Synty/PolygonShops/Models/Collision/Convex/SM_Prop_Sign_Toilets_Disabled_01_Convex.asset using Guid(794768ed290ff1e449628d036279ba47) Importer(815301076,1909f56bfc062723c751e8b465ee728b) (PreviewImporter) -> (artifact id: 'a941d80ab92bbf5f9952258a5b369a0d') in 0.0097625 seconds
Number of updated asset objects reloaded before import = 0Number of asset objects unloaded after import = 2

========================================================================
Received Import Request.
  Time since last request: 0.000018 seconds.
  path: Assets/Synty/PolygonShops/Prefabs/Props/SM_Prop_Sign_Toilets_Female_01.prefab
  artifactKey: Guid(fd0f7044e1d2248418c50a9c4cb78848) Importer(815301076,1909f56bfc062723c751e8b465ee728b)
Start importing Assets/Synty/PolygonShops/Prefabs/Props/SM_Prop_Sign_Toilets_Female_01.prefab using Guid(fd0f7044e1d2248418c50a9c4cb78848) Importer(815301076,1909f56bfc062723c751e8b465ee728b) (PreviewImporter) -> (artifact id: 'af37adaf2677deb5b9cf031a166452ec') in 0.0142222 seconds
Number of updated asset objects reloaded before import = 0Number of asset objects unloaded after import = 17

========================================================================
Received Import Request.
  Time since last request: 0.046485 seconds.
  path: Assets/Synty/PolygonShops/Models/Collision/Convex/SM_Prop_Sign_Toilets_Female_01_Convex.asset
  artifactKey: Guid(245f0be91f452824a8ca2c689037fd5d) Importer(815301076,1909f56bfc062723c751e8b465ee728b)
Start importing Assets/Synty/PolygonShops/Models/Collision/Convex/SM_Prop_Sign_Toilets_Female_01_Convex.asset using Guid(245f0be91f452824a8ca2c689037fd5d) Importer(815301076,1909f56bfc062723c751e8b465ee728b) (PreviewImporter) -> (artifact id: '92ca9b0ef12ff9e3b807fbc7a05f0693') in 0.0121494 seconds
Number of updated asset objects reloaded before import = 0Number of asset objects unloaded after import = 2

========================================================================
Received Import Request.
  Time since last request: 0.039972 seconds.
  path: Assets/Synty/PolygonShops/Models/SM_Prop_Sign_Toilets_Male_01.fbx
  artifactKey: Guid(9af50c9a9d3321f4cb597292ed151cfa) Importer(815301076,1909f56bfc062723c751e8b465ee728b)
Start importing Assets/Synty/PolygonShops/Models/SM_Prop_Sign_Toilets_Male_01.fbx using Guid(9af50c9a9d3321f4cb597292ed151cfa) Importer(815301076,1909f56bfc062723c751e8b465ee728b) (PreviewImporter) -> (artifact id: '3f1f0a0688b44f8f76e8b86200001e65') in 0.00951 seconds
Number of updated asset objects reloaded before import = 0Number of asset objects unloaded after import = 7

========================================================================
Received Import Request.
  Time since last request: 0.419109 seconds.
  path: Assets/Synty/PolygonShops/Prefabs/Props/SM_Prop_Sign_Toilets_Male_01.prefab
  artifactKey: Guid(b1c53866bf670454ca95b6e37c0db26d) Importer(815301076,1909f56bfc062723c751e8b465ee728b)
Start importing Assets/Synty/PolygonShops/Prefabs/Props/SM_Prop_Sign_Toilets_Male_01.prefab using Guid(b1c53866bf670454ca95b6e37c0db26d) Importer(815301076,1909f56bfc062723c751e8b465ee728b) (PreviewImporter) -> (artifact id: '7ca91d3a1eddd8d7dc2fbc2e3587018e') in 0.0169362 seconds
Number of updated asset objects reloaded before import = 0Number of asset objects unloaded after import = 17

========================================================================
Received Import Request.
  Time since last request: 0.020190 seconds.
  path: Assets/Synty/PolygonApocalypse/Prefabs/Props/SM_Prop_Sign_Tomato_01.prefab
  artifactKey: Guid(7807f4c88a184ca45a090c73cd045235) Importer(815301076,1909f56bfc062723c751e8b465ee728b)
Start importing Assets/Synty/PolygonApocalypse/Prefabs/Props/SM_Prop_Sign_Tomato_01.prefab using Guid(7807f4c88a184ca45a090c73cd045235) Importer(815301076,1909f56bfc062723c751e8b465ee728b) (PreviewImporter) -> (artifact id: '9845e409190bb4af9d51f4e009de692c') in 0.0317244 seconds
Number of updated asset objects reloaded before import = 0Number of asset objects unloaded after import = 18

========================================================================
Received Import Request.
  Time since last request: 12.357570 seconds.
  path: Assets/Synty/PolygonApocalypse/Prefabs/Characters/SM_Chr_Soldier_Female_01.prefab
  artifactKey: Guid(b1b8d24198898074e9e7a0a14af7ba95) Importer(815301076,1909f56bfc062723c751e8b465ee728b)
Start importing Assets/Synty/PolygonApocalypse/Prefabs/Characters/SM_Chr_Soldier_Female_01.prefab using Guid(b1b8d24198898074e9e7a0a14af7ba95) Importer(815301076,1909f56bfc062723c751e8b465ee728b) (PreviewImporter) -> (artifact id: '0955373986df6543b9c3739eaaf216fa') in 0.1438977 seconds
Number of updated asset objects reloaded before import = 0Number of asset objects unloaded after import = 257

========================================================================
Received Import Request.
  Time since last request: 0.000047 seconds.
  path: Assets/Synty/PolygonApocalypse/Prefabs/Characters/SM_Chr_Zombie_Female_02.prefab
  artifactKey: Guid(115e889341316e74b9a33d9cbcdd61b2) Importer(815301076,1909f56bfc062723c751e8b465ee728b)
Start importing Assets/Synty/PolygonApocalypse/Prefabs/Characters/SM_Chr_Zombie_Female_02.prefab using Guid(115e889341316e74b9a33d9cbcdd61b2) Importer(815301076,1909f56bfc062723c751e8b465ee728b) (PreviewImporter) -> (artifact id: '2bbad9eded17e4631b925a743398068c') in 0.0610638 seconds
Number of updated asset objects reloaded before import = 0Number of asset objects unloaded after import = 240

========================================================================
Received Import Request.
  Time since last request: 27.655707 seconds.
  path: Assets/Scenes/SampleScene.unity
  artifactKey: Guid(99c9720ab356a0642a771bea13969a05) Importer(2089858483,b0f066a214c2f5e87bad3c948f4d605d)
Start importing Assets/Scenes/SampleScene.unity using Guid(99c9720ab356a0642a771bea13969a05) Importer(2089858483,b0f066a214c2f5e87bad3c948f4d605d) (ScriptedImporter) -> (artifact id: '5fef2a7056ed26ccd70ed9bbce47b0f4') in 0.0463456 seconds
Number of updated asset objects reloaded before import = 0Number of asset objects unloaded after import = 1

========================================================================
Received Import Request.
  Time since last request: 14.524934 seconds.
  path: Assets/Scenes/SampleScene.unity
  artifactKey: Guid(99c9720ab356a0642a771bea13969a05) Importer(2089858483,b0f066a214c2f5e87bad3c948f4d605d)
Start importing Assets/Scenes/SampleScene.unity using Guid(99c9720ab356a0642a771bea13969a05) Importer(2089858483,b0f066a214c2f5e87bad3c948f4d605d) (ScriptedImporter) -> (artifact id: '2c947453e1d3f0d8654f48412de99cba') in 0.0168812 seconds
Number of updated asset objects reloaded before import = 0Number of asset objects unloaded after import = 1

========================================================================
Received Import Request.
  Time since last request: 227.003425 seconds.
  path: Assets/Synty/PolygonApocalypse/Prefabs/Characters/SM_Chr_Biker_Male_01.prefab
  artifactKey: Guid(af169be12f376ce46a3e6b4bee8b8ffe) Importer(815301076,1909f56bfc062723c751e8b465ee728b)
Start importing Assets/Synty/PolygonApocalypse/Prefabs/Characters/SM_Chr_Biker_Male_01.prefab using Guid(af169be12f376ce46a3e6b4bee8b8ffe) Importer(815301076,1909f56bfc062723c751e8b465ee728b) (PreviewImporter) -> (artifact id: '9b8d546fe5ead6dabed52ab454bef16e') in 0.0516568 seconds
Number of updated asset objects reloaded before import = 0Number of asset objects unloaded after import = 250

========================================================================
Received Import Request.
  Time since last request: 0.000027 seconds.
  path: Assets/Synty/PolygonApocalypse/Prefabs/Characters/SM_Chr_Criminal_Male_01.prefab
  artifactKey: Guid(aab8f459d9f6f1840a3731182032078d) Importer(815301076,1909f56bfc062723c751e8b465ee728b)
Start importing Assets/Synty/PolygonApocalypse/Prefabs/Characters/SM_Chr_Criminal_Male_01.prefab using Guid(aab8f459d9f6f1840a3731182032078d) Importer(815301076,1909f56bfc062723c751e8b465ee728b) (PreviewImporter) -> (artifact id: '12244630f0a7d33354a5f8ebcf32a4d3') in 0.0673714 seconds
Number of updated asset objects reloaded before import = 0Number of asset objects unloaded after import = 250

========================================================================
Received Import Request.
  Time since last request: 0.000063 seconds.
  path: Assets/Synty/PolygonApocalypse/Prefabs/Characters/SM_Chr_Cool_Female_01.prefab
  artifactKey: Guid(5ca4581ce598741409bac0c6f1bcf24c) Importer(815301076,1909f56bfc062723c751e8b465ee728b)
Start importing Assets/Synty/PolygonApocalypse/Prefabs/Characters/SM_Chr_Cool_Female_01.prefab using Guid(5ca4581ce598741409bac0c6f1bcf24c) Importer(815301076,1909f56bfc062723c751e8b465ee728b) (PreviewImporter) -> (artifact id: '35972916da343581a9a2cdf37ad8e78a') in 0.0563098 seconds
Number of updated asset objects reloaded before import = 0Number of asset objects unloaded after import = 250

========================================================================
Received Import Request.
  Time since last request: 0.000025 seconds.
  path: Assets/Synty/PolygonApocalypse/Prefabs/Characters/SM_Chr_Homeless_Male_01.prefab
  artifactKey: Guid(5f12d3436f23d6e4a8e79bba8ca88303) Importer(815301076,1909f56bfc062723c751e8b465ee728b)
Start importing Assets/Synty/PolygonApocalypse/Prefabs/Characters/SM_Chr_Homeless_Male_01.prefab using Guid(5f12d3436f23d6e4a8e79bba8ca88303) Importer(815301076,1909f56bfc062723c751e8b465ee728b) (PreviewImporter) -> (artifact id: '1d7f6fce83bed961e100982b76461a7b') in 0.0577327 seconds
Number of updated asset objects reloaded before import = 0Number of asset objects unloaded after import = 250

========================================================================
Received Import Request.
  Time since last request: 0.000028 seconds.
  path: Assets/Synty/PolygonApocalypse/Prefabs/Buildings/SM_Bld_Apartment_01.prefab
  artifactKey: Guid(0c045340be0090e43a49114a88f6597d) Importer(815301076,1909f56bfc062723c751e8b465ee728b)
Start importing Assets/Synty/PolygonApocalypse/Prefabs/Buildings/SM_Bld_Apartment_01.prefab using Guid(0c045340be0090e43a49114a88f6597d) Importer(815301076,1909f56bfc062723c751e8b465ee728b) (PreviewImporter) -> (artifact id: '3b039ae2c731d5a91808c09e4a56a1a1') in 0.0411393 seconds
Number of updated asset objects reloaded before import = 0Number of asset objects unloaded after import = 24

========================================================================
Received Import Request.
  Time since last request: 0.000040 seconds.
  path: Assets/Synty/PolygonApocalypse/Prefabs/Buildings/SM_Bld_Bunker_Ceiling_Vent_01.prefab
  artifactKey: Guid(3e033d750be697f498eb1cafdb31fd5c) Importer(815301076,1909f56bfc062723c751e8b465ee728b)
Start importing Assets/Synty/PolygonApocalypse/Prefabs/Buildings/SM_Bld_Bunker_Ceiling_Vent_01.prefab using Guid(3e033d750be697f498eb1cafdb31fd5c) Importer(815301076,1909f56bfc062723c751e8b465ee728b) (PreviewImporter) -> (artifact id: 'a26a9c5f6d15097ce9a7a9084d07c26c') in 0.0386984 seconds
Number of updated asset objects reloaded before import = 0Number of asset objects unloaded after import = 19

========================================================================
Received Import Request.
  Time since last request: 0.000031 seconds.
  path: Assets/Synty/PolygonApocalypse/Prefabs/Characters/SM_Chr_Hunter_Male_01.prefab
  artifactKey: Guid(bb300d8944d3a594f8a617a030409eb4) Importer(815301076,1909f56bfc062723c751e8b465ee728b)
Start importing Assets/Synty/PolygonApocalypse/Prefabs/Characters/SM_Chr_Hunter_Male_01.prefab using Guid(bb300d8944d3a594f8a617a030409eb4) Importer(815301076,1909f56bfc062723c751e8b465ee728b) (PreviewImporter) -> (artifact id: 'b57974d4ca3c5d04913785afcd3b50cf') in 0.0810345 seconds
Number of updated asset objects reloaded before import = 0Number of asset objects unloaded after import = 267

========================================================================
Received Import Request.
  Time since last request: 0.000046 seconds.
  path: Assets/Synty/PolygonApocalypse/Prefabs/Buildings/SM_Bld_Bunker_Ceiling_Concrete_02.prefab
  artifactKey: Guid(b5c7f582e70be9a4e9029ce1f56e43b2) Importer(815301076,1909f56bfc062723c751e8b465ee728b)
Start importing Assets/Synty/PolygonApocalypse/Prefabs/Buildings/SM_Bld_Bunker_Ceiling_Concrete_02.prefab using Guid(b5c7f582e70be9a4e9029ce1f56e43b2) Importer(815301076,1909f56bfc062723c751e8b465ee728b) (PreviewImporter) -> (artifact id: '7ee041b76763b548a5b96d5bffa5cac2') in 0.0360132 seconds
Number of updated asset objects reloaded before import = 0Number of asset objects unloaded after import = 17

========================================================================
Received Import Request.
  Time since last request: 5.484905 seconds.
  path: Assets/Scenes/SampleScene.unity
  artifactKey: Guid(99c9720ab356a0642a771bea13969a05) Importer(2089858483,b0f066a214c2f5e87bad3c948f4d605d)
Start importing Assets/Scenes/SampleScene.unity using Guid(99c9720ab356a0642a771bea13969a05) Importer(2089858483,b0f066a214c2f5e87bad3c948f4d605d) (ScriptedImporter) -> (artifact id: 'd57c19376595fe88704630a550d15e4a') in 0.0152631 seconds
Number of updated asset objects reloaded before import = 0Number of asset objects unloaded after import = 1

========================================================================
Received Import Request.
  Time since last request: 309.211879 seconds.
  path: Assets/Scenes/SampleScene.unity
  artifactKey: Guid(99c9720ab356a0642a771bea13969a05) Importer(2089858483,b0f066a214c2f5e87bad3c948f4d605d)
Start importing Assets/Scenes/SampleScene.unity using Guid(99c9720ab356a0642a771bea13969a05) Importer(2089858483,b0f066a214c2f5e87bad3c948f4d605d) (ScriptedImporter) -> (artifact id: '6a8d1c04fc4e9279a17f307c4e394400') in 0.0197845 seconds
Number of updated asset objects reloaded before import = 0Number of asset objects unloaded after import = 1

========================================================================
Received Import Request.
  Time since last request: 51.735968 seconds.
  path: Assets/Scenes/SampleScene.unity
  artifactKey: Guid(99c9720ab356a0642a771bea13969a05) Importer(2089858483,b0f066a214c2f5e87bad3c948f4d605d)
Start importing Assets/Scenes/SampleScene.unity using Guid(99c9720ab356a0642a771bea13969a05) Importer(2089858483,b0f066a214c2f5e87bad3c948f4d605d) (ScriptedImporter) -> (artifact id: 'edb71ffbd788a43c4d204104d07f977b') in 0.0160927 seconds
Number of updated asset objects reloaded before import = 0Number of asset objects unloaded after import = 1

========================================================================
Received Import Request.
  Time since last request: 34.631084 seconds.
  path: Assets/Scenes/SampleScene.unity
  artifactKey: Guid(99c9720ab356a0642a771bea13969a05) Importer(2089858483,b0f066a214c2f5e87bad3c948f4d605d)
Start importing Assets/Scenes/SampleScene.unity using Guid(99c9720ab356a0642a771bea13969a05) Importer(2089858483,b0f066a214c2f5e87bad3c948f4d605d) (ScriptedImporter) -> (artifact id: '1ff0905d52d99f6aab85ea835ac90e3b') in 0.0160936 seconds
Number of updated asset objects reloaded before import = 0Number of asset objects unloaded after import = 1

========================================================================
Received Import Request.
  Time since last request: 66.340771 seconds.
  path: Assets/Scenes/SampleScene.unity
  artifactKey: Guid(99c9720ab356a0642a771bea13969a05) Importer(2089858483,b0f066a214c2f5e87bad3c948f4d605d)
Start importing Assets/Scenes/SampleScene.unity using Guid(99c9720ab356a0642a771bea13969a05) Importer(2089858483,b0f066a214c2f5e87bad3c948f4d605d) (ScriptedImporter) -> (artifact id: '299dd3025418e4bf1a66593ce3072bab') in 0.0197318 seconds
Number of updated asset objects reloaded before import = 0Number of asset objects unloaded after import = 1

========================================================================
Received Import Request.
  Time since last request: 13.093215 seconds.
  path: Assets/Scenes/SampleScene.unity
  artifactKey: Guid(99c9720ab356a0642a771bea13969a05) Importer(2089858483,b0f066a214c2f5e87bad3c948f4d605d)
Start importing Assets/Scenes/SampleScene.unity using Guid(99c9720ab356a0642a771bea13969a05) Importer(2089858483,b0f066a214c2f5e87bad3c948f4d605d) (ScriptedImporter) -> (artifact id: '57f1f4a34ce9207117c542d188c5fbbf') in 0.0137395 seconds
Number of updated asset objects reloaded before import = 0Number of asset objects unloaded after import = 1

========================================================================
Received Import Request.
  Time since last request: 8.651453 seconds.
  path: Assets/Scenes/SampleScene.unity
  artifactKey: Guid(99c9720ab356a0642a771bea13969a05) Importer(2089858483,b0f066a214c2f5e87bad3c948f4d605d)
Start importing Assets/Scenes/SampleScene.unity using Guid(99c9720ab356a0642a771bea13969a05) Importer(2089858483,b0f066a214c2f5e87bad3c948f4d605d) (ScriptedImporter) -> (artifact id: 'b354f691752cad625ffd63f2423d5937') in 0.0201611 seconds
Number of updated asset objects reloaded before import = 0Number of asset objects unloaded after import = 1

========================================================================
Received Import Request.
  Time since last request: 55.897056 seconds.
  path: Assets/Scenes/SampleScene.unity
  artifactKey: Guid(99c9720ab356a0642a771bea13969a05) Importer(2089858483,b0f066a214c2f5e87bad3c948f4d605d)
Start importing Assets/Scenes/SampleScene.unity using Guid(99c9720ab356a0642a771bea13969a05) Importer(2089858483,b0f066a214c2f5e87bad3c948f4d605d) (ScriptedImporter) -> (artifact id: 'b344e5122c199ee7eed495d95a0d0f21') in 0.0166573 seconds
Number of updated asset objects reloaded before import = 0Number of asset objects unloaded after import = 1

========================================================================
Received Import Request.
  Time since last request: 11.130183 seconds.
  path: Assets/Scenes/SampleScene.unity
  artifactKey: Guid(99c9720ab356a0642a771bea13969a05) Importer(2089858483,b0f066a214c2f5e87bad3c948f4d605d)
Start importing Assets/Scenes/SampleScene.unity using Guid(99c9720ab356a0642a771bea13969a05) Importer(2089858483,b0f066a214c2f5e87bad3c948f4d605d) (ScriptedImporter) -> (artifact id: '61c00081f161f7400ac2fcc5274d094c') in 0.0164987 seconds
Number of updated asset objects reloaded before import = 0Number of asset objects unloaded after import = 1

========================================================================
Received Import Request.
  Time since last request: 74.189948 seconds.
  path: Assets/Scenes/SampleScene.unity
  artifactKey: Guid(99c9720ab356a0642a771bea13969a05) Importer(2089858483,b0f066a214c2f5e87bad3c948f4d605d)
Start importing Assets/Scenes/SampleScene.unity using Guid(99c9720ab356a0642a771bea13969a05) Importer(2089858483,b0f066a214c2f5e87bad3c948f4d605d) (ScriptedImporter) -> (artifact id: 'bb4c967c7dcc9c0e4994bdc68a8a0426') in 0.0156063 seconds
Number of updated asset objects reloaded before import = 0Number of asset objects unloaded after import = 1

========================================================================
Received Import Request.
  Time since last request: 12.433771 seconds.
  path: Assets/Scenes/SampleScene.unity
  artifactKey: Guid(99c9720ab356a0642a771bea13969a05) Importer(2089858483,b0f066a214c2f5e87bad3c948f4d605d)
Start importing Assets/Scenes/SampleScene.unity using Guid(99c9720ab356a0642a771bea13969a05) Importer(2089858483,b0f066a214c2f5e87bad3c948f4d605d) (ScriptedImporter) -> (artifact id: 'a6b0ba45d1158ad17ba807fce80a4735') in 0.0154483 seconds
Number of updated asset objects reloaded before import = 0Number of asset objects unloaded after import = 1

========================================================================
Received Import Request.
  Time since last request: 224.053733 seconds.
  path: Assets/Synty/PolygonShops/Textures/PolygonShops_Building_Wood_01.png
  artifactKey: Guid(d3935dc2133960e4f80183d10b29eaa4) Importer(815301076,1909f56bfc062723c751e8b465ee728b)
Start importing Assets/Synty/PolygonShops/Textures/PolygonShops_Building_Wood_01.png using Guid(d3935dc2133960e4f80183d10b29eaa4) Importer(815301076,1909f56bfc062723c751e8b465ee728b) (PreviewImporter) -> (artifact id: '2261f700854be3281a869aac24029141') in 0.0178358 seconds
Number of updated asset objects reloaded before import = 0Number of asset objects unloaded after import = 2

========================================================================
Received Import Request.
  Time since last request: 0.000026 seconds.
  path: Assets/Synty/PolygonShops/Materials/Building_Mats/PolygonShops_Mat_Base_Wood_02.mat
  artifactKey: Guid(d79e8fc2eea8f534ea71deded9a396f5) Importer(815301076,1909f56bfc062723c751e8b465ee728b)
Start importing Assets/Synty/PolygonShops/Materials/Building_Mats/PolygonShops_Mat_Base_Wood_02.mat using Guid(d79e8fc2eea8f534ea71deded9a396f5) Importer(815301076,1909f56bfc062723c751e8b465ee728b) (PreviewImporter) -> (artifact id: '5099cd715cda10dd284c5a24f2f6ead1') in 0.0267826 seconds
Number of updated asset objects reloaded before import = 0Number of asset objects unloaded after import = 7

========================================================================
Received Import Request.
  Time since last request: 1.716676 seconds.
  path: Assets/Synty/PolygonApocalypse/Prefabs/Buildings/SM_Bld_Bunker_Ceiling_Wood_01.prefab
  artifactKey: Guid(4ba8e3a7f65eabb4480a8692eee3965f) Importer(815301076,1909f56bfc062723c751e8b465ee728b)
Start importing Assets/Synty/PolygonApocalypse/Prefabs/Buildings/SM_Bld_Bunker_Ceiling_Wood_01.prefab using Guid(4ba8e3a7f65eabb4480a8692eee3965f) Importer(815301076,1909f56bfc062723c751e8b465ee728b) (PreviewImporter) -> (artifact id: '1206efd198e7f8c7299d51152c16e060') in 0.0256362 seconds
Number of updated asset objects reloaded before import = 0Number of asset objects unloaded after import = 17

========================================================================
Received Import Request.
  Time since last request: 0.040483 seconds.
  path: Assets/Synty/PolygonApocalypse/Prefabs/Buildings/SM_Bld_Bunker_Floor_Wood_02.prefab
  artifactKey: Guid(8f98180107534f34b890c6b9dc9c6d05) Importer(815301076,1909f56bfc062723c751e8b465ee728b)
Start importing Assets/Synty/PolygonApocalypse/Prefabs/Buildings/SM_Bld_Bunker_Floor_Wood_02.prefab using Guid(8f98180107534f34b890c6b9dc9c6d05) Importer(815301076,1909f56bfc062723c751e8b465ee728b) (PreviewImporter) -> (artifact id: '730b9625a9a3a23b2e1b2c439414fe65') in 0.0252001 seconds
Number of updated asset objects reloaded before import = 0Number of asset objects unloaded after import = 17

========================================================================
Received Import Request.
  Time since last request: 0.342451 seconds.
  path: Assets/Synty/PolygonApocalypse/Prefabs/Buildings/SM_Bld_Bunker_Floor_Wood_03.prefab
  artifactKey: Guid(1f826b31b8d6b834e82aa2ca0a8c22e7) Importer(815301076,1909f56bfc062723c751e8b465ee728b)
Start importing Assets/Synty/PolygonApocalypse/Prefabs/Buildings/SM_Bld_Bunker_Floor_Wood_03.prefab using Guid(1f826b31b8d6b834e82aa2ca0a8c22e7) Importer(815301076,1909f56bfc062723c751e8b465ee728b) (PreviewImporter) -> (artifact id: '873b39af077f5177e3b2d6be410ef927') in 0.0239467 seconds
Number of updated asset objects reloaded before import = 0Number of asset objects unloaded after import = 17

========================================================================
Received Import Request.
  Time since last request: 0.252205 seconds.
  path: Assets/Synty/PolygonApocalypse/Prefabs/Buildings/SM_Bld_Bunker_Wood_Floor_Raised_01.prefab
  artifactKey: Guid(bfc0e6b7d5dfd174892d441832237d3e) Importer(815301076,1909f56bfc062723c751e8b465ee728b)
Start importing Assets/Synty/PolygonApocalypse/Prefabs/Buildings/SM_Bld_Bunker_Wood_Floor_Raised_01.prefab using Guid(bfc0e6b7d5dfd174892d441832237d3e) Importer(815301076,1909f56bfc062723c751e8b465ee728b) (PreviewImporter) -> (artifact id: 'c073befd70f221f6de4d0d753dfd1ecf') in 0.0232251 seconds
Number of updated asset objects reloaded before import = 0Number of asset objects unloaded after import = 17

========================================================================
Received Import Request.
  Time since last request: 0.000691 seconds.
  path: Assets/Synty/PolygonApocalypse/Prefabs/Buildings/SM_Bld_Bunker_Wood_Floor_Raised_x2_01.prefab
  artifactKey: Guid(4017358964b48a044b80bbb8d5cf6232) Importer(815301076,1909f56bfc062723c751e8b465ee728b)
Start importing Assets/Synty/PolygonApocalypse/Prefabs/Buildings/SM_Bld_Bunker_Wood_Floor_Raised_x2_01.prefab using Guid(4017358964b48a044b80bbb8d5cf6232) Importer(815301076,1909f56bfc062723c751e8b465ee728b) (PreviewImporter) -> (artifact id: '1405c43a5cce48d868359ea9ba62b6e4') in 0.0232144 seconds
Number of updated asset objects reloaded before import = 0Number of asset objects unloaded after import = 17

========================================================================
Received Import Request.
  Time since last request: 5.646864 seconds.
  path: Assets/Synty/PolygonShops/Prefabs/Props/SM_Prop_Hunting_Fishing_Rod_Rack_Wood_01.prefab
  artifactKey: Guid(3d482fc19a5596242ad4c5fb61047ee8) Importer(815301076,1909f56bfc062723c751e8b465ee728b)
Start importing Assets/Synty/PolygonShops/Prefabs/Props/SM_Prop_Hunting_Fishing_Rod_Rack_Wood_01.prefab using Guid(3d482fc19a5596242ad4c5fb61047ee8) Importer(815301076,1909f56bfc062723c751e8b465ee728b) (PreviewImporter) -> (artifact id: '20766cb77f57973ffc636709390c3325') in 0.0173678 seconds
Number of updated asset objects reloaded before import = 0Number of asset objects unloaded after import = 17

========================================================================
Received Import Request.
  Time since last request: 0.286056 seconds.
  path: Assets/Synty/PolygonShops/Models/Collision/Convex/SM_Prop_Hunting_Fishing_Rod_Rack_Wood_01_Convex.asset
  artifactKey: Guid(be1c4e2614d740643a0802122139759a) Importer(815301076,1909f56bfc062723c751e8b465ee728b)
Start importing Assets/Synty/PolygonShops/Models/Collision/Convex/SM_Prop_Hunting_Fishing_Rod_Rack_Wood_01_Convex.asset using Guid(be1c4e2614d740643a0802122139759a) Importer(815301076,1909f56bfc062723c751e8b465ee728b) (PreviewImporter) -> (artifact id: 'daa050b0e16b5f4a63123de76b7a9032') in 0.0146923 seconds
Number of updated asset objects reloaded before import = 0Number of asset objects unloaded after import = 2

========================================================================
Received Import Request.
  Time since last request: 0.440267 seconds.
  path: Assets/Synty/PolygonShops/Models/Collision/Convex/SM_Prop_Hunting_Fishing_Rod_Rack_Wood_02_Convex.asset
  artifactKey: Guid(c5d7ed8e81cd51b44b14d7b28f674883) Importer(815301076,1909f56bfc062723c751e8b465ee728b)
Start importing Assets/Synty/PolygonShops/Models/Collision/Convex/SM_Prop_Hunting_Fishing_Rod_Rack_Wood_02_Convex.asset using Guid(c5d7ed8e81cd51b44b14d7b28f674883) Importer(815301076,1909f56bfc062723c751e8b465ee728b) (PreviewImporter) -> (artifact id: 'f0f5fb8d2aebdcef265e6cdd8c14f38c') in 0.0104632 seconds
Number of updated asset objects reloaded before import = 0Number of asset objects unloaded after import = 2

========================================================================
Received Import Request.
  Time since last request: 0.018605 seconds.
  path: Assets/Synty/PolygonShops/Models/Collision/Convex/SM_Prop_Hunting_Fishing_Rod_Rack_Wood_Preset_01_Convex.asset
  artifactKey: Guid(5d6b3136ad7b81143b0619efa7ac9a7f) Importer(815301076,1909f56bfc062723c751e8b465ee728b)
Start importing Assets/Synty/PolygonShops/Models/Collision/Convex/SM_Prop_Hunting_Fishing_Rod_Rack_Wood_Preset_01_Convex.asset using Guid(5d6b3136ad7b81143b0619efa7ac9a7f) Importer(815301076,1909f56bfc062723c751e8b465ee728b) (PreviewImporter) -> (artifact id: '12ba838fad14fa168715aa1b71ed2761') in 0.0113087 seconds
Number of updated asset objects reloaded before import = 0Number of asset objects unloaded after import = 2

========================================================================
Received Import Request.
  Time since last request: 0.366922 seconds.
  path: Assets/Synty/PolygonShops/Prefabs/Props/SM_Prop_Hunting_Fishing_Rod_Rack_Wood_Preset_02.prefab
  artifactKey: Guid(e8844cde9651b6143b183e9de50fe984) Importer(815301076,1909f56bfc062723c751e8b465ee728b)
Start importing Assets/Synty/PolygonShops/Prefabs/Props/SM_Prop_Hunting_Fishing_Rod_Rack_Wood_Preset_02.prefab using Guid(e8844cde9651b6143b183e9de50fe984) Importer(815301076,1909f56bfc062723c751e8b465ee728b) (PreviewImporter) -> (artifact id: '88be12da3fdc38186f4782d2d83548ea') in 0.0173659 seconds
Number of updated asset objects reloaded before import = 0Number of asset objects unloaded after import = 17

========================================================================
Received Import Request.
  Time since last request: 0.010792 seconds.
  path: Assets/Synty/PolygonShops/Models/Collision/Convex/SM_Prop_Hunting_Fishing_Rod_Rack_Wood_Preset_02_Convex.asset
  artifactKey: Guid(a2fdb725877fd314492aede02294698a) Importer(815301076,1909f56bfc062723c751e8b465ee728b)
Start importing Assets/Synty/PolygonShops/Models/Collision/Convex/SM_Prop_Hunting_Fishing_Rod_Rack_Wood_Preset_02_Convex.asset using Guid(a2fdb725877fd314492aede02294698a) Importer(815301076,1909f56bfc062723c751e8b465ee728b) (PreviewImporter) -> (artifact id: 'c9e160d1cdc56507945e2cc15f61ca23') in 0.0111933 seconds
Number of updated asset objects reloaded before import = 0Number of asset objects unloaded after import = 2

========================================================================
Received Import Request.
  Time since last request: 0.317483 seconds.
  path: Assets/Synty/PolygonShops/Prefabs/Props/SM_Prop_Kitchen_WoodenSpoon_01.prefab
  artifactKey: Guid(f4ba46f80ce20df45a6de7637a0d4972) Importer(815301076,1909f56bfc062723c751e8b465ee728b)
Start importing Assets/Synty/PolygonShops/Prefabs/Props/SM_Prop_Kitchen_WoodenSpoon_01.prefab using Guid(f4ba46f80ce20df45a6de7637a0d4972) Importer(815301076,1909f56bfc062723c751e8b465ee728b) (PreviewImporter) -> (artifact id: '3888d2e49efc810b8f0dc81dd5e34255') in 0.0164495 seconds
Number of updated asset objects reloaded before import = 0Number of asset objects unloaded after import = 17

========================================================================
Received Import Request.
  Time since last request: 0.000024 seconds.
  path: Assets/Synty/PolygonShops/Models/Collision/Convex/SM_Prop_Kitchen_WoodenSpoon_01_Convex.asset
  artifactKey: Guid(caba18154b5720640ba2a58a6f7b217d) Importer(815301076,1909f56bfc062723c751e8b465ee728b)
Start importing Assets/Synty/PolygonShops/Models/Collision/Convex/SM_Prop_Kitchen_WoodenSpoon_01_Convex.asset using Guid(caba18154b5720640ba2a58a6f7b217d) Importer(815301076,1909f56bfc062723c751e8b465ee728b) (PreviewImporter) -> (artifact id: 'b43a05d311eb33de1c1c21aa3bf11c1c') in 0.010298 seconds
Number of updated asset objects reloaded before import = 0Number of asset objects unloaded after import = 2

========================================================================
Received Import Request.
  Time since last request: 0.000018 seconds.
  path: Assets/Synty/PolygonShops/Models/SM_Prop_Planter_Box_Wood_01.fbx
  artifactKey: Guid(45a46f5511b407748b1f79b4a8df53fc) Importer(815301076,1909f56bfc062723c751e8b465ee728b)
Start importing Assets/Synty/PolygonShops/Models/SM_Prop_Planter_Box_Wood_01.fbx using Guid(45a46f5511b407748b1f79b4a8df53fc) Importer(815301076,1909f56bfc062723c751e8b465ee728b) (PreviewImporter) -> (artifact id: 'bf4b53ae1c1831825e8d40b63ad2f077') in 0.0134133 seconds
Number of updated asset objects reloaded before import = 0Number of asset objects unloaded after import = 7

========================================================================
Received Import Request.
  Time since last request: 0.301351 seconds.
  path: Assets/Synty/PolygonShops/Models/Collision/Convex/SM_Prop_Planter_Box_Wood_01_Convex.asset
  artifactKey: Guid(54de800b4331ae14b944b2fac22a0af0) Importer(815301076,1909f56bfc062723c751e8b465ee728b)
Start importing Assets/Synty/PolygonShops/Models/Collision/Convex/SM_Prop_Planter_Box_Wood_01_Convex.asset using Guid(54de800b4331ae14b944b2fac22a0af0) Importer(815301076,1909f56bfc062723c751e8b465ee728b) (PreviewImporter) -> (artifact id: '5367350d1bedebafbe31ead26ee10601') in 0.0107378 seconds
Number of updated asset objects reloaded before import = 0Number of asset objects unloaded after import = 2

========================================================================
Received Import Request.
  Time since last request: 0.000018 seconds.
  path: Assets/Synty/PolygonShops/Prefabs/Props/SM_Prop_Planter_Box_Wood_02.prefab
  artifactKey: Guid(d004e92dfd75e114bbd1873595cd95ac) Importer(815301076,1909f56bfc062723c751e8b465ee728b)
Start importing Assets/Synty/PolygonShops/Prefabs/Props/SM_Prop_Planter_Box_Wood_02.prefab using Guid(d004e92dfd75e114bbd1873595cd95ac) Importer(815301076,1909f56bfc062723c751e8b465ee728b) (PreviewImporter) -> (artifact id: 'df652219b6a49846d5e3902e5fdaca4c') in 0.0170056 seconds
Number of updated asset objects reloaded before import = 0Number of asset objects unloaded after import = 16

========================================================================
Received Import Request.
  Time since last request: 0.000022 seconds.
  path: Assets/Synty/PolygonShops/Models/Collision/Convex/SM_Prop_Planter_Box_Wood_02_Convex.asset
  artifactKey: Guid(95cda3bbefdf5b742a01f6774736e6c5) Importer(815301076,1909f56bfc062723c751e8b465ee728b)
Start importing Assets/Synty/PolygonShops/Models/Collision/Convex/SM_Prop_Planter_Box_Wood_02_Convex.asset using Guid(95cda3bbefdf5b742a01f6774736e6c5) Importer(815301076,1909f56bfc062723c751e8b465ee728b) (PreviewImporter) -> (artifact id: '5f0aa46badbe477d010991941e45faa9') in 0.0111186 seconds
Number of updated asset objects reloaded before import = 0Number of asset objects unloaded after import = 2

========================================================================
Received Import Request.
  Time since last request: 0.370715 seconds.
  path: Assets/Synty/PolygonApocalypse/Prefabs/Props/SM_Prop_Scaffold_Wood_01.prefab
  artifactKey: Guid(15b39e4ce0e5bc649b433a9a5283e02e) Importer(815301076,1909f56bfc062723c751e8b465ee728b)
Start importing Assets/Synty/PolygonApocalypse/Prefabs/Props/SM_Prop_Scaffold_Wood_01.prefab using Guid(15b39e4ce0e5bc649b433a9a5283e02e) Importer(815301076,1909f56bfc062723c751e8b465ee728b) (PreviewImporter) -> (artifact id: 'f218c0d3db9283f19de15b302248b9b8') in 0.0246287 seconds
Number of updated asset objects reloaded before import = 0Number of asset objects unloaded after import = 18

========================================================================
Received Import Request.
  Time since last request: 0.000032 seconds.
  path: Assets/Synty/PolygonApocalypse/Models/SM_Prop_Wood_Pole_01.fbx
  artifactKey: Guid(7eee6b81ff82d4342af3ebe8bac0893f) Importer(815301076,1909f56bfc062723c751e8b465ee728b)
Start importing Assets/Synty/PolygonApocalypse/Models/SM_Prop_Wood_Pole_01.fbx using Guid(7eee6b81ff82d4342af3ebe8bac0893f) Importer(815301076,1909f56bfc062723c751e8b465ee728b) (PreviewImporter) -> (artifact id: '405f9345dc008a651239512dd2a18ab4') in 0.0163777 seconds
Number of updated asset objects reloaded before import = 0Number of asset objects unloaded after import = 7

========================================================================
Received Import Request.
  Time since last request: 0.228013 seconds.
  path: Assets/Synty/PolygonApocalypse/Models/Convex/SM_Prop_Wood_Pole_01_Convex.asset
  artifactKey: Guid(6ef62755ba35d7d489c01a27402762c9) Importer(815301076,1909f56bfc062723c751e8b465ee728b)
Start importing Assets/Synty/PolygonApocalypse/Models/Convex/SM_Prop_Wood_Pole_01_Convex.asset using Guid(6ef62755ba35d7d489c01a27402762c9) Importer(815301076,1909f56bfc062723c751e8b465ee728b) (PreviewImporter) -> (artifact id: '4a3b1d79c032e5f99f5dbe7d9ff18b19') in 0.0162125 seconds
Number of updated asset objects reloaded before import = 0Number of asset objects unloaded after import = 2

========================================================================
Received Import Request.
  Time since last request: 0.000031 seconds.
  path: Assets/Synty/PolygonApocalypse/Prefabs/Props/SM_Prop_Wood_Pole_02.prefab
  artifactKey: Guid(b81ef2eef1905664796fb0294028dcac) Importer(815301076,1909f56bfc062723c751e8b465ee728b)
Start importing Assets/Synty/PolygonApocalypse/Prefabs/Props/SM_Prop_Wood_Pole_02.prefab using Guid(b81ef2eef1905664796fb0294028dcac) Importer(815301076,1909f56bfc062723c751e8b465ee728b) (PreviewImporter) -> (artifact id: '0cec73b4aabab37741f6459023378226') in 0.0252006 seconds
Number of updated asset objects reloaded before import = 0Number of asset objects unloaded after import = 18

========================================================================
Received Import Request.
  Time since last request: 0.389402 seconds.
  path: Assets/Synty/PolygonApocalypse/Models/Convex/SM_Prop_Wood_Pole_02_Convex.asset
  artifactKey: Guid(7efbdbd1d14e8f744877a28f8a814582) Importer(815301076,1909f56bfc062723c751e8b465ee728b)
Start importing Assets/Synty/PolygonApocalypse/Models/Convex/SM_Prop_Wood_Pole_02_Convex.asset using Guid(7efbdbd1d14e8f744877a28f8a814582) Importer(815301076,1909f56bfc062723c751e8b465ee728b) (PreviewImporter) -> (artifact id: 'f68c7a6b3c8654fdcf44801af48cb1ef') in 0.0151271 seconds
Number of updated asset objects reloaded before import = 0Number of asset objects unloaded after import = 2

========================================================================
Received Import Request.
  Time since last request: 0.000020 seconds.
  path: Assets/Synty/PolygonApocalypse/Prefabs/Props/SM_Prop_WoodSheet_01.prefab
  artifactKey: Guid(c448102c269e94f4d95e9a4877b55b09) Importer(815301076,1909f56bfc062723c751e8b465ee728b)
Start importing Assets/Synty/PolygonApocalypse/Prefabs/Props/SM_Prop_WoodSheet_01.prefab using Guid(c448102c269e94f4d95e9a4877b55b09) Importer(815301076,1909f56bfc062723c751e8b465ee728b) (PreviewImporter) -> (artifact id: 'b6e42657865b9d45d97e049d046f6b40') in 0.0249547 seconds
Number of updated asset objects reloaded before import = 0Number of asset objects unloaded after import = 18

========================================================================
Received Import Request.
  Time since last request: 151.548032 seconds.
  path: Assets/Scenes/SampleScene.unity
  artifactKey: Guid(99c9720ab356a0642a771bea13969a05) Importer(2089858483,b0f066a214c2f5e87bad3c948f4d605d)
Start importing Assets/Scenes/SampleScene.unity using Guid(99c9720ab356a0642a771bea13969a05) Importer(2089858483,b0f066a214c2f5e87bad3c948f4d605d) (ScriptedImporter) -> (artifact id: 'dd21f4496d230612201e1b355689bfc2') in 0.0152189 seconds
Number of updated asset objects reloaded before import = 0Number of asset objects unloaded after import = 1

========================================================================
Received Import Request.
  Time since last request: 13.817754 seconds.
  path: Assets/Scenes/SampleScene.unity
  artifactKey: Guid(99c9720ab356a0642a771bea13969a05) Importer(2089858483,b0f066a214c2f5e87bad3c948f4d605d)
Start importing Assets/Scenes/SampleScene.unity using Guid(99c9720ab356a0642a771bea13969a05) Importer(2089858483,b0f066a214c2f5e87bad3c948f4d605d) (ScriptedImporter) -> (artifact id: 'ed910f9f4d4ca3a5d19d8d023e253cc6') in 0.017784 seconds
Number of updated asset objects reloaded before import = 0Number of asset objects unloaded after import = 1

========================================================================
Received Import Request.
  Time since last request: 65.068856 seconds.
  path: Assets/Scenes/SampleScene.unity
  artifactKey: Guid(99c9720ab356a0642a771bea13969a05) Importer(2089858483,b0f066a214c2f5e87bad3c948f4d605d)
Start importing Assets/Scenes/SampleScene.unity using Guid(99c9720ab356a0642a771bea13969a05) Importer(2089858483,b0f066a214c2f5e87bad3c948f4d605d) (ScriptedImporter) -> (artifact id: 'fbb6087551b09f8676826cc14a431e6c') in 0.0168532 seconds
Number of updated asset objects reloaded before import = 0Number of asset objects unloaded after import = 1

========================================================================
Received Import Request.
  Time since last request: 33.982101 seconds.
  path: Assets/Scenes/SampleScene.unity
  artifactKey: Guid(99c9720ab356a0642a771bea13969a05) Importer(2089858483,b0f066a214c2f5e87bad3c948f4d605d)
Start importing Assets/Scenes/SampleScene.unity using Guid(99c9720ab356a0642a771bea13969a05) Importer(2089858483,b0f066a214c2f5e87bad3c948f4d605d) (ScriptedImporter) -> (artifact id: '75d7bf8f06246866217c07d9567586d4') in 0.0176163 seconds
Number of updated asset objects reloaded before import = 0Number of asset objects unloaded after import = 1

========================================================================
Received Import Request.
  Time since last request: 6.197188 seconds.
  path: Assets/Scenes/SampleScene.unity
  artifactKey: Guid(99c9720ab356a0642a771bea13969a05) Importer(2089858483,b0f066a214c2f5e87bad3c948f4d605d)
Start importing Assets/Scenes/SampleScene.unity using Guid(99c9720ab356a0642a771bea13969a05) Importer(2089858483,b0f066a214c2f5e87bad3c948f4d605d) (ScriptedImporter) -> (artifact id: '7cc2ab89c1ef548c5aecec20b521edad') in 0.0166337 seconds
Number of updated asset objects reloaded before import = 0Number of asset objects unloaded after import = 1

========================================================================
Received Import Request.
  Time since last request: 724.774051 seconds.
  path: Assets/Scenes/SampleScene.unity
  artifactKey: Guid(99c9720ab356a0642a771bea13969a05) Importer(2089858483,b0f066a214c2f5e87bad3c948f4d605d)
Start importing Assets/Scenes/SampleScene.unity using Guid(99c9720ab356a0642a771bea13969a05) Importer(2089858483,b0f066a214c2f5e87bad3c948f4d605d) (ScriptedImporter) -> (artifact id: '7c282529b7db24083c867674f60adebd') in 0.0159933 seconds
Number of updated asset objects reloaded before import = 0Number of asset objects unloaded after import = 1

========================================================================
Received Import Request.
  Time since last request: 307.176621 seconds.
  path: Assets/Synty/PolygonApocalypse/Prefabs/Characters/SM_Chr_Mechanic_Female_01.prefab
  artifactKey: Guid(027cd57972e60824ca74f44e0d80ea9a) Importer(815301076,1909f56bfc062723c751e8b465ee728b)
Start importing Assets/Synty/PolygonApocalypse/Prefabs/Characters/SM_Chr_Mechanic_Female_01.prefab using Guid(027cd57972e60824ca74f44e0d80ea9a) Importer(815301076,1909f56bfc062723c751e8b465ee728b) (PreviewImporter) -> (artifact id: '8c425f0bc693c345bbc02a146e6d4c59') in 0.1082667 seconds
Number of updated asset objects reloaded before import = 0Number of asset objects unloaded after import = 255

========================================================================
Received Import Request.
  Time since last request: 0.000034 seconds.
  path: Assets/Synty/PolygonApocalypse/Prefabs/Characters/SM_Chr_Punk_Female_01.prefab
  artifactKey: Guid(20d863b9f1bb8464f96d58e9319f7088) Importer(815301076,1909f56bfc062723c751e8b465ee728b)
Start importing Assets/Synty/PolygonApocalypse/Prefabs/Characters/SM_Chr_Punk_Female_01.prefab using Guid(20d863b9f1bb8464f96d58e9319f7088) Importer(815301076,1909f56bfc062723c751e8b465ee728b) (PreviewImporter) -> (artifact id: '6f0cc8d0f652a1ce521f627258865f76') in 0.0784231 seconds
Number of updated asset objects reloaded before import = 0Number of asset objects unloaded after import = 247

========================================================================
Received Import Request.
  Time since last request: 0.000040 seconds.
  path: Assets/Synty/PolygonApocalypse/Prefabs/Characters/SM_Chr_Nun_Female_01.prefab
  artifactKey: Guid(1099c32bb8860d34e9d77177fdc8ddf6) Importer(815301076,1909f56bfc062723c751e8b465ee728b)
Start importing Assets/Synty/PolygonApocalypse/Prefabs/Characters/SM_Chr_Nun_Female_01.prefab using Guid(1099c32bb8860d34e9d77177fdc8ddf6) Importer(815301076,1909f56bfc062723c751e8b465ee728b) (PreviewImporter) -> (artifact id: '85a3fa5c3abdc4131a830ecfd0b2c0b7') in 0.0657317 seconds
Number of updated asset objects reloaded before import = 0Number of asset objects unloaded after import = 242

========================================================================
Received Import Request.
  Time since last request: 0.000031 seconds.
  path: Assets/Synty/PolygonApocalypse/Prefabs/Characters/SM_Chr_RiotCop_Male_01.prefab
  artifactKey: Guid(040c180181105224d8d03746446e080a) Importer(815301076,1909f56bfc062723c751e8b465ee728b)
Start importing Assets/Synty/PolygonApocalypse/Prefabs/Characters/SM_Chr_RiotCop_Male_01.prefab using Guid(040c180181105224d8d03746446e080a) Importer(815301076,1909f56bfc062723c751e8b465ee728b) (PreviewImporter) -> (artifact id: '154ef49c88ce633f55c459f847a3cbb3') in 0.1036166 seconds
Number of updated asset objects reloaded before import = 0Number of asset objects unloaded after import = 282

Editor requested this worker to shutdown with reason: Scaling down because of idle timeout
AssetImportWorkerClient::OnTransportError - code=2 error=End of file
AssetImportWorker is now disconnected from the server
Process exiting
Exiting without the bug reporter. Application will terminate with return code 0